{"type":"FeatureCollection","features":[{"type":"Feature","properties":{"province":"AmnatCharoen","district":"Chanuman","hasc":"TH.AC.CH"},"geometry":{"type":"MultiPolygon","coordinates":[[[[105.0409,16.1162],[105.0486,16.1009],[105.0628,16.0955],[105.0429,16.0907],[105.0058,16.0139],[104.9669,16.0314],[104.9446,16.0288],[104.9341,16.0227],[104.9378,16.0114],[104.8915,15.9985],[104.8614,16.0059],[104.8091,15.9747],[104.8098,16.0027],[104.8014,16.0197],[104.8121,16.0261],[104.8098,16.0424],[104.8207,16.0516],[104.8224,16.0663],[104.8444,16.0741],[104.8177,16.0989],[104.8266,16.1537],[104.8079,16.16],[104.7933,16.1547],[104.7697,16.1931],[104.7926,16.1973],[104.8167,16.1832],[104.8311,16.2019],[104.857,16.199],[104.8813,16.2083],[104.8881,16.2331],[104.9152,16.2531],[104.9336,16.2517],[104.949,16.2605],[104.9621,16.2722],[104.9617,16.2825],[104.9816,16.2777],[105.0187,16.2393],[105.0136,16.1926],[105.0409,16.1162]]]]}},{"type":"Feature","properties":{"province":"AmnatCharoen","district":"HuaTaphan","hasc":"TH.AC.HU"},"geometry":{"type":"MultiPolygon","coordinates":[[[[104.5872,15.606],[104.5792,15.5968],[104.5883,15.5654],[104.5573,15.5547],[104.5495,15.5406],[104.5287,15.5567],[104.5135,15.5585],[104.5067,15.585],[104.494,15.5848],[104.4914,15.5927],[104.485,15.5834],[104.4655,15.5863],[104.4665,15.6263],[104.4418,15.6167],[104.4499,15.6342],[104.4405,15.6472],[104.4486,15.654],[104.4388,15.6655],[104.4481,15.6697],[104.439,15.6852],[104.4437,15.6983],[104.422,15.6961],[104.4333,15.7365],[104.4211,15.7458],[104.4361,15.7515],[104.4278,15.7704],[104.4323,15.7779],[104.4683,15.7866],[104.5026,15.7822],[104.5204,15.7735],[104.5355,15.7539],[104.5688,15.7697],[104.5807,15.7862],[104.6062,15.7858],[104.6092,15.7666],[104.5927,15.737],[104.6034,15.7263],[104.601,15.7137],[104.6102,15.6953],[104.6226,15.6853],[104.6038,15.6712],[104.6142,15.6617],[104.6318,15.6615],[104.6403,15.6454],[104.6194,15.6395],[104.6166,15.6184],[104.5872,15.606]]]]}},{"type":"Feature","properties":{"province":"AmnatCharoen","district":"LuAmnat","hasc":"TH.AC.LU"},"geometry":{"type":"MultiPolygon","coordinates":[[[[104.7934,15.6991],[104.8166,15.6537],[104.8052,15.5917],[104.7918,15.5985],[104.7896,15.6191],[104.7485,15.6407],[104.7446,15.6564],[104.7315,15.6459],[104.7229,15.6559],[104.6961,15.6574],[104.6872,15.6687],[104.6501,15.6759],[104.6384,15.6871],[104.6226,15.6853],[104.6013,15.7126],[104.6036,15.7258],[104.5933,15.7455],[104.6174,15.7746],[104.6662,15.7871],[104.694,15.7839],[104.7028,15.7685],[104.7195,15.7597],[104.7247,15.7778],[104.7645,15.7746],[104.7696,15.7174],[104.7869,15.7177],[104.7934,15.6991]]]]}},{"type":"Feature","properties":{"province":"AmnatCharoen","district":"MuangAmnatCharoen","hasc":"TH.AC.AM"},"geometry":{"type":"MultiPolygon","coordinates":[[[[104.7857,15.7177],[104.7696,15.7174],[104.7733,15.731],[104.7615,15.7558],[104.7638,15.7747],[104.7247,15.7778],[104.7195,15.7597],[104.7028,15.7685],[104.694,15.7839],[104.6704,15.7876],[104.6427,15.776],[104.6253,15.778],[104.6092,15.7666],[104.606,15.7859],[104.5823,15.7865],[104.5686,15.7696],[104.5355,15.7539],[104.5204,15.7735],[104.5026,15.7822],[104.4683,15.7866],[104.4337,15.7794],[104.4423,15.8046],[104.4374,15.8118],[104.4627,15.842],[104.4502,15.866],[104.4591,15.8736],[104.4563,15.8995],[104.4695,15.9011],[104.471,15.9164],[104.5056,15.9488],[104.5067,15.9806],[104.5217,15.9831],[104.5327,16.0028],[104.5595,16.0004],[104.5721,16.0137],[104.6233,15.9974],[104.7128,16.0131],[104.7445,16.0095],[104.7668,15.9713],[104.8091,15.9747],[104.7837,15.9227],[104.8166,15.902],[104.8178,15.8821],[104.8018,15.8697],[104.802,15.855],[104.8129,15.8558],[104.8208,15.8375],[104.8166,15.8191],[104.8394,15.8192],[104.8415,15.8127],[104.797,15.7667],[104.7857,15.7177]]]]}},{"type":"Feature","properties":{"province":"AmnatCharoen","district":"PathumRatwongsa","hasc":"TH.AC.PA"},"geometry":{"type":"MultiPolygon","coordinates":[[[[104.8193,15.7836],[104.8412,15.8147],[104.8163,15.8196],[104.821,15.837],[104.8129,15.8558],[104.8021,15.8548],[104.8014,15.867],[104.8178,15.8818],[104.8166,15.902],[104.7836,15.9232],[104.8095,15.9754],[104.8614,16.0059],[104.8915,15.9985],[104.9378,16.0114],[104.9341,16.0227],[104.9446,16.0288],[104.9669,16.0314],[105.0058,16.0139],[105.0116,15.9633],[104.9765,15.9279],[104.9743,15.9121],[104.9921,15.9096],[104.9657,15.8586],[104.961,15.7862],[104.8824,15.7525],[104.8475,15.7543],[104.8193,15.7836]]]]}},{"type":"Feature","properties":{"province":"AmnatCharoen","district":"Phana","hasc":"TH.AC.PH"},"geometry":{"type":"MultiPolygon","coordinates":[[[[104.8097,15.6015],[104.8049,15.6083],[104.8159,15.6233],[104.8091,15.6363],[104.8166,15.6537],[104.7867,15.7196],[104.797,15.7667],[104.8233,15.7833],[104.8475,15.7543],[104.9098,15.7589],[104.9089,15.7255],[104.8935,15.6873],[104.8971,15.6523],[104.9354,15.6371],[104.929,15.6012],[104.9104,15.5947],[104.888,15.5726],[104.8977,15.5618],[104.8817,15.5354],[104.867,15.5474],[104.8676,15.5595],[104.8792,15.5609],[104.8643,15.5778],[104.8495,15.5723],[104.8476,15.5817],[104.8389,15.5792],[104.8401,15.5897],[104.8263,15.5834],[104.8141,15.6041],[104.8097,15.6015]]]]}},{"type":"Feature","properties":{"province":"AmnatCharoen","district":"Senangkhanikhom","hasc":"TH.AC.SE"},"geometry":{"type":"MultiPolygon","coordinates":[[[[104.832,16.0853],[104.8443,16.0738],[104.8277,16.0714],[104.81,16.0429],[104.8121,16.0261],[104.8012,16.0186],[104.8098,16.003],[104.8091,15.9747],[104.7921,15.9713],[104.7654,15.9721],[104.7432,16.01],[104.689,16.0109],[104.6233,15.9974],[104.5724,16.0138],[104.56,16.0006],[104.5436,15.9975],[104.5259,16.0076],[104.5181,16.0233],[104.5329,16.0363],[104.5637,16.0965],[104.6043,16.1033],[104.6265,16.1215],[104.6665,16.1207],[104.7434,16.0972],[104.7652,16.0966],[104.7871,16.1084],[104.832,16.0853]]]]}},{"type":"Feature","properties":{"province":"AngThong","district":"Chaiyo","hasc":"TH.AT.CH"},"geometry":{"type":"MultiPolygon","coordinates":[[[[100.5025,14.6458],[100.5041,14.6288],[100.4974,14.6227],[100.4397,14.6264],[100.4445,14.6587],[100.4306,14.6765],[100.4354,14.6953],[100.425,14.7105],[100.4251,14.7261],[100.4638,14.7207],[100.478,14.7015],[100.4965,14.6972],[100.5043,14.68],[100.5167,14.6797],[100.4995,14.6562],[100.5025,14.6458]]]]}},{"type":"Feature","properties":{"province":"AngThong","district":"MuangAngThong","hasc":"TH.AT.AN"},"geometry":{"type":"MultiPolygon","coordinates":[[[[100.4607,14.5226],[100.4411,14.5198],[100.4236,14.5428],[100.398,14.5408],[100.3841,14.5569],[100.4038,14.5946],[100.394,14.608],[100.4107,14.6283],[100.5011,14.6224],[100.4926,14.6077],[100.493,14.5794],[100.4793,14.5644],[100.4921,14.5497],[100.4918,14.5356],[100.4718,14.5356],[100.4607,14.5226]]]]}},{"type":"Feature","properties":{"province":"AngThong","district":"PaMok","hasc":"TH.AT.PA"},"geometry":{"type":"MultiPolygon","coordinates":[[[[100.4626,14.5245],[100.4766,14.5366],[100.4918,14.5356],[100.4981,14.5255],[100.4924,14.5117],[100.5014,14.5012],[100.5009,14.4591],[100.4613,14.4377],[100.4431,14.4362],[100.438,14.446],[100.4189,14.4432],[100.4192,14.4787],[100.4091,14.514],[100.4277,14.5326],[100.4437,14.5188],[100.4626,14.5245]]]]}},{"type":"Feature","properties":{"province":"AngThong","district":"PhoThong","hasc":"TH.AT.PH"},"geometry":{"type":"MultiPolygon","coordinates":[[[[100.3982,14.6116],[100.3921,14.6012],[100.3616,14.6164],[100.363,14.636],[100.3437,14.6438],[100.3141,14.6431],[100.316,14.6177],[100.2791,14.6416],[100.2316,14.6504],[100.2099,14.6801],[100.217,14.7146],[100.2397,14.6962],[100.2667,14.6955],[100.2657,14.7088],[100.2939,14.6922],[100.3187,14.7094],[100.3762,14.7186],[100.3821,14.7412],[100.4081,14.7543],[100.4263,14.7503],[100.4175,14.7474],[100.4162,14.7264],[100.4251,14.7261],[100.425,14.7105],[100.4354,14.6953],[100.4306,14.6765],[100.4439,14.6617],[100.4444,14.6344],[100.4397,14.6264],[100.4107,14.6283],[100.3982,14.6116]]]]}},{"type":"Feature","properties":{"province":"AngThong","district":"Samko","hasc":"TH.AT.SA"},"geometry":{"type":"MultiPolygon","coordinates":[[[[100.2358,14.5685],[100.2188,14.5677],[100.1955,14.6057],[100.2316,14.6504],[100.2791,14.6416],[100.316,14.6177],[100.313,14.6],[100.2963,14.6033],[100.295,14.5822],[100.2601,14.5419],[100.2381,14.5406],[100.2444,14.569],[100.2358,14.5685]]]]}},{"type":"Feature","properties":{"province":"AngThong","district":"Sawaengha","hasc":"TH.AT.SH"},"geometry":{"type":"MultiPolygon","coordinates":[[[[100.3105,14.6988],[100.2939,14.6922],[100.2657,14.7088],[100.2667,14.6955],[100.2356,14.6984],[100.217,14.7146],[100.2068,14.7401],[100.2114,14.7765],[100.2469,14.797],[100.2746,14.7969],[100.295,14.7807],[100.3139,14.7874],[100.3131,14.7965],[100.3324,14.7994],[100.3438,14.785],[100.3437,14.768],[100.3547,14.7587],[100.3702,14.7632],[100.3766,14.7561],[100.3815,14.7255],[100.3762,14.7186],[100.3154,14.7083],[100.3105,14.6988]]]]}},{"type":"Feature","properties":{"province":"AngThong","district":"WisetChaiChan","hasc":"TH.AT.WI"},"geometry":{"type":"MultiPolygon","coordinates":[[[[100.2572,14.4853],[100.2388,14.4827],[100.2265,14.5065],[100.2076,14.5218],[100.2092,14.5383],[100.1983,14.5652],[100.2112,14.5778],[100.2188,14.5677],[100.2444,14.569],[100.2361,14.5433],[100.2508,14.5378],[100.2814,14.5625],[100.283,14.5753],[100.295,14.5822],[100.2963,14.6033],[100.313,14.6],[100.3141,14.6431],[100.3399,14.6445],[100.363,14.636],[100.3616,14.6164],[100.4038,14.5946],[100.3841,14.5569],[100.3959,14.5418],[100.4236,14.5428],[100.4277,14.5326],[100.4036,14.5057],[100.3869,14.5075],[100.3216,14.4877],[100.2872,14.4964],[100.2791,14.4858],[100.2572,14.4853]]]]}},{"type":"Feature","properties":{"province":"BangkokMetropolis","district":"BangBon","hasc":"TH.BM.BO"},"geometry":{"type":"MultiPolygon","coordinates":[[[[100.3823,13.6759],[100.391,13.6718],[100.4359,13.6965],[100.4453,13.6853],[100.374,13.6236],[100.3563,13.6393],[100.3393,13.6421],[100.3423,13.6591],[100.3823,13.6759]]]]}},{"type":"Feature","properties":{"province":"BangkokMetropolis","district":"BangKapi","hasc":"TH.BM.KP"},"geometry":{"type":"MultiPolygon","coordinates":[[[[100.623,13.8205],[100.6295,13.8224],[100.6417,13.7898],[100.6547,13.7739],[100.6638,13.7787],[100.6688,13.7595],[100.678,13.7555],[100.6625,13.7435],[100.6348,13.7537],[100.5989,13.7514],[100.6134,13.7644],[100.6287,13.7662],[100.6277,13.7915],[100.6222,13.8029],[100.6126,13.8025],[100.623,13.8205]]]]}},{"type":"Feature","properties":{"province":"BangkokMetropolis","district":"BangKhae","hasc":"TH.BM.KA"},"geometry":{"type":"MultiPolygon","coordinates":[[[[100.4262,13.6905],[100.3858,13.6719],[100.3497,13.7554],[100.4116,13.7512],[100.417,13.7352],[100.4229,13.7359],[100.4262,13.6905]]]]}},{"type":"Feature","properties":{"province":"BangkokMetropolis","district":"BangKhen","hasc":"TH.BM.KE"},"geometry":{"type":"MultiPolygon","coordinates":[[[[100.6481,13.849],[100.6061,13.8525],[100.5885,13.8466],[100.5869,13.883],[100.6099,13.9024],[100.607,13.8912],[100.6214,13.8859],[100.6525,13.8892],[100.6606,13.8817],[100.6806,13.8824],[100.6814,13.8635],[100.6481,13.849]]]]}},{"type":"Feature","properties":{"province":"BangkokMetropolis","district":"BangKhoLaem","hasc":"TH.BM.KL"},"geometry":{"type":"MultiPolygon","coordinates":[[[[100.497,13.7085],[100.5067,13.7156],[100.531,13.7022],[100.5163,13.6868],[100.4907,13.6943],[100.497,13.7085]]]]}},{"type":"Feature","properties":{"province":"BangkokMetropolis","district":"BangNa","hasc":"TH.BM.NA"},"geometry":{"type":"MultiPolygon","coordinates":[[[[100.5905,13.686],[100.6311,13.6895],[100.6447,13.6729],[100.6566,13.6705],[100.6492,13.6513],[100.5811,13.6672],[100.5905,13.686]]]]}},{"type":"Feature","properties":{"province":"BangkokMetropolis","district":"BangPlad","hasc":"TH.BM.PH"},"geometry":{"type":"MultiPolygon","coordinates":[[[[100.5161,13.8114],[100.4892,13.7645],[100.4639,13.7891],[100.467,13.7954],[100.4715,13.7883],[100.5019,13.7995],[100.5161,13.8114]]]]}},{"type":"Feature","properties":{"province":"BangkokMetropolis","district":"BangRak","hasc":"TH.BM.RA"},"geometry":{"type":"MultiPolygon","coordinates":[[[[100.5107,13.7223],[100.5149,13.7414],[100.5434,13.7295],[100.5107,13.7223]]]]}},{"type":"Feature","properties":{"province":"BangkokMetropolis","district":"BangSu","hasc":"TH.BM.SU"},"geometry":{"type":"MultiPolygon","coordinates":[[[[100.5153,13.8029],[100.5103,13.824],[100.5412,13.8471],[100.5359,13.8245],[100.5431,13.8176],[100.5361,13.7998],[100.5153,13.8029]]]]}},{"type":"Feature","properties":{"province":"BangkokMetropolis","district":"Bangkhuntien","hasc":"TH.BM.KT"},"geometry":{"type":"MultiPolygon","coordinates":[[[[100.374,13.6236],[100.4453,13.6853],[100.4529,13.6739],[100.4486,13.6615],[100.4706,13.6566],[100.4784,13.6017],[100.4708,13.5927],[100.468,13.6028],[100.4555,13.6043],[100.4477,13.5847],[100.4531,13.5014],[100.4058,13.4956],[100.4052,13.5108],[100.4209,13.5439],[100.4185,13.5596],[100.394,13.5582],[100.3851,13.5877],[100.377,13.585],[100.3822,13.59],[100.374,13.6236]]]]}},{"type":"Feature","properties":{"province":"BangkokMetropolis","district":"BangkokNoi","hasc":"TH.BM.BN"},"geometry":{"type":"MultiPolygon","coordinates":[[[[100.4639,13.7891],[100.4892,13.7645],[100.4862,13.7513],[100.4603,13.7476],[100.4513,13.7706],[100.4651,13.7817],[100.4639,13.7891]]]]}},{"type":"Feature","properties":{"province":"BangkokMetropolis","district":"BangkokYai","hasc":"TH.BM.BY"},"geometry":{"type":"MultiPolygon","coordinates":[[[[100.4603,13.7476],[100.4862,13.7513],[100.4902,13.7455],[100.4827,13.728],[100.4726,13.7253],[100.4629,13.7318],[100.4603,13.7476]]]]}},{"type":"Feature","properties":{"province":"BangkokMetropolis","district":"BungKum","hasc":"TH.BM.BK"},"geometry":{"type":"MultiPolygon","coordinates":[[[[100.6638,13.7787],[100.6547,13.7739],[100.6295,13.8224],[100.623,13.8205],[100.6379,13.8487],[100.6481,13.849],[100.648,13.8368],[100.661,13.8336],[100.6753,13.7895],[100.6638,13.7787]]]]}},{"type":"Feature","properties":{"province":"BangkokMetropolis","district":"Chatuchak","hasc":"TH.BM.CH"},"geometry":{"type":"MultiPolygon","coordinates":[[[[100.5851,13.8622],[100.5871,13.8053],[100.5646,13.7971],[100.5361,13.7998],[100.5462,13.8539],[100.5851,13.8622]]]]}},{"type":"Feature","properties":{"province":"BangkokMetropolis","district":"ChomThong","hasc":"TH.BM.CT"},"geometry":{"type":"MultiPolygon","coordinates":[[[[100.4453,13.6853],[100.4329,13.7014],[100.4355,13.7109],[100.4512,13.7071],[100.4624,13.7205],[100.4746,13.7145],[100.4873,13.6881],[100.4695,13.6562],[100.4486,13.6615],[100.4529,13.6739],[100.4453,13.6853]]]]}},{"type":"Feature","properties":{"province":"BangkokMetropolis","district":"DinDang","hasc":"TH.BM.DI"},"geometry":{"type":"MultiPolygon","coordinates":[[[[100.5602,13.7974],[100.5735,13.8035],[100.5719,13.7738],[100.5633,13.7583],[100.5513,13.7591],[100.5421,13.7659],[100.5602,13.7974]]]]}},{"type":"Feature","properties":{"province":"BangkokMetropolis","district":"DonMuang","hasc":"TH.BM.DO"},"geometry":{"type":"MultiPolygon","coordinates":[[[[100.6099,13.9024],[100.5937,13.8904],[100.5815,13.8933],[100.5862,13.9017],[100.5607,13.9153],[100.5651,13.9487],[100.5755,13.9534],[100.6052,13.9438],[100.6106,13.9543],[100.6264,13.948],[100.6255,13.9287],[100.6099,13.9024]]]]}},{"type":"Feature","properties":{"province":"BangkokMetropolis","district":"Dusit","hasc":"TH.BM.DU"},"geometry":{"type":"MultiPolygon","coordinates":[[[[100.4968,13.7751],[100.5153,13.8029],[100.5361,13.7998],[100.5181,13.7557],[100.4968,13.7751]]]]}},{"type":"Feature","properties":{"province":"BangkokMetropolis","district":"HuaiKwang","hasc":"TH.BM.HU"},"geometry":{"type":"MultiPolygon","coordinates":[[[[100.6021,13.7546],[100.596,13.7447],[100.5617,13.7512],[100.5735,13.8035],[100.5871,13.8053],[100.5932,13.7652],[100.6021,13.7546]]]]}},{"type":"Feature","properties":{"province":"BangkokMetropolis","district":"KhanNaYao","hasc":"TH.BM.KY"},"geometry":{"type":"MultiPolygon","coordinates":[[[[100.6481,13.849],[100.6744,13.8594],[100.67,13.8555],[100.685,13.848],[100.7036,13.8003],[100.6702,13.7826],[100.6753,13.7895],[100.661,13.8336],[100.648,13.8368],[100.6481,13.849]]]]}},{"type":"Feature","properties":{"province":"BangkokMetropolis","district":"KhlongSamWa","hasc":"TH.BM.KW"},"geometry":{"type":"MultiPolygon","coordinates":[[[[100.6744,13.8594],[100.6915,13.8892],[100.6827,13.9144],[100.6867,13.9225],[100.7526,13.9169],[100.7926,13.9299],[100.7982,13.8957],[100.7874,13.8818],[100.7987,13.8523],[100.7481,13.825],[100.7429,13.8379],[100.7336,13.8435],[100.7215,13.8347],[100.7194,13.8424],[100.7115,13.8252],[100.6959,13.8186],[100.6832,13.8508],[100.67,13.8555],[100.6744,13.8594]]]]}},{"type":"Feature","properties":{"province":"BangkokMetropolis","district":"KhlongSan","hasc":"TH.BM.KS"},"geometry":{"type":"MultiPolygon","coordinates":[[[[100.5067,13.7156],[100.497,13.7085],[100.4916,13.7161],[100.4966,13.7425],[100.5105,13.7349],[100.5067,13.7156]]]]}},{"type":"Feature","properties":{"province":"BangkokMetropolis","district":"KhlongToey","hasc":"TH.BM.KH"},"geometry":{"type":"MultiPolygon","coordinates":[[[[100.5518,13.7259],[100.5494,13.7462],[100.6003,13.7083],[100.5826,13.6974],[100.5564,13.7048],[100.5518,13.7259]]]]}},{"type":"Feature","properties":{"province":"BangkokMetropolis","district":"LakSi","hasc":"TH.BM.LS"},"geometry":{"type":"MultiPolygon","coordinates":[[[[100.5937,13.8904],[100.5851,13.8622],[100.5462,13.8539],[100.5607,13.9153],[100.5862,13.9017],[100.5815,13.8933],[100.5937,13.8904]]]]}},{"type":"Feature","properties":{"province":"BangkokMetropolis","district":"LatKrabang","hasc":"TH.BM.LK"},"geometry":{"type":"MultiPolygon","coordinates":[[[[100.715,13.7811],[100.7447,13.7771],[100.7836,13.7855],[100.7822,13.8021],[100.7878,13.8038],[100.7932,13.7877],[100.8141,13.788],[100.8304,13.7708],[100.8591,13.7742],[100.8726,13.744],[100.8814,13.7401],[100.856,13.6994],[100.8602,13.6884],[100.7894,13.7153],[100.7112,13.717],[100.7052,13.7601],[100.715,13.7811]]]]}},{"type":"Feature","properties":{"province":"BangkokMetropolis","district":"LatPhrao","hasc":"TH.BM.LP"},"geometry":{"type":"MultiPolygon","coordinates":[[[[100.623,13.8205],[100.6099,13.7976],[100.5871,13.8053],[100.5885,13.8466],[100.6061,13.8525],[100.6363,13.8478],[100.623,13.8205]]]]}},{"type":"Feature","properties":{"province":"BangkokMetropolis","district":"MinBuri","hasc":"TH.BM.MI"},"geometry":{"type":"MultiPolygon","coordinates":[[[[100.7036,13.8003],[100.6959,13.8186],[100.7115,13.8252],[100.7194,13.8424],[100.7215,13.8347],[100.7336,13.8435],[100.7429,13.8379],[100.7481,13.825],[100.8086,13.8569],[100.8005,13.8217],[100.8072,13.8119],[100.7943,13.7978],[100.7823,13.8023],[100.7839,13.7856],[100.7232,13.7793],[100.7036,13.8003]]]]}},{"type":"Feature","properties":{"province":"BangkokMetropolis","district":"NongChok","hasc":"TH.BM.NC"},"geometry":{"type":"MultiPolygon","coordinates":[[[[100.7993,13.8526],[100.7874,13.8818],[100.7982,13.8957],[100.7926,13.9299],[100.9151,13.9443],[100.9074,13.8598],[100.9035,13.8481],[100.8933,13.8495],[100.9391,13.8134],[100.9106,13.7891],[100.8814,13.7401],[100.8726,13.744],[100.8591,13.7742],[100.8304,13.7708],[100.8141,13.788],[100.7932,13.7877],[100.8072,13.8119],[100.8005,13.8217],[100.8086,13.8569],[100.7993,13.8526]]]]}},{"type":"Feature","properties":{"province":"BangkokMetropolis","district":"Nongkheam","hasc":"TH.BM.NK"},"geometry":{"type":"MultiPolygon","coordinates":[[[[100.3823,13.6759],[100.3423,13.6591],[100.3316,13.6956],[100.3327,13.7395],[100.3567,13.7411],[100.3823,13.6759]]]]}},{"type":"Feature","properties":{"province":"BangkokMetropolis","district":"PathumWan","hasc":"TH.BM.PA"},"geometry":{"type":"MultiPolygon","coordinates":[[[[100.5434,13.7295],[100.5149,13.7414],[100.5165,13.7562],[100.5488,13.7516],[100.5518,13.7259],[100.5434,13.7295]]]]}},{"type":"Feature","properties":{"province":"BangkokMetropolis","district":"PhasiCharoen","hasc":"TH.BM.PC"},"geometry":{"type":"MultiPolygon","coordinates":[[[[100.4359,13.6965],[100.4262,13.6905],[100.4229,13.7359],[100.417,13.7352],[100.4116,13.7512],[100.4306,13.7437],[100.4603,13.7476],[100.4675,13.7189],[100.4551,13.7171],[100.4512,13.7071],[100.4364,13.7123],[100.4359,13.6965]]]]}},{"type":"Feature","properties":{"province":"BangkokMetropolis","district":"PhayaThai","hasc":"TH.BM.PT"},"geometry":{"type":"MultiPolygon","coordinates":[[[[100.5361,13.7998],[100.5602,13.7974],[100.5473,13.7667],[100.5267,13.777],[100.5361,13.7998]]]]}},{"type":"Feature","properties":{"province":"BangkokMetropolis","district":"PhraNakhon","hasc":"TH.BM.PN"},"geometry":{"type":"MultiPolygon","coordinates":[[[[100.4892,13.7645],[100.4968,13.7751],[100.5078,13.7665],[100.4975,13.7423],[100.4864,13.7509],[100.4892,13.7645]]]]}},{"type":"Feature","properties":{"province":"BangkokMetropolis","district":"PomPramSattru","hasc":"TH.BM.PP"},"geometry":{"type":"MultiPolygon","coordinates":[[[[100.5078,13.7665],[100.5164,13.7573],[100.5149,13.7434],[100.5022,13.7509],[100.5078,13.7665]]]]}},{"type":"Feature","properties":{"province":"BangkokMetropolis","district":"Prakanong","hasc":"TH.BM.PK"},"geometry":{"type":"MultiPolygon","coordinates":[[[[100.6394,13.6812],[100.6311,13.6895],[100.5905,13.686],[100.5826,13.6974],[100.6047,13.7102],[100.6287,13.7096],[100.6394,13.6812]]]]}},{"type":"Feature","properties":{"province":"BangkokMetropolis","district":"Prawet","hasc":"TH.BM.PR"},"geometry":{"type":"MultiPolygon","coordinates":[[[[100.6566,13.6705],[100.6408,13.678],[100.633,13.7039],[100.6498,13.706],[100.6488,13.7324],[100.6573,13.7403],[100.7068,13.7351],[100.7136,13.6975],[100.6999,13.6548],[100.6686,13.6653],[100.6679,13.6745],[100.6566,13.6705]]]]}},{"type":"Feature","properties":{"province":"BangkokMetropolis","district":"RatBurana","hasc":"TH.BM.RB"},"geometry":{"type":"MultiPolygon","coordinates":[[[[100.4883,13.6984],[100.5232,13.6822],[100.5181,13.6653],[100.5032,13.665],[100.4972,13.6559],[100.4748,13.6646],[100.487,13.6833],[100.4802,13.6968],[100.4883,13.6984]]]]}},{"type":"Feature","properties":{"province":"BangkokMetropolis","district":"Ratchathewi","hasc":"TH.BM.RT"},"geometry":{"type":"MultiPolygon","coordinates":[[[[100.5421,13.7659],[100.5633,13.7583],[100.5617,13.7512],[100.5181,13.7557],[100.5267,13.777],[100.5421,13.7659]]]]}},{"type":"Feature","properties":{"province":"BangkokMetropolis","district":"SaiMai","hasc":"TH.BM.SM"},"geometry":{"type":"MultiPolygon","coordinates":[[[[100.6839,13.8769],[100.6525,13.8892],[100.6074,13.8908],[100.6255,13.9287],[100.6226,13.9447],[100.6416,13.9306],[100.6908,13.9289],[100.6827,13.9148],[100.6916,13.9003],[100.6839,13.8769]]]]}},{"type":"Feature","properties":{"province":"BangkokMetropolis","district":"Samphantawong","hasc":"TH.BM.SA"},"geometry":{"type":"MultiPolygon","coordinates":[[[[100.5149,13.7414],[100.511,13.7325],[100.4975,13.7423],[100.5022,13.7509],[100.5149,13.7414]]]]}},{"type":"Feature","properties":{"province":"BangkokMetropolis","district":"SaphanSung","hasc":"TH.BM.SS"},"geometry":{"type":"MultiPolygon","coordinates":[[[[100.6583,13.7418],[100.678,13.7555],[100.6688,13.7595],[100.6638,13.7787],[100.7048,13.8007],[100.7153,13.7799],[100.7052,13.7605],[100.7068,13.7351],[100.6583,13.7418]]]]}},{"type":"Feature","properties":{"province":"BangkokMetropolis","district":"Sathorn","hasc":"TH.BM.ST"},"geometry":{"type":"MultiPolygon","coordinates":[[[[100.5294,13.706],[100.5138,13.7082],[100.5164,13.7131],[100.5067,13.7156],[100.5107,13.7223],[100.5518,13.7259],[100.5428,13.7103],[100.5294,13.706]]]]}},{"type":"Feature","properties":{"province":"BangkokMetropolis","district":"SuanLuang","hasc":"TH.BM.SL"},"geometry":{"type":"MultiPolygon","coordinates":[[[[100.5989,13.7514],[100.6348,13.7537],[100.6583,13.7418],[100.6483,13.7317],[100.6498,13.706],[100.6054,13.7092],[100.5989,13.7514]]]]}},{"type":"Feature","properties":{"province":"BangkokMetropolis","district":"TalingChan","hasc":"TH.BM.TA"},"geometry":{"type":"MultiPolygon","coordinates":[[[[100.4116,13.7512],[100.404,13.7528],[100.4087,13.8],[100.467,13.7954],[100.4651,13.7817],[100.4514,13.7714],[100.4603,13.7476],[100.4306,13.7437],[100.4116,13.7512]]]]}},{"type":"Feature","properties":{"province":"BangkokMetropolis","district":"ThawiWattana","hasc":"TH.BM.TW"},"geometry":{"type":"MultiPolygon","coordinates":[[[[100.404,13.7528],[100.3501,13.7556],[100.3565,13.7413],[100.3327,13.7395],[100.3297,13.8012],[100.32,13.8215],[100.3307,13.8032],[100.4087,13.8],[100.404,13.7528]]]]}},{"type":"Feature","properties":{"province":"BangkokMetropolis","district":"ThonBuri","hasc":"TH.BM.TB"},"geometry":{"type":"MultiPolygon","coordinates":[[[[100.497,13.7085],[100.481,13.6979],[100.4746,13.7145],[100.4662,13.7147],[100.4902,13.7455],[100.4966,13.7425],[100.4902,13.7265],[100.497,13.7085]]]]}},{"type":"Feature","properties":{"province":"BangkokMetropolis","district":"Thungkru","hasc":"TH.BM.TK"},"geometry":{"type":"MultiPolygon","coordinates":[[[[100.4784,13.6017],[100.4695,13.6615],[100.4826,13.666],[100.4844,13.6584],[100.4972,13.6559],[100.5032,13.665],[100.5182,13.6673],[100.5216,13.6044],[100.4819,13.607],[100.4784,13.6017]]]]}},{"type":"Feature","properties":{"province":"BangkokMetropolis","district":"WangThonglang","hasc":"TH.BM.WT"},"geometry":{"type":"MultiPolygon","coordinates":[[[[100.6126,13.8025],[100.6222,13.8029],[100.6277,13.7915],[100.6287,13.7662],[100.6021,13.7546],[100.5932,13.7652],[100.5871,13.8053],[100.6033,13.798],[100.6126,13.8025]]]]}},{"type":"Feature","properties":{"province":"BangkokMetropolis","district":"Wattana","hasc":"TH.BM.WA"},"geometry":{"type":"MultiPolygon","coordinates":[[[[100.5617,13.7512],[100.6029,13.7413],[100.6047,13.7102],[100.5494,13.7462],[100.5488,13.7516],[100.5617,13.7512]]]]}},{"type":"Feature","properties":{"province":"BangkokMetropolis","district":"Yannawa","hasc":"TH.BM.YA"},"geometry":{"type":"MultiPolygon","coordinates":[[[[100.5163,13.6868],[100.531,13.7022],[100.528,13.7093],[100.5387,13.7081],[100.5515,13.7213],[100.5564,13.7048],[100.549,13.6723],[100.5348,13.669],[100.5163,13.6868]]]]}},{"type":"Feature","properties":{"province":"BuengKan","district":"BungKan","hasc":"TH.NK.KA"},"geometry":{"type":"MultiPolygon","coordinates":[[[[103.8516,18.291],[103.8627,18.2803],[103.8904,18.292],[103.9325,18.2639],[104.0068,18.1793],[103.9827,18.1626],[103.949,18.1537],[103.9356,18.1832],[103.9268,18.1777],[103.9113,18.1971],[103.8872,18.1772],[103.9133,18.1541],[103.92,18.1285],[103.8988,18.1226],[103.8907,18.1089],[103.8821,18.1358],[103.8285,18.2023],[103.8191,18.238],[103.7989,18.2673],[103.7042,18.2772],[103.7229,18.2192],[103.6706,18.186],[103.6634,18.1587],[103.6501,18.1832],[103.6216,18.1885],[103.5941,18.1803],[103.6004,18.1907],[103.5711,18.1976],[103.5466,18.2199],[103.554,18.2233],[103.5385,18.2327],[103.5486,18.2374],[103.5369,18.268],[103.5412,18.2776],[103.5333,18.2739],[103.5362,18.2821],[103.5296,18.2788],[103.5244,18.2868],[103.5329,18.2901],[103.5342,18.3018],[103.5217,18.3162],[103.5079,18.3098],[103.4389,18.3193],[103.4277,18.3141],[103.4207,18.2833],[103.4282,18.2747],[103.4073,18.2741],[103.3807,18.3071],[103.3776,18.3241],[103.362,18.3265],[103.3659,18.3367],[103.3578,18.3481],[103.3637,18.3623],[103.3337,18.3648],[103.324,18.3776],[103.3077,18.3768],[103.3071,18.386],[103.315,18.3882],[103.3128,18.3997],[103.3286,18.4312],[103.4149,18.4462],[103.4595,18.4227],[103.5304,18.4232],[103.573,18.403],[103.6139,18.4003],[103.6986,18.3407],[103.8212,18.3356],[103.8368,18.324],[103.8516,18.291]]]]}},{"type":"Feature","properties":{"province":"BuengKan","district":"BungKhongLong","hasc":"TH.NK.KL"},"geometry":{"type":"MultiPolygon","coordinates":[[[[104.0417,18.059],[104.0605,18.0701],[104.0496,18.094],[104.0503,18.1183],[104.0295,18.1302],[104.0275,18.1484],[104.0413,18.1434],[104.087,18.1683],[104.1106,18.1115],[104.1926,18.0211],[104.1764,18.0184],[104.1747,18.0005],[104.1531,18.0214],[104.1475,18.0118],[104.1149,18.0012],[104.1217,17.9727],[104.1425,17.95],[104.1295,17.9269],[104.0744,17.8768],[104.0515,17.8879],[104.053,17.9011],[104.0447,17.9066],[104.0322,17.9077],[104.0185,17.892],[104.0056,17.8891],[103.9978,17.9073],[104.0033,17.924],[103.9765,17.9752],[103.9985,18.0184],[104.0276,18.0534],[104.0417,18.059]]]]}},{"type":"Feature","properties":{"province":"BuengKan","district":"K.BungKhla","hasc":"TH.NK.KH"},"geometry":{"type":"MultiPolygon","coordinates":[[[[104.03,18.2621],[104.0639,18.2162],[104.087,18.1683],[104.0398,18.143],[104.0265,18.1495],[104.0231,18.1651],[103.9453,18.2521],[103.8904,18.292],[103.9244,18.3245],[103.9668,18.3365],[103.9916,18.3188],[104.03,18.2621]]]]}},{"type":"Feature","properties":{"province":"BuengKan","district":"PakKhat","hasc":"TH.NK.PK"},"geometry":{"type":"MultiPolygon","coordinates":[[[[103.3916,18.2733],[103.4015,18.2529],[103.4234,18.2425],[103.4366,18.2196],[103.4386,18.1935],[103.4166,18.1807],[103.4223,18.1668],[103.411,18.1654],[103.4106,18.1567],[103.3947,18.1763],[103.3418,18.147],[103.3585,18.1612],[103.3539,18.1754],[103.2838,18.2325],[103.2675,18.2294],[103.2609,18.2592],[103.2973,18.2697],[103.3021,18.3076],[103.2898,18.329],[103.2574,18.334],[103.2491,18.3425],[103.2476,18.3637],[103.3098,18.4297],[103.3286,18.4312],[103.3073,18.3773],[103.324,18.3776],[103.3345,18.3646],[103.3637,18.3623],[103.3578,18.3481],[103.3659,18.3367],[103.362,18.3265],[103.3776,18.3241],[103.3807,18.3071],[103.3969,18.2921],[103.4004,18.2795],[103.3916,18.2733]]]]}},{"type":"Feature","properties":{"province":"BuengKan","district":"PhonCharoen","hasc":"TH.NK.PC"},"geometry":{"type":"MultiPolygon","coordinates":[[[[103.7013,18.1198],[103.7305,18.089],[103.7611,18.0771],[103.766,18.056],[103.7647,18.0452],[103.737,18.0291],[103.7229,17.9938],[103.7238,17.9496],[103.7082,17.9363],[103.6872,17.9536],[103.6646,17.9485],[103.6706,17.9649],[103.6656,17.9716],[103.6548,17.9613],[103.6417,17.962],[103.6405,17.9749],[103.6279,17.9668],[103.6244,18.0006],[103.6444,18.0114],[103.6147,18.0119],[103.5983,18.0488],[103.5908,18.0368],[103.5826,18.0379],[103.5629,18.0609],[103.5452,18.0645],[103.5462,18.0854],[103.5621,18.0855],[103.5533,18.0947],[103.5575,18.1074],[103.5496,18.0981],[103.552,18.1087],[103.5363,18.1153],[103.5419,18.1301],[103.5352,18.1377],[103.5374,18.1503],[103.5566,18.1576],[103.5709,18.186],[103.5793,18.1844],[103.5901,18.1958],[103.6004,18.1907],[103.5941,18.1803],[103.6216,18.1885],[103.6501,18.1832],[103.6665,18.1527],[103.7013,18.1198]]]]}},{"type":"Feature","properties":{"province":"BuengKan","district":"Seka","hasc":"TH.NK.SE"},"geometry":{"type":"MultiPolygon","coordinates":[[[[103.8619,17.8803],[103.8384,17.8678],[103.7988,17.8744],[103.8146,17.856],[103.7985,17.8397],[103.7679,17.8811],[103.7709,17.8885],[103.79,17.8896],[103.7782,17.9056],[103.7853,17.9293],[103.7599,17.9193],[103.7683,17.9527],[103.7496,17.9086],[103.7242,17.9239],[103.7184,17.9402],[103.7229,17.9938],[103.737,18.0291],[103.7846,18.0526],[103.8116,18.0419],[103.848,18.0455],[103.8634,18.0581],[103.8969,18.1209],[103.92,18.1285],[103.9133,18.1541],[103.8872,18.1772],[103.9113,18.1971],[103.9268,18.1777],[103.9356,18.1832],[103.949,18.1537],[103.9827,18.1626],[104.0068,18.1793],[104.0236,18.1644],[104.0295,18.1302],[104.0503,18.1183],[104.0496,18.094],[104.0606,18.0688],[104.0276,18.0534],[103.9916,18.0089],[103.9765,17.9759],[104.0035,17.9235],[103.9978,17.9073],[104.0047,17.8903],[103.9846,17.8575],[104.0051,17.8473],[104.0009,17.8398],[104.0148,17.8286],[104.0194,17.8081],[104.0031,17.8054],[104.0023,17.7863],[103.9902,17.7857],[103.9828,17.7674],[103.9727,17.7762],[103.976,17.7811],[103.9589,17.7721],[103.9198,17.817],[103.928,17.831],[103.9252,17.8538],[103.9184,17.8573],[103.9032,17.8463],[103.9092,17.8784],[103.8784,17.8738],[103.8676,17.862],[103.8712,17.8767],[103.8619,17.8803]]]]}},{"type":"Feature","properties":{"province":"BuengKan","district":"SiWilai","hasc":"TH.NK.SW"},"geometry":{"type":"MultiPolygon","coordinates":[[[[103.8811,18.137],[103.8904,18.1075],[103.8641,18.059],[103.8492,18.046],[103.7999,18.0428],[103.8052,18.0485],[103.7921,18.0534],[103.7639,18.0454],[103.7623,18.0759],[103.7305,18.089],[103.6637,18.1587],[103.6706,18.186],[103.7231,18.2198],[103.7042,18.2772],[103.8025,18.2655],[103.8285,18.2023],[103.8811,18.137]]]]}},{"type":"Feature","properties":{"province":"BuengKan","district":"SoPhisai","hasc":"TH.NK.SP"},"geometry":{"type":"MultiPolygon","coordinates":[[[[103.4977,18.0619],[103.5008,18.0418],[103.4937,18.0395],[103.5061,17.9952],[103.4946,17.9862],[103.4737,18.0038],[103.4676,17.9873],[103.4464,17.9885],[103.4413,17.9793],[103.4545,17.9756],[103.4453,17.9657],[103.4291,17.9749],[103.4321,17.9809],[103.4034,17.9916],[103.4092,18.0025],[103.3982,18.0076],[103.3941,18.0225],[103.3738,18.0307],[103.3562,18.0246],[103.3524,18.0445],[103.3148,18.0552],[103.3017,18.0818],[103.3163,18.1],[103.2948,18.1062],[103.3042,18.1535],[103.3255,18.1486],[103.3281,18.1301],[103.3395,18.1468],[103.3816,18.1641],[103.3893,18.1753],[103.3967,18.1755],[103.4101,18.1567],[103.411,18.1654],[103.4223,18.1668],[103.4166,18.1807],[103.4398,18.1969],[103.4361,18.2217],[103.4247,18.2418],[103.4015,18.2529],[103.3909,18.2751],[103.4003,18.2813],[103.4073,18.2741],[103.4277,18.2743],[103.4207,18.2833],[103.4277,18.3141],[103.4389,18.3193],[103.5273,18.3123],[103.534,18.2958],[103.5244,18.2868],[103.5296,18.2788],[103.5362,18.2821],[103.5333,18.2739],[103.5412,18.2776],[103.5375,18.265],[103.5466,18.2524],[103.5418,18.2253],[103.5511,18.2293],[103.5473,18.2191],[103.5711,18.1976],[103.5868,18.1948],[103.5798,18.1846],[103.5703,18.1853],[103.5566,18.1576],[103.5492,18.16],[103.5369,18.1492],[103.5419,18.1301],[103.5363,18.1153],[103.552,18.1087],[103.5496,18.0981],[103.5575,18.1074],[103.5533,18.0947],[103.562,18.0851],[103.5428,18.0882],[103.5395,18.0675],[103.5183,18.0737],[103.5075,18.0676],[103.5073,18.0578],[103.4977,18.0619]]]]}},{"type":"Feature","properties":{"province":"BuriRam","district":"BanKruat","hasc":"TH.BR.KR"},"geometry":{"type":"MultiPolygon","coordinates":[[[[103.056,14.2833],[103.0569,14.2743],[103.035,14.251],[102.9704,14.3055],[102.9593,14.3457],[102.9678,14.3761],[102.9827,14.389],[102.9672,14.4217],[102.9814,14.4272],[103.0033,14.4122],[103.0324,14.4137],[103.0407,14.4328],[103.0866,14.449],[103.1007,14.4718],[103.122,14.478],[103.1289,14.4922],[103.1747,14.53],[103.1809,14.5553],[103.2126,14.5776],[103.2247,14.5451],[103.2149,14.5371],[103.2232,14.5165],[103.2159,14.5034],[103.237,14.4805],[103.2489,14.4402],[103.238,14.4077],[103.2228,14.3997],[103.2339,14.3869],[103.2234,14.3763],[103.2293,14.329],[103.2189,14.3236],[103.168,14.3348],[103.1536,14.3139],[103.1419,14.3263],[103.1286,14.3198],[103.1306,14.3066],[103.1241,14.3027],[103.0835,14.2965],[103.075,14.2864],[103.056,14.2833]]]]}},{"type":"Feature","properties":{"province":"BuriRam","district":"BanMaiChaiPho","hasc":"TH.BR.MC"},"geometry":{"type":"MultiPolygon","coordinates":[[[[102.9176,15.5821],[102.931,15.5804],[102.9363,15.5706],[102.9261,15.5519],[102.8969,15.5296],[102.8854,15.5429],[102.8675,15.542],[102.8625,15.5537],[102.8375,15.5527],[102.8415,15.5306],[102.8317,15.5038],[102.8,15.5282],[102.795,15.5535],[102.7831,15.5618],[102.7867,15.583],[102.7729,15.6208],[102.7813,15.6273],[102.7795,15.6427],[102.8084,15.6306],[102.8372,15.6348],[102.8287,15.6227],[102.833,15.6173],[102.8542,15.6335],[102.8767,15.6105],[102.8905,15.6098],[102.894,15.5838],[102.9176,15.5821]]]]}},{"type":"Feature","properties":{"province":"BuriRam","district":"Chalermphrakiet","hasc":"TH.BR.CP"},"geometry":{"type":"MultiPolygon","coordinates":[[[[102.9461,14.5846],[102.9445,14.4878],[102.9593,14.4821],[102.8689,14.4836],[102.829,14.4726],[102.7912,14.508],[102.7903,14.5211],[102.8287,14.5257],[102.8309,14.5348],[102.8236,14.5405],[102.8323,14.5563],[102.8516,14.5577],[102.8488,14.5831],[102.8547,14.5921],[102.8486,14.599],[102.8624,14.6248],[102.8633,14.6457],[102.9017,14.6447],[102.9223,14.6737],[102.9512,14.6785],[102.9554,14.6307],[102.9461,14.5846]]]]}},{"type":"Feature","properties":{"province":"BuriRam","district":"ChamNi","hasc":"TH.BR.CH"},"geometry":{"type":"MultiPolygon","coordinates":[[[[102.8767,14.8321],[102.8794,14.8235],[102.9154,14.83],[102.9126,14.8213],[102.9237,14.8035],[102.9446,14.7872],[102.911,14.7128],[102.8672,14.73],[102.8391,14.7355],[102.8302,14.7302],[102.823,14.7506],[102.7868,14.7656],[102.7647,14.7522],[102.7599,14.7388],[102.7515,14.7394],[102.7074,14.7751],[102.7226,14.7758],[102.7196,14.8149],[102.7727,14.8066],[102.786,14.8181],[102.7936,14.8455],[102.8123,14.8578],[102.8441,14.8548],[102.8577,14.8645],[102.8705,14.8527],[102.8767,14.8321]]]]}},{"type":"Feature","properties":{"province":"BuriRam","district":"HuaiRat","hasc":"TH.BR.HU"},"geometry":{"type":"MultiPolygon","coordinates":[[[[103.2202,14.9288],[103.2038,14.9242],[103.1886,14.9024],[103.1595,14.9134],[103.1699,14.9401],[103.1543,14.9474],[103.1578,14.9768],[103.1895,14.9944],[103.1994,15.026],[103.1928,15.0399],[103.247,15.0544],[103.2631,15.107],[103.3213,15.1025],[103.3279,15.0982],[103.2953,15.0585],[103.2742,15.0067],[103.2538,14.991],[103.2655,14.9637],[103.2202,14.9288]]]]}},{"type":"Feature","properties":{"province":"BuriRam","district":"K.BanDan","hasc":"TH.BR.DA"},"geometry":{"type":"MultiPolygon","coordinates":[[[[103.247,15.0544],[103.1928,15.0399],[103.1921,15.067],[103.1304,15.089],[103.1357,15.1146],[103.1276,15.1353],[103.1502,15.1466],[103.1545,15.1662],[103.1307,15.2001],[103.1364,15.2387],[103.1651,15.2293],[103.1642,15.2032],[103.177,15.1731],[103.2173,15.1574],[103.225,15.1436],[103.241,15.1392],[103.2467,15.1207],[103.2631,15.107],[103.247,15.0544]]]]}},{"type":"Feature","properties":{"province":"BuriRam","district":"K.DaenKong","hasc":"TH.BR.KD"},"geometry":{"type":"MultiPolygon","coordinates":[[[[103.1587,15.2343],[103.1204,15.2464],[103.059,15.2416],[103.0294,15.2484],[103.0294,15.2807],[103.0475,15.2973],[103.0637,15.3528],[103.0793,15.3738],[103.1038,15.3855],[103.101,15.398],[103.1083,15.4077],[103.1357,15.3985],[103.14,15.4102],[103.1472,15.4003],[103.1428,15.3871],[103.1551,15.3828],[103.1507,15.3734],[103.1655,15.3618],[103.1589,15.3515],[103.1737,15.3618],[103.1808,15.3585],[103.1831,15.366],[103.197,15.3634],[103.199,15.3567],[103.1897,15.3558],[103.1986,15.3344],[103.2141,15.3405],[103.2126,15.3303],[103.2259,15.3281],[103.2218,15.3199],[103.2329,15.3148],[103.2344,15.3219],[103.239,15.3147],[103.2259,15.2988],[103.2026,15.3058],[103.2058,15.2972],[103.1968,15.2887],[103.2097,15.2569],[103.205,15.2437],[103.1587,15.2343]]]]}},{"type":"Feature","properties":{"province":"BuriRam","district":"KhuMuang","hasc":"TH.BR.KM"},"geometry":{"type":"MultiPolygon","coordinates":[[[[103.0585,15.1243],[103.0454,15.1141],[103.0305,15.1288],[103.015,15.1312],[102.9858,15.1118],[103.0038,15.1665],[103.0224,15.1944],[102.9883,15.1965],[102.9632,15.2162],[102.9572,15.2498],[102.9631,15.2603],[102.9566,15.27],[102.9697,15.2912],[102.9542,15.3125],[102.9587,15.3246],[102.9905,15.3329],[102.994,15.3422],[102.9892,15.3691],[102.9581,15.3794],[102.9537,15.4014],[102.9598,15.4088],[102.9603,15.4017],[102.9684,15.4052],[102.9672,15.4174],[102.9784,15.4278],[102.9802,15.4151],[102.9848,15.4253],[102.9948,15.4129],[103.0022,15.4253],[103.0138,15.4267],[103.0096,15.4333],[103.0207,15.4342],[103.0238,15.4273],[103.0293,15.4381],[103.046,15.4384],[103.0515,15.4507],[103.059,15.4473],[103.0545,15.4377],[103.0597,15.4317],[103.063,15.4402],[103.0701,15.4246],[103.0881,15.425],[103.0845,15.4329],[103.0981,15.436],[103.1026,15.4287],[103.0925,15.4167],[103.11,15.4123],[103.1012,15.3989],[103.1038,15.3855],[103.0793,15.3738],[103.0637,15.3528],[103.0475,15.2973],[103.0294,15.2807],[103.0297,15.2475],[103.059,15.2416],[103.1199,15.2464],[103.1362,15.239],[103.1307,15.2001],[103.1545,15.1662],[103.1531,15.1506],[103.1408,15.1388],[103.1255,15.1344],[103.0892,15.1422],[103.0836,15.1316],[103.0665,15.1332],[103.0585,15.1243]]]]}},{"type":"Feature","properties":{"province":"BuriRam","district":"Krasang","hasc":"TH.BR.KS"},"geometry":{"type":"MultiPolygon","coordinates":[[[[103.2921,14.8054],[103.2948,14.7832],[103.2654,14.7641],[103.248,14.7819],[103.2024,14.7964],[103.1765,14.8514],[103.1911,14.912],[103.2654,14.9635],[103.2539,14.9804],[103.2547,14.993],[103.2733,15.0054],[103.2953,15.0585],[103.328,15.0983],[103.361,15.1161],[103.3884,15.1196],[103.4176,15.109],[103.4287,15.1124],[103.4287,15.1032],[103.4414,15.107],[103.4307,15.0815],[103.4441,15.0849],[103.4251,15.0639],[103.45,15.0434],[103.4404,15.0282],[103.4238,15.0282],[103.4121,15.0011],[103.4291,14.992],[103.4228,14.9851],[103.4334,14.9768],[103.423,14.9756],[103.4319,14.9698],[103.4196,14.9565],[103.4305,14.9404],[103.4282,14.9273],[103.4209,14.9175],[103.4052,14.918],[103.4016,14.8996],[103.4078,14.896],[103.3925,14.8929],[103.3949,14.8839],[103.3819,14.8742],[103.3874,14.8707],[103.3799,14.8691],[103.378,14.858],[103.3696,14.8588],[103.354,14.8383],[103.344,14.8369],[103.3492,14.8291],[103.3317,14.8305],[103.3169,14.8088],[103.2921,14.8054]]]]}},{"type":"Feature","properties":{"province":"BuriRam","district":"LahanSai","hasc":"TH.BR.LS"},"geometry":{"type":"MultiPolygon","coordinates":[[[[102.9399,14.196],[102.9313,14.1751],[102.9129,14.1662],[102.8998,14.1626],[102.8767,14.1713],[102.8702,14.1479],[102.8328,14.1666],[102.8317,14.1561],[102.8137,14.1706],[102.8018,14.1579],[102.7939,14.1708],[102.7848,14.1544],[102.7784,14.1605],[102.7666,14.139],[102.7465,14.139],[102.7791,14.1648],[102.7853,14.1799],[102.7747,14.1994],[102.7883,14.2265],[102.7806,14.2551],[102.8164,14.2636],[102.8175,14.3361],[102.7996,14.3294],[102.7496,14.3767],[102.7583,14.4077],[102.7846,14.4224],[102.7583,14.4387],[102.8005,14.4937],[102.8186,14.4868],[102.8294,14.4726],[102.8689,14.4836],[102.9524,14.4794],[102.9662,14.4495],[102.9833,14.4377],[102.9797,14.4249],[102.9666,14.4202],[102.9827,14.389],[102.9675,14.3754],[102.96,14.332],[102.979,14.2938],[103.0332,14.2547],[103.0332,14.2391],[103.0221,14.2285],[103.0133,14.2308],[102.9993,14.2142],[102.9625,14.2122],[102.9517,14.2061],[102.9562,14.1967],[102.9399,14.196]]]]}},{"type":"Feature","properties":{"province":"BuriRam","district":"LamPlaiMat","hasc":"TH.BR.LP"},"geometry":{"type":"MultiPolygon","coordinates":[[[[102.8754,14.8333],[102.8705,14.8527],[102.8551,14.8652],[102.8445,14.8549],[102.8311,14.8606],[102.7946,14.8465],[102.79,14.8509],[102.7894,14.8593],[102.8014,14.867],[102.8103,14.9308],[102.7795,14.9043],[102.7246,14.8867],[102.7147,14.8918],[102.6986,14.9218],[102.7116,14.9546],[102.7115,14.9767],[102.7342,14.9937],[102.7521,14.9915],[102.7555,15.0275],[102.7847,15.041],[102.7751,15.0562],[102.7768,15.0693],[102.7667,15.0703],[102.7647,15.0783],[102.7808,15.0871],[102.8113,15.1332],[102.8328,15.1454],[102.85,15.1681],[102.877,15.1719],[102.8971,15.1872],[102.94,15.182],[102.9686,15.1909],[102.9766,15.2053],[102.9883,15.1965],[103.0216,15.1954],[102.9816,15.1061],[102.998,15.0861],[102.9908,15.0481],[103.0072,15.0208],[102.9892,14.9944],[102.9772,14.957],[102.9446,14.936],[102.9193,14.9306],[102.9154,14.83],[102.8792,14.8235],[102.8754,14.8333]]]]}},{"type":"Feature","properties":{"province":"BuriRam","district":"MuangBuriRam","hasc":"TH.BR.BR"},"geometry":{"type":"MultiPolygon","coordinates":[[[[102.9412,14.79],[102.9126,14.8213],[102.9224,14.8969],[102.9192,14.9301],[102.9446,14.936],[102.9772,14.957],[102.9892,14.9944],[103.0072,15.0208],[102.9908,15.0481],[102.998,15.0861],[102.9819,15.1067],[103.015,15.1312],[103.0305,15.1288],[103.0462,15.1141],[103.0661,15.1331],[103.0836,15.1316],[103.0892,15.1422],[103.1234,15.1376],[103.1353,15.1193],[103.1307,15.0885],[103.1823,15.0739],[103.197,15.0488],[103.192,14.999],[103.1582,14.9778],[103.1542,14.948],[103.1699,14.9412],[103.1596,14.9132],[103.189,14.9021],[103.1767,14.85],[103.188,14.8381],[103.2021,14.7969],[103.2124,14.7909],[103.1745,14.7861],[103.145,14.8053],[103.0926,14.8109],[103.087,14.8219],[103.0528,14.8346],[103.0081,14.7696],[102.948,14.7551],[102.9486,14.7826],[102.9412,14.79]]]]}},{"type":"Feature","properties":{"province":"BuriRam","district":"NaPho","hasc":"TH.BR.NP"},"geometry":{"type":"MultiPolygon","coordinates":[[[[102.9777,15.6681],[102.9762,15.6586],[102.9958,15.6462],[102.9942,15.6384],[103.0137,15.6262],[103.0152,15.6163],[102.9819,15.6077],[102.9264,15.6161],[102.9164,15.634],[102.8696,15.6493],[102.8819,15.6914],[102.8794,15.7652],[102.8962,15.7848],[102.9328,15.794],[102.9433,15.7651],[102.9789,15.7522],[102.9902,15.731],[102.9996,15.738],[103.0126,15.7022],[103.009,15.6882],[102.9777,15.6681]]]]}},{"type":"Feature","properties":{"province":"BuriRam","district":"NangRong","hasc":"TH.BR.NR"},"geometry":{"type":"MultiPolygon","coordinates":[[[[102.8259,14.538],[102.8283,14.5254],[102.7872,14.5175],[102.8005,14.4937],[102.7581,14.4381],[102.7324,14.4696],[102.7079,14.485],[102.6909,14.4913],[102.652,14.4857],[102.6248,14.4971],[102.6535,14.5296],[102.6549,14.5515],[102.6458,14.5536],[102.6513,14.5629],[102.6449,14.5667],[102.6677,14.6116],[102.66,14.6259],[102.6007,14.629],[102.6208,14.6587],[102.6206,14.6771],[102.6328,14.6875],[102.6515,14.7312],[102.7052,14.7748],[102.7515,14.7394],[102.7599,14.7388],[102.7647,14.7522],[102.7868,14.7656],[102.823,14.7506],[102.8302,14.7302],[102.8391,14.7355],[102.8672,14.73],[102.9106,14.7127],[102.9452,14.7879],[102.9516,14.6784],[102.9223,14.6737],[102.9017,14.6447],[102.8633,14.6457],[102.8624,14.6248],[102.8486,14.599],[102.8547,14.5921],[102.8488,14.5831],[102.8516,14.5577],[102.8323,14.5563],[102.8259,14.538]]]]}},{"type":"Feature","properties":{"province":"BuriRam","district":"NonDinDaeng","hasc":"TH.BR.ND"},"geometry":{"type":"MultiPolygon","coordinates":[[[[102.7514,14.3726],[102.7996,14.3294],[102.8171,14.3365],[102.8185,14.3144],[102.8164,14.2636],[102.7806,14.2551],[102.7883,14.2265],[102.7747,14.1994],[102.7862,14.1838],[102.7794,14.1653],[102.7601,14.1472],[102.6968,14.1295],[102.6868,14.1478],[102.6578,14.164],[102.6353,14.1475],[102.609,14.1698],[102.5514,14.1334],[102.5237,14.1414],[102.5037,14.1305],[102.4848,14.1398],[102.4758,14.1298],[102.4353,14.1445],[102.4545,14.1922],[102.4698,14.1901],[102.4777,14.1985],[102.5004,14.1859],[102.5136,14.1994],[102.5409,14.2007],[102.5507,14.2154],[102.5783,14.2242],[102.64,14.2726],[102.6951,14.2955],[102.7464,14.3543],[102.7514,14.3726]]]]}},{"type":"Feature","properties":{"province":"BuriRam","district":"NonSuwan","hasc":"TH.BR.NS"},"geometry":{"type":"MultiPolygon","coordinates":[[[[102.6532,14.5858],[102.6449,14.5663],[102.6513,14.5629],[102.6458,14.5536],[102.6549,14.5515],[102.6535,14.5296],[102.6248,14.4971],[102.6113,14.4925],[102.4965,14.5041],[102.4832,14.5122],[102.5069,14.5838],[102.5605,14.6243],[102.5806,14.6185],[102.6003,14.6291],[102.6603,14.6257],[102.6677,14.611],[102.6532,14.5858]]]]}},{"type":"Feature","properties":{"province":"BuriRam","district":"NongHong","hasc":"TH.BR.NH"},"geometry":{"type":"MultiPolygon","coordinates":[[[[102.6486,14.9329],[102.6982,14.9326],[102.6996,14.9132],[102.7241,14.8867],[102.7795,14.9043],[102.8114,14.9301],[102.8014,14.867],[102.7893,14.8591],[102.7946,14.8465],[102.7833,14.8145],[102.7599,14.8045],[102.7196,14.8149],[102.6883,14.7941],[102.5972,14.7965],[102.5998,14.8278],[102.5679,14.8417],[102.5422,14.8877],[102.5446,14.9018],[102.5692,14.926],[102.5656,14.9361],[102.5487,14.9448],[102.5732,14.9564],[102.602,14.935],[102.6486,14.9329]]]]}},{"type":"Feature","properties":{"province":"BuriRam","district":"NongKi","hasc":"TH.BR.NK"},"geometry":{"type":"MultiPolygon","coordinates":[[[[102.6208,14.6587],[102.5959,14.6252],[102.581,14.6185],[102.5587,14.6233],[102.5121,14.59],[102.4965,14.5644],[102.472,14.6157],[102.478,14.6493],[102.4606,14.7045],[102.4684,14.7224],[102.4909,14.7332],[102.4819,14.7355],[102.4713,14.7608],[102.4461,14.7783],[102.4419,14.7963],[102.4567,14.8308],[102.4619,14.8333],[102.4778,14.8125],[102.507,14.8011],[102.5352,14.813],[102.5556,14.8576],[102.575,14.8364],[102.5994,14.8284],[102.5965,14.7982],[102.6065,14.7932],[102.6883,14.7941],[102.7196,14.8149],[102.7225,14.7755],[102.7052,14.7748],[102.6515,14.7312],[102.6328,14.6875],[102.6206,14.6771],[102.6208,14.6587]]]]}},{"type":"Feature","properties":{"province":"BuriRam","district":"PaKham","hasc":"TH.BR.PA"},"geometry":{"type":"MultiPolygon","coordinates":[[[[102.7554,14.4021],[102.7469,14.3549],[102.6944,14.295],[102.642,14.3246],[102.6044,14.3214],[102.5888,14.3336],[102.5844,14.3564],[102.5698,14.3612],[102.5632,14.3788],[102.5708,14.4257],[102.5841,14.4435],[102.6003,14.4455],[102.6113,14.4925],[102.6213,14.4972],[102.6573,14.4851],[102.6942,14.4908],[102.7323,14.4697],[102.7588,14.4368],[102.7846,14.4231],[102.7554,14.4021]]]]}},{"type":"Feature","properties":{"province":"BuriRam","district":"Phlapphlachai","hasc":"TH.BR.PP"},"geometry":{"type":"MultiPolygon","coordinates":[[[[103.1926,14.6934],[103.1644,14.6631],[103.17,14.6388],[103.1172,14.6413],[103.0952,14.6526],[103.1009,14.6846],[103.1195,14.7146],[103.1138,14.7489],[103.0894,14.7526],[103.0684,14.7792],[103.0827,14.8234],[103.0926,14.8109],[103.145,14.8053],[103.1745,14.7861],[103.2118,14.7909],[103.2419,14.7848],[103.2586,14.7666],[103.2711,14.7644],[103.2767,14.7352],[103.2615,14.6695],[103.2337,14.6818],[103.2303,14.7007],[103.2094,14.7041],[103.1926,14.6934]]]]}},{"type":"Feature","properties":{"province":"BuriRam","district":"Phutthaisong","hasc":"TH.BR.PH"},"geometry":{"type":"MultiPolygon","coordinates":[[[[103.0626,15.4402],[103.059,15.4317],[103.0532,15.441],[103.0589,15.4475],[103.0489,15.4504],[103.046,15.4384],[103.0293,15.4381],[103.0225,15.427],[103.0079,15.4369],[102.9945,15.467],[102.9872,15.4653],[102.9798,15.4805],[102.9699,15.4763],[102.9671,15.4839],[102.9521,15.4753],[102.9477,15.4809],[102.9394,15.4742],[102.9465,15.488],[102.9412,15.4951],[102.9313,15.4874],[102.9241,15.4977],[102.9332,15.5016],[102.9286,15.509],[102.9147,15.5064],[102.8985,15.5193],[102.8907,15.512],[102.8857,15.5218],[102.8661,15.5064],[102.8388,15.5131],[102.8375,15.5527],[102.8625,15.5537],[102.8675,15.542],[102.8854,15.5429],[102.8969,15.5296],[102.9261,15.5519],[102.9365,15.5724],[102.9287,15.5813],[102.894,15.5838],[102.8905,15.6098],[102.8767,15.6105],[102.8542,15.6335],[102.8325,15.6175],[102.8287,15.6227],[102.8372,15.6348],[102.8694,15.6498],[102.9172,15.6335],[102.9269,15.616],[102.9717,15.6066],[103.0152,15.6163],[103.0292,15.5982],[103.0523,15.5932],[103.0483,15.5622],[103.08,15.5416],[103.0836,15.5457],[103.0933,15.5313],[103.0743,15.4965],[103.1128,15.4822],[103.1178,15.4678],[103.1096,15.4619],[103.1126,15.4489],[103.1016,15.4312],[103.0962,15.4367],[103.0941,15.43],[103.0845,15.4329],[103.0881,15.425],[103.0703,15.4245],[103.0626,15.4402]]]]}},{"type":"Feature","properties":{"province":"BuriRam","district":"PrakhonChai","hasc":"TH.BR.PC"},"geometry":{"type":"MultiPolygon","coordinates":[[[[103.1179,14.4766],[103.1007,14.4718],[103.0866,14.449],[103.0407,14.4328],[103.0324,14.4137],[103.0042,14.412],[102.9809,14.4272],[102.9829,14.4385],[102.9662,14.4495],[102.9529,14.4792],[102.9594,14.4828],[102.9445,14.4878],[102.9451,14.5807],[102.9554,14.6307],[102.948,14.7551],[103.0126,14.7721],[103.0525,14.8346],[103.0851,14.8201],[103.0682,14.7837],[103.0741,14.7668],[103.0918,14.7512],[103.1141,14.7485],[103.1194,14.713],[103.1009,14.6846],[103.0955,14.6522],[103.1172,14.6413],[103.17,14.6388],[103.1644,14.6631],[103.1843,14.6784],[103.1886,14.6929],[103.2094,14.7041],[103.2307,14.7005],[103.2334,14.6821],[103.2588,14.668],[103.2345,14.6448],[103.2396,14.6215],[103.2344,14.6071],[103.224,14.6046],[103.2126,14.5776],[103.1807,14.555],[103.1708,14.525],[103.1179,14.4766]]]]}},{"type":"Feature","properties":{"province":"BuriRam","district":"Satuk","hasc":"TH.BR.SA"},"geometry":{"type":"MultiPolygon","coordinates":[[[[103.3262,15.0991],[103.3098,15.1065],[103.2612,15.1075],[103.2467,15.1207],[103.2406,15.1395],[103.225,15.1436],[103.2158,15.1585],[103.1765,15.1738],[103.1597,15.2338],[103.205,15.2437],[103.2097,15.2569],[103.1968,15.2887],[103.2058,15.2972],[103.2026,15.3058],[103.2263,15.2989],[103.2379,15.3181],[103.2538,15.3212],[103.2509,15.3061],[103.2872,15.3174],[103.2829,15.3056],[103.292,15.298],[103.3075,15.3179],[103.3192,15.3185],[103.3166,15.3264],[103.3309,15.3297],[103.3313,15.3366],[103.3409,15.3344],[103.344,15.3431],[103.3512,15.3388],[103.3521,15.3465],[103.3869,15.326],[103.3988,15.3328],[103.4015,15.3274],[103.3882,15.3194],[103.4055,15.3069],[103.4222,15.3149],[103.4309,15.3069],[103.4382,15.3333],[103.4529,15.3338],[103.4464,15.3427],[103.4738,15.3361],[103.4751,15.3186],[103.4853,15.3175],[103.4884,15.309],[103.4951,15.3143],[103.4985,15.3058],[103.5052,15.3114],[103.4991,15.2976],[103.5066,15.2907],[103.4825,15.2934],[103.4717,15.2784],[103.4639,15.28],[103.4614,15.255],[103.443,15.2601],[103.4492,15.2534],[103.4371,15.2352],[103.4393,15.2186],[103.4308,15.2127],[103.4383,15.2049],[103.4213,15.199],[103.421,15.186],[103.431,15.1806],[103.4229,15.1667],[103.431,15.1573],[103.4228,15.1494],[103.4305,15.1395],[103.4262,15.1273],[103.4346,15.1188],[103.4185,15.109],[103.3884,15.1196],[103.3614,15.1162],[103.3262,15.0991]]]]}},{"type":"Feature","properties":{"province":"Chachoengsao","district":"BanPho","hasc":"TH.CC.PH"},"geometry":{"type":"MultiPolygon","coordinates":[[[[101.1293,13.5674],[101.1201,13.5628],[101.1124,13.5684],[101.0942,13.5524],[101.0563,13.5517],[101.0482,13.5583],[101.0298,13.548],[101.0002,13.5773],[100.9974,13.6007],[101.0046,13.6082],[101.0159,13.6],[100.9981,13.6257],[100.9877,13.6307],[100.9808,13.6206],[100.9668,13.6231],[100.9638,13.643],[100.9491,13.652],[100.9567,13.6619],[100.9382,13.6681],[100.9573,13.704],[100.967,13.7032],[100.9715,13.6724],[100.9847,13.6748],[100.9846,13.6597],[101.005,13.6496],[101.0555,13.6389],[101.0636,13.6292],[101.0842,13.6435],[101.1022,13.6321],[101.1438,13.6519],[101.1741,13.6231],[101.2346,13.6036],[101.2431,13.5678],[101.1572,13.5989],[101.1409,13.5908],[101.1293,13.5674]]]]}},{"type":"Feature","properties":{"province":"Chachoengsao","district":"BangKhla","hasc":"TH.CC.KH"},"geometry":{"type":"MultiPolygon","coordinates":[[[[101.1515,13.6397],[101.1383,13.6777],[101.1448,13.7084],[101.1635,13.6945],[101.1679,13.7101],[101.1814,13.7138],[101.1854,13.7241],[101.2019,13.721],[101.212,13.7353],[101.182,13.7339],[101.1741,13.742],[101.1749,13.7584],[101.1927,13.7463],[101.1952,13.7597],[101.2054,13.7658],[101.2025,13.7788],[101.1927,13.7833],[101.1977,13.7939],[101.1826,13.7963],[101.1871,13.8097],[101.1593,13.8245],[101.1629,13.8521],[101.2023,13.8768],[101.2218,13.875],[101.2219,13.884],[101.2355,13.8824],[101.2471,13.8746],[101.2588,13.8398],[101.2327,13.802],[101.2496,13.7565],[101.2435,13.7188],[101.2572,13.7088],[101.2573,13.6855],[101.2699,13.6745],[101.254,13.6627],[101.2392,13.6657],[101.2238,13.6577],[101.2156,13.6129],[101.1741,13.6231],[101.1515,13.6397]]]]}},{"type":"Feature","properties":{"province":"Chachoengsao","district":"BangNamPrieo","hasc":"TH.CC.NP"},"geometry":{"type":"MultiPolygon","coordinates":[[[[101.106,13.8321],[101.117,13.7806],[101.0918,13.7774],[101.0811,13.7618],[101.0646,13.7954],[101.0404,13.7884],[101.0359,13.7784],[100.9974,13.798],[100.9723,13.7719],[100.9314,13.8023],[100.9391,13.8134],[100.8933,13.8495],[100.9035,13.8481],[100.9074,13.8598],[100.9155,13.9587],[101.0461,13.9756],[101.1387,13.9681],[101.1531,13.9497],[101.1534,13.9298],[101.1617,13.931],[101.1533,13.9104],[101.1561,13.8958],[101.1475,13.8903],[101.1629,13.8903],[101.1539,13.8786],[101.144,13.8861],[101.1404,13.8794],[101.1618,13.8597],[101.1488,13.8476],[101.106,13.8321]]]]}},{"type":"Feature","properties":{"province":"Chachoengsao","district":"BangPakong","hasc":"TH.CC.PA"},"geometry":{"type":"MultiPolygon","coordinates":[[[[100.9836,13.4994],[100.9955,13.4928],[100.9789,13.5014],[100.9789,13.4831],[100.9414,13.4622],[100.8501,13.4786],[100.8536,13.4945],[100.8729,13.4898],[100.8736,13.5228],[100.8906,13.5624],[100.906,13.5536],[100.9162,13.5694],[100.9085,13.5902],[100.925,13.5927],[100.9614,13.6315],[100.9799,13.6206],[100.9877,13.6307],[100.9981,13.6257],[101.0159,13.6],[101.0046,13.6082],[100.9974,13.6007],[101.0008,13.576],[101.0306,13.5475],[101.0535,13.5453],[101.0718,13.5181],[101.0335,13.4954],[101.0337,13.4825],[101.0081,13.4627],[100.9805,13.4673],[100.9836,13.4994]]]]}},{"type":"Feature","properties":{"province":"Chachoengsao","district":"K.KhlongKhuan","hasc":"TH.CC.KK"},"geometry":{"type":"MultiPolygon","coordinates":[[[[101.2116,13.7375],[101.2026,13.7216],[101.1854,13.7241],[101.1814,13.7138],[101.1679,13.7101],[101.164,13.6949],[101.156,13.6951],[101.1181,13.7564],[101.1191,13.7934],[101.1061,13.8352],[101.1629,13.8521],[101.1593,13.8245],[101.1871,13.8097],[101.1826,13.7963],[101.1977,13.7939],[101.1927,13.7833],[101.2025,13.7788],[101.2054,13.7658],[101.1952,13.7597],[101.1927,13.7463],[101.1749,13.7584],[101.1741,13.742],[101.1831,13.7338],[101.2116,13.7375]]]]}},{"type":"Feature","properties":{"province":"Chachoengsao","district":"MuangChachoengsao","hasc":"TH.CC.CH"},"geometry":{"type":"MultiPolygon","coordinates":[[[[101.0419,13.6395],[100.9856,13.6583],[100.9847,13.6748],[100.9715,13.6724],[100.9664,13.7037],[100.9573,13.704],[100.9379,13.6679],[100.8559,13.699],[100.9106,13.7891],[100.9318,13.8024],[100.9733,13.7714],[100.9974,13.798],[101.0359,13.7784],[101.0404,13.7884],[101.0646,13.7954],[101.0789,13.7615],[101.0918,13.7774],[101.1155,13.7788],[101.1181,13.7564],[101.1279,13.738],[101.1354,13.7372],[101.1445,13.7073],[101.1383,13.6777],[101.1438,13.6519],[101.1022,13.6321],[101.0874,13.6436],[101.0651,13.629],[101.0555,13.6389],[101.0419,13.6395]]]]}},{"type":"Feature","properties":{"province":"Chachoengsao","district":"PhanomSarakham","hasc":"TH.CC.PS"},"geometry":{"type":"MultiPolygon","coordinates":[[[[101.3974,13.6096],[101.3846,13.5985],[101.3381,13.6382],[101.284,13.6624],[101.2966,13.7344],[101.3207,13.7472],[101.3103,13.7691],[101.3132,13.792],[101.3319,13.8241],[101.335,13.8568],[101.3516,13.8684],[101.3698,13.8622],[101.3831,13.87],[101.3831,13.8463],[101.4711,13.8216],[101.4901,13.8021],[101.5274,13.7855],[101.5291,13.7749],[101.5538,13.7943],[101.5612,13.7686],[101.5929,13.7349],[101.5531,13.7157],[101.5587,13.6977],[101.5299,13.7072],[101.5213,13.6908],[101.5087,13.6941],[101.5031,13.6772],[101.443,13.6868],[101.3974,13.6096]]]]}},{"type":"Feature","properties":{"province":"Chachoengsao","district":"PlaengYao","hasc":"TH.CC.PY"},"geometry":{"type":"MultiPolygon","coordinates":[[[[101.3835,13.6006],[101.3979,13.6075],[101.412,13.5461],[101.4258,13.5282],[101.4415,13.5228],[101.455,13.4805],[101.4454,13.4414],[101.4198,13.4565],[101.3964,13.4507],[101.3679,13.4577],[101.2969,13.5242],[101.2832,13.5494],[101.2468,13.5696],[101.2385,13.5988],[101.2156,13.6129],[101.2229,13.6561],[101.2392,13.6657],[101.254,13.6627],[101.2696,13.6743],[101.2938,13.6542],[101.3381,13.6382],[101.3835,13.6006]]]]}},{"type":"Feature","properties":{"province":"Chachoengsao","district":"Ratchasan","hasc":"TH.CC.RA"},"geometry":{"type":"MultiPolygon","coordinates":[[[[101.2498,13.7134],[101.2435,13.7188],[101.2496,13.7565],[101.2327,13.802],[101.2588,13.8398],[101.2509,13.8646],[101.2795,13.8771],[101.3374,13.8682],[101.3319,13.8241],[101.3102,13.7781],[101.3207,13.7472],[101.2966,13.7344],[101.284,13.6624],[101.2573,13.6855],[101.2574,13.7082],[101.2498,13.7134]]]]}},{"type":"Feature","properties":{"province":"Chachoengsao","district":"SanamChaikhet","hasc":"TH.CC.SA"},"geometry":{"type":"MultiPolygon","coordinates":[[[[101.3985,13.611],[101.4451,13.688],[101.5031,13.6772],[101.5087,13.6941],[101.5213,13.6908],[101.5299,13.7072],[101.5587,13.6977],[101.5531,13.7157],[101.5908,13.7345],[101.6426,13.7457],[101.6693,13.7364],[101.6837,13.7627],[101.6971,13.7679],[101.7017,13.7902],[101.7332,13.7953],[101.7478,13.8122],[101.7906,13.7682],[101.7889,13.7531],[101.7981,13.7389],[101.7919,13.7202],[101.8007,13.6941],[101.8233,13.7046],[101.8383,13.6965],[101.8381,13.6368],[101.8647,13.6283],[101.8723,13.6046],[101.892,13.5811],[101.9154,13.5842],[101.8987,13.5469],[101.8617,13.5386],[101.8739,13.5235],[101.8947,13.5185],[101.8999,13.5066],[101.8633,13.5019],[101.7711,13.5214],[101.7311,13.5391],[101.7252,13.5517],[101.6761,13.5886],[101.62,13.5984],[101.6266,13.5509],[101.61,13.5532],[101.5835,13.572],[101.5464,13.5192],[101.5209,13.5065],[101.504,13.4789],[101.4653,13.4769],[101.4513,13.4625],[101.455,13.4805],[101.4415,13.5228],[101.4258,13.5282],[101.412,13.5461],[101.3985,13.611]]]]}},{"type":"Feature","properties":{"province":"Chachoengsao","district":"ThaTaKieb","hasc":"TH.CC.TH"},"geometry":{"type":"MultiPolygon","coordinates":[[[[101.4282,13.4482],[101.4454,13.4414],[101.4462,13.456],[101.4634,13.4763],[101.5035,13.4785],[101.5209,13.5065],[101.5464,13.5192],[101.5835,13.572],[101.61,13.5532],[101.6266,13.5509],[101.6192,13.5982],[101.6732,13.5898],[101.7252,13.5517],[101.7311,13.5391],[101.7716,13.5212],[101.8633,13.5019],[101.8999,13.5066],[101.9156,13.4764],[101.9344,13.4745],[101.9422,13.4358],[101.9762,13.4064],[101.973,13.392],[101.9902,13.352],[101.9903,13.3322],[101.9688,13.3237],[101.9478,13.2919],[101.9297,13.2876],[101.9288,13.2943],[101.9066,13.286],[101.907,13.2706],[101.8986,13.2619],[101.9019,13.2338],[101.8923,13.2259],[101.8843,13.2352],[101.8746,13.2214],[101.8709,13.2488],[101.8509,13.246],[101.8385,13.2325],[101.8289,13.2356],[101.8211,13.2174],[101.7738,13.183],[101.7566,13.1866],[101.7538,13.1802],[101.7418,13.1847],[101.727,13.1779],[101.7167,13.1833],[101.7148,13.2043],[101.6949,13.2212],[101.6688,13.2723],[101.6407,13.292],[101.6009,13.302],[101.5823,13.3315],[101.5652,13.331],[101.5415,13.4078],[101.5277,13.4061],[101.4916,13.4241],[101.4868,13.4159],[101.4548,13.4058],[101.4436,13.4222],[101.4256,13.4305],[101.4282,13.4482]]]]}},{"type":"Feature","properties":{"province":"ChaiNat","district":"HanKha","hasc":"TH.CN.HA"},"geometry":{"type":"MultiPolygon","coordinates":[[[[100.0288,15.1472],[100.0455,15.1362],[100.0485,15.1057],[100.0712,15.0862],[100.075,15.0654],[100.0856,15.0611],[100.0806,15.0183],[100.0976,15.0056],[100.0966,14.9867],[100.0765,14.956],[100.0395,14.9589],[100.0469,14.9385],[100.0431,14.9175],[99.9653,14.9021],[99.9658,14.9326],[99.9562,14.959],[99.9607,14.9727],[99.949,14.9876],[99.9014,14.9961],[99.8796,15.0096],[99.7717,15.1397],[99.8065,15.1401],[99.826,15.1492],[99.8849,15.1391],[99.9114,15.1523],[99.9433,15.1331],[99.9841,15.1561],[100.0117,15.1446],[100.0288,15.1472]]]]}},{"type":"Feature","properties":{"province":"ChaiNat","district":"K.NoenKham","hasc":"TH.CN.NK"},"geometry":{"type":"MultiPolygon","coordinates":[[[[99.9592,14.9706],[99.967,14.9167],[99.9604,14.9059],[99.884,14.9121],[99.8544,14.9394],[99.8287,14.9356],[99.7948,14.9427],[99.7662,14.9607],[99.7231,14.9615],[99.7169,14.9762],[99.7251,14.9796],[99.7306,15.0008],[99.7791,15.0246],[99.785,15.0412],[99.7739,15.0546],[99.8071,15.0933],[99.8796,15.0096],[99.9014,14.9961],[99.949,14.9876],[99.9592,14.9706]]]]}},{"type":"Feature","properties":{"province":"ChaiNat","district":"K.NongMaMong","hasc":"TH.CN.NM"},"geometry":{"type":"MultiPolygon","coordinates":[[[[99.8216,15.1476],[99.8065,15.1401],[99.7717,15.1397],[99.7489,15.163],[99.7606,15.1738],[99.7241,15.2219],[99.723,15.2346],[99.7327,15.2445],[99.7222,15.2569],[99.722,15.2769],[99.7888,15.317],[99.8517,15.3102],[99.8764,15.302],[99.8847,15.2862],[99.9234,15.2979],[99.9378,15.2382],[99.8216,15.1476]]]]}},{"type":"Feature","properties":{"province":"ChaiNat","district":"Manorom","hasc":"TH.CN.MA"},"geometry":{"type":"MultiPolygon","coordinates":[[[[100.2446,15.2794],[100.2322,15.2582],[100.2042,15.2449],[100.1571,15.2439],[100.1586,15.261],[100.1358,15.2794],[100.0833,15.2713],[100.064,15.2569],[100.0592,15.2778],[100.0789,15.2953],[100.0796,15.3179],[100.1006,15.336],[100.0984,15.3497],[100.0752,15.3691],[100.0819,15.3792],[100.106,15.374],[100.0894,15.3966],[100.0907,15.4115],[100.1033,15.4166],[100.127,15.4099],[100.1408,15.3995],[100.1421,15.3848],[100.1504,15.389],[100.1701,15.3736],[100.202,15.3639],[100.2491,15.3064],[100.2446,15.2794]]]]}},{"type":"Feature","properties":{"province":"ChaiNat","district":"MuangChaiNat","hasc":"TH.CN.CH"},"geometry":{"type":"MultiPolygon","coordinates":[[[[100.0642,15.0941],[100.0506,15.1021],[100.0423,15.1242],[100.0553,15.1597],[100.0559,15.1887],[100.0739,15.2175],[100.066,15.2601],[100.0833,15.2713],[100.1358,15.2794],[100.1586,15.261],[100.1571,15.2439],[100.2093,15.2457],[100.2365,15.2633],[100.2531,15.3001],[100.2886,15.2118],[100.215,15.2238],[100.1794,15.2209],[100.169,15.1665],[100.1761,15.1551],[100.1673,15.1505],[100.1765,15.1314],[100.1722,15.1257],[100.1325,15.094],[100.1071,15.0961],[100.0712,15.0862],[100.0642,15.0941]]]]}},{"type":"Feature","properties":{"province":"ChaiNat","district":"SankhaBuri","hasc":"TH.CN.SN"},"geometry":{"type":"MultiPolygon","coordinates":[[[[100.0853,14.9705],[100.0966,14.9867],[100.0976,15.0056],[100.0806,15.0183],[100.0856,15.0611],[100.0678,15.0793],[100.0765,15.0892],[100.1325,15.094],[100.1765,15.1314],[100.1861,15.1161],[100.2252,15.1082],[100.248,15.0719],[100.2784,15.0706],[100.2606,15.0571],[100.2368,15.0568],[100.2296,15.0445],[100.2352,15.0222],[100.2472,15.0214],[100.2578,15.006],[100.2698,15.0083],[100.2614,14.9888],[100.2793,14.9589],[100.261,14.9435],[100.2009,14.9525],[100.1364,14.9115],[100.1137,14.9449],[100.0765,14.956],[100.0853,14.9705]]]]}},{"type":"Feature","properties":{"province":"ChaiNat","district":"Sanphaya","hasc":"TH.CN.SP"},"geometry":{"type":"MultiPolygon","coordinates":[[[[100.2743,15.0716],[100.248,15.0719],[100.2231,15.1098],[100.1842,15.1181],[100.1673,15.1505],[100.1761,15.1551],[100.169,15.1665],[100.1794,15.2209],[100.215,15.2238],[100.2886,15.2118],[100.3039,15.1728],[100.3475,15.146],[100.3547,15.1178],[100.2972,15.0824],[100.2948,15.0652],[100.2838,15.063],[100.2743,15.0716]]]]}},{"type":"Feature","properties":{"province":"ChaiNat","district":"WatSing","hasc":"TH.CN.WA"},"geometry":{"type":"MultiPolygon","coordinates":[[[[100.0387,15.1382],[100.0367,15.1461],[100.0117,15.1446],[99.995,15.1569],[99.9652,15.1494],[99.9433,15.1331],[99.9114,15.1523],[99.8849,15.1391],[99.826,15.1492],[99.8653,15.1869],[99.9378,15.2382],[99.9234,15.2979],[99.9582,15.3041],[99.966,15.2981],[100.0057,15.3002],[100.025,15.2895],[100.0416,15.2945],[100.055,15.2868],[100.0739,15.2175],[100.0559,15.1887],[100.0499,15.1452],[100.0455,15.1362],[100.0387,15.1382]]]]}},{"type":"Feature","properties":{"province":"Chaiyaphum","district":"BamnetNarong","hasc":"TH.CY.BN"},"geometry":{"type":"MultiPolygon","coordinates":[[[[101.7026,15.5371],[101.7311,15.5351],[101.7379,15.509],[101.7614,15.4953],[101.784,15.4606],[101.8119,15.4373],[101.7813,15.3837],[101.731,15.3807],[101.7049,15.3932],[101.6864,15.3899],[101.6598,15.3999],[101.642,15.3933],[101.6219,15.3612],[101.5991,15.3778],[101.5684,15.3703],[101.5227,15.3737],[101.4936,15.3566],[101.5197,15.3999],[101.5845,15.4094],[101.5934,15.4222],[101.513,15.4927],[101.5278,15.5042],[101.5022,15.5236],[101.5196,15.5576],[101.4842,15.5916],[101.5073,15.5905],[101.5279,15.5659],[101.5479,15.56],[101.5836,15.5643],[101.6117,15.5511],[101.6176,15.5552],[101.6226,15.547],[101.6384,15.5513],[101.666,15.5334],[101.7026,15.5371]]]]}},{"type":"Feature","properties":{"province":"Chaiyaphum","district":"BanKhwao","hasc":"TH.CY.KH"},"geometry":{"type":"MultiPolygon","coordinates":[[[[101.976,15.7219],[101.9819,15.7207],[101.985,15.6864],[101.9745,15.6804],[101.9749,15.6863],[101.9706,15.6808],[101.9675,15.6855],[101.9608,15.6739],[101.9485,15.6762],[101.9526,15.6696],[101.9317,15.6546],[101.9069,15.667],[101.9002,15.687],[101.8605,15.7097],[101.8592,15.7237],[101.846,15.7249],[101.8485,15.737],[101.8452,15.7284],[101.8396,15.7392],[101.8321,15.7313],[101.8179,15.74],[101.8244,15.7428],[101.8157,15.7586],[101.8213,15.7694],[101.811,15.7755],[101.7993,15.7686],[101.789,15.7978],[101.7732,15.8023],[101.7645,15.7935],[101.7619,15.8036],[101.7469,15.8087],[101.7408,15.8244],[101.7467,15.8322],[101.7363,15.8333],[101.7482,15.8388],[101.7458,15.8444],[101.7352,15.8418],[101.7347,15.8578],[101.7221,15.8512],[101.7215,15.8653],[101.7005,15.8898],[101.7206,15.8964],[101.702,15.9],[101.7118,15.9075],[101.7005,15.9268],[101.705,15.9406],[101.6923,15.9526],[101.722,15.9718],[101.7573,15.9724],[101.7767,15.9415],[101.8073,15.9294],[101.8133,15.9116],[101.8476,15.9168],[101.8922,15.8654],[101.9179,15.864],[101.9474,15.8062],[101.9386,15.7587],[101.9439,15.7423],[101.969,15.7349],[101.976,15.7219]]]]}},{"type":"Feature","properties":{"province":"Chaiyaphum","district":"BanThaen","hasc":"TH.CY.TH"},"geometry":{"type":"MultiPolygon","coordinates":[[[[102.4296,16.3113],[102.4133,16.268],[102.4152,16.2495],[102.3682,16.2842],[102.3412,16.2892],[102.3378,16.3035],[102.3239,16.3142],[102.3038,16.3728],[102.2903,16.3786],[102.2375,16.3712],[102.2249,16.3823],[102.222,16.4],[102.2479,16.4591],[102.2794,16.458],[102.3024,16.444],[102.3197,16.4547],[102.3253,16.444],[102.367,16.4517],[102.3675,16.4369],[102.3756,16.4347],[102.3852,16.4441],[102.4014,16.445],[102.3968,16.4576],[102.4057,16.4642],[102.4164,16.4224],[102.4608,16.3904],[102.4296,16.3113]]]]}},{"type":"Feature","properties":{"province":"Chaiyaphum","district":"Chatturat","hasc":"TH.CY.CT"},"geometry":{"type":"MultiPolygon","coordinates":[[[[101.9064,15.6743],[101.9069,15.667],[101.9317,15.6546],[101.9526,15.6696],[101.9485,15.6762],[101.9608,15.6739],[101.9675,15.6855],[101.9706,15.6808],[101.9749,15.6863],[101.9745,15.6804],[101.9801,15.6885],[101.992,15.6863],[102.0052,15.6558],[101.9891,15.612],[101.9975,15.587],[101.9079,15.5712],[101.9176,15.5619],[101.9108,15.5506],[101.9186,15.5435],[101.9193,15.4695],[101.9371,15.4527],[101.9141,15.4301],[101.8988,15.3989],[101.8809,15.3858],[101.8087,15.4265],[101.8116,15.4377],[101.784,15.4606],[101.7614,15.4953],[101.7379,15.509],[101.7333,15.5325],[101.7246,15.5385],[101.7353,15.5745],[101.7644,15.5993],[101.7377,15.6491],[101.7403,15.6867],[101.7611,15.7019],[101.7646,15.7178],[101.7938,15.7509],[101.8158,15.7596],[101.8244,15.7433],[101.8188,15.739],[101.8331,15.7313],[101.8396,15.7392],[101.8452,15.7284],[101.8485,15.737],[101.8463,15.7245],[101.8592,15.7237],[101.8557,15.7183],[101.8637,15.7172],[101.8571,15.7129],[101.8798,15.7041],[101.9064,15.6743]]]]}},{"type":"Feature","properties":{"province":"Chaiyaphum","district":"K.SapYai","hasc":"TH.CY.SA"},"geometry":{"type":"MultiPolygon","coordinates":[[[[101.7023,15.5368],[101.666,15.5334],[101.6498,15.547],[101.6226,15.547],[101.5966,15.5623],[101.5303,15.5646],[101.5073,15.5905],[101.4913,15.5892],[101.4677,15.6003],[101.483,15.6297],[101.5312,15.618],[101.5944,15.6278],[101.592,15.661],[101.6132,15.6773],[101.6403,15.6821],[101.6443,15.6719],[101.6733,15.6558],[101.6996,15.6575],[101.7073,15.6693],[101.7383,15.6754],[101.7394,15.6434],[101.7644,15.5993],[101.7353,15.5745],[101.7246,15.5385],[101.7023,15.5368]]]]}},{"type":"Feature","properties":{"province":"Chaiyaphum","district":"KaengKhlo","hasc":"TH.CY.KK"},"geometry":{"type":"MultiPolygon","coordinates":[[[[102.2424,16.0508],[102.1926,15.993],[102.1701,15.9804],[102.1255,15.982],[102.0872,16.0005],[102.0973,16.0092],[102.0943,16.0582],[102.1132,16.1226],[102.1152,16.195],[102.1246,16.2142],[102.1707,16.1899],[102.1924,16.1882],[102.2402,16.2328],[102.2862,16.2344],[102.2945,16.2506],[102.3431,16.2627],[102.3559,16.2854],[102.3682,16.2842],[102.4163,16.2482],[102.3274,16.1259],[102.2868,16.0856],[102.2832,16.0705],[102.2718,16.0713],[102.2424,16.0508]]]]}},{"type":"Feature","properties":{"province":"Chaiyaphum","district":"KasetSombon","hasc":"TH.CY.KA"},"geometry":{"type":"MultiPolygon","coordinates":[[[[102.1105,16.116],[102.0943,16.0582],[102.0964,16.0356],[102.0865,16.0238],[102.0507,16.0289],[102.0393,16.0212],[102.0528,16.0562],[102.0232,16.0804],[101.9969,16.0578],[101.968,16.0703],[101.9527,16.057],[101.9474,16.0385],[101.9181,16.0251],[101.8721,16.0513],[101.8512,16.0491],[101.827,16.0848],[101.8458,16.1444],[101.8191,16.1623],[101.8556,16.208],[101.8507,16.2747],[101.8217,16.3145],[101.7543,16.3636],[101.715,16.4146],[101.691,16.4289],[101.677,16.4212],[101.6823,16.4487],[101.7029,16.4543],[101.7048,16.465],[101.7139,16.468],[101.7264,16.4638],[101.727,16.4524],[101.7326,16.4621],[101.7458,16.4576],[101.7629,16.4819],[101.8033,16.4657],[101.812,16.4775],[101.8366,16.477],[101.8537,16.4908],[101.8742,16.4926],[101.9037,16.4921],[101.9299,16.4786],[101.9308,16.4679],[101.9643,16.4694],[101.998,16.4014],[101.9867,16.3851],[101.9889,16.3735],[102.0251,16.3656],[102.0465,16.3523],[102.0499,16.3279],[102.064,16.3263],[102.0687,16.2822],[102.1231,16.2221],[102.1105,16.116]]]]}},{"type":"Feature","properties":{"province":"Chaiyaphum","district":"KhonSan","hasc":"TH.CY.KS"},"geometry":{"type":"MultiPolygon","coordinates":[[[[101.9217,16.6257],[101.9406,16.6343],[101.9574,16.6301],[101.9577,16.6165],[101.9795,16.6094],[101.9855,16.5953],[101.9806,16.5864],[101.9939,16.5823],[101.9915,16.5652],[102.0266,16.5554],[102.0382,16.5136],[102.0761,16.5005],[102.0303,16.4575],[101.9682,16.4626],[101.951,16.4734],[101.9361,16.4666],[101.9299,16.4786],[101.8949,16.4931],[101.8537,16.4908],[101.837,16.4771],[101.8116,16.4773],[101.8033,16.4657],[101.7639,16.4821],[101.7462,16.4578],[101.7326,16.4621],[101.7279,16.4525],[101.7254,16.4647],[101.7054,16.4657],[101.7029,16.4543],[101.6827,16.449],[101.6758,16.4386],[101.677,16.4212],[101.6596,16.4248],[101.5893,16.392],[101.5657,16.4151],[101.5415,16.4143],[101.5272,16.3928],[101.4997,16.4126],[101.4614,16.4175],[101.4514,16.4294],[101.4513,16.452],[101.4748,16.477],[101.4651,16.5],[101.4687,16.5181],[101.4743,16.5272],[101.4855,16.5234],[101.5207,16.5468],[101.4979,16.5694],[101.5019,16.6082],[101.5278,16.6183],[101.5109,16.6547],[101.5126,16.6779],[101.5287,16.6776],[101.5401,16.6641],[101.5502,16.6664],[101.5652,16.6469],[101.5734,16.6475],[101.5781,16.6597],[101.5721,16.6916],[101.5558,16.7118],[101.5556,16.7287],[101.5873,16.7235],[101.5949,16.7073],[101.6063,16.7062],[101.6194,16.6853],[101.6354,16.6791],[101.6844,16.6863],[101.728,16.6498],[101.753,16.6655],[101.7557,16.6504],[101.7664,16.6534],[101.7806,16.645],[101.7761,16.6268],[101.8075,16.6508],[101.8244,16.6484],[101.8313,16.6565],[101.8546,16.6554],[101.8565,16.6478],[101.8752,16.6407],[101.8916,16.6428],[101.9078,16.6332],[101.9069,16.6267],[101.9146,16.6322],[101.9217,16.6257]]]]}},{"type":"Feature","properties":{"province":"Chaiyaphum","district":"KhonSawan","hasc":"TH.CY.KO"},"geometry":{"type":"MultiPolygon","coordinates":[[[[102.3205,15.8523],[102.3297,15.8028],[102.3142,15.8065],[102.3085,15.7911],[102.259,15.7802],[102.2599,15.7707],[102.2531,15.7686],[102.2438,15.7941],[102.2326,15.7997],[102.2352,15.8095],[102.222,15.8285],[102.2117,15.8744],[102.1449,15.9794],[102.1693,15.9802],[102.1915,15.9921],[102.2404,16.0489],[102.2726,16.0716],[102.2885,16.0684],[102.305,16.0369],[102.3152,16.0407],[102.3299,16.0292],[102.3458,16.0336],[102.3575,16.0036],[102.3887,15.9914],[102.3865,15.9778],[102.3666,15.9624],[102.3763,15.9436],[102.357,15.9278],[102.3638,15.9257],[102.3551,15.8985],[102.339,15.8719],[102.3221,15.8647],[102.3205,15.8523]]]]}},{"type":"Feature","properties":{"province":"Chaiyaphum","district":"MuangChaiyaphum","hasc":"TH.CY.CP"},"geometry":{"type":"MultiPolygon","coordinates":[[[[102.2236,15.8258],[102.2321,15.8201],[102.2368,15.7923],[102.2446,15.7925],[102.2531,15.7506],[102.2319,15.7427],[102.2052,15.7557],[102.202,15.7383],[102.1886,15.7378],[102.1867,15.7466],[102.166,15.7439],[102.1645,15.7363],[102.1568,15.7407],[102.1632,15.7256],[102.1544,15.7252],[102.1506,15.7059],[102.1443,15.7058],[102.1478,15.6837],[102.1382,15.6699],[102.1289,15.6697],[102.1287,15.6499],[102.1201,15.6512],[102.1223,15.6442],[102.1033,15.6366],[102.1069,15.631],[102.1004,15.6338],[102.0932,15.6254],[102.0904,15.6324],[102.0864,15.6202],[102.0815,15.6245],[102.0748,15.6182],[102.0695,15.6342],[102.046,15.6313],[102.0311,15.6534],[102.0362,15.6664],[102.0058,15.6822],[102.0028,15.6946],[102.0025,15.6885],[101.9824,15.6833],[101.9817,15.7211],[101.969,15.7349],[101.9442,15.7415],[101.9386,15.7587],[101.9474,15.8062],[101.9215,15.8605],[101.8922,15.8654],[101.8476,15.9168],[101.8133,15.9116],[101.8073,15.9294],[101.7767,15.9415],[101.7573,15.9724],[101.8013,15.9734],[101.9041,16.0004],[101.9257,16.0293],[101.9477,16.0389],[101.9527,16.057],[101.968,16.0703],[101.9969,16.0578],[102.0232,16.0804],[102.0528,16.0562],[102.0393,16.0212],[102.0507,16.0289],[102.0865,16.0238],[102.0951,16.0313],[102.0973,16.0092],[102.0875,16.0001],[102.1455,15.9786],[102.2117,15.8744],[102.2236,15.8258]]]]}},{"type":"Feature","properties":{"province":"Chaiyaphum","district":"NoenSa-Nga","hasc":"TH.CY.NS"},"geometry":{"type":"MultiPolygon","coordinates":[[[[101.9367,15.4529],[101.9193,15.4695],[101.9186,15.5435],[101.9108,15.5506],[101.9176,15.5619],[101.9079,15.5712],[101.9979,15.5876],[101.9891,15.612],[102.0052,15.6576],[101.992,15.6863],[102.0024,15.6948],[102.0058,15.6822],[102.0362,15.6664],[102.0311,15.6534],[102.0463,15.631],[102.0591,15.6361],[102.0754,15.629],[102.0729,15.6032],[102.0405,15.5445],[102.045,15.5264],[102.0343,15.4977],[102.035,15.4719],[102.0117,15.4543],[101.9979,15.4628],[101.9597,15.4511],[101.9367,15.4529]]]]}},{"type":"Feature","properties":{"province":"Chaiyaphum","district":"NongBuaDaeng","hasc":"TH.CY.ND"},"geometry":{"type":"MultiPolygon","coordinates":[[[[101.7559,15.9723],[101.722,15.9718],[101.6893,15.951],[101.6727,15.9712],[101.6523,15.9784],[101.5589,15.9753],[101.545,15.9621],[101.55,15.9494],[101.5356,15.9676],[101.5288,16.0031],[101.5197,16.0015],[101.5124,16.0149],[101.5104,16.0593],[101.4906,16.0777],[101.4733,16.1171],[101.4405,16.1256],[101.4371,16.1131],[101.4267,16.1146],[101.4212,16.1283],[101.4036,16.1371],[101.4092,16.1499],[101.3816,16.1796],[101.3734,16.2191],[101.3772,16.2397],[101.3535,16.2542],[101.3763,16.2681],[101.3724,16.2887],[101.3838,16.3127],[101.3864,16.354],[101.4116,16.3745],[101.4137,16.3872],[101.4039,16.396],[101.4223,16.4073],[101.4342,16.4298],[101.4493,16.4355],[101.4614,16.4175],[101.4997,16.4126],[101.5272,16.3928],[101.5415,16.4143],[101.5583,16.4171],[101.5893,16.392],[101.6582,16.4244],[101.6791,16.4204],[101.6946,16.428],[101.727,16.4033],[101.7547,16.3633],[101.8214,16.3148],[101.8427,16.2905],[101.8593,16.2243],[101.8493,16.1945],[101.8192,16.1628],[101.8458,16.1444],[101.8272,16.0835],[101.8512,16.0491],[101.8721,16.0513],[101.9107,16.0247],[101.9232,16.0262],[101.9037,16.0002],[101.8712,15.9969],[101.8013,15.9734],[101.7559,15.9723]]]]}},{"type":"Feature","properties":{"province":"Chaiyaphum","district":"NongBuaRawae","hasc":"TH.CY.NR"},"geometry":{"type":"MultiPolygon","coordinates":[[[[101.7934,15.779],[101.7993,15.7686],[101.811,15.7755],[101.821,15.7644],[101.7783,15.738],[101.7611,15.7019],[101.7418,15.6884],[101.7356,15.6736],[101.7073,15.6693],[101.6996,15.6575],[101.6733,15.6558],[101.6443,15.6719],[101.6399,15.6822],[101.5916,15.6716],[101.5758,15.6819],[101.5724,15.7008],[101.619,15.7087],[101.6415,15.7289],[101.592,15.7529],[101.585,15.7672],[101.5433,15.7687],[101.5327,15.783],[101.5112,15.7927],[101.5039,15.8325],[101.486,15.838],[101.4558,15.8833],[101.4604,15.9243],[101.4783,15.9553],[101.4942,15.9652],[101.5364,15.9448],[101.5551,15.9473],[101.5448,15.9612],[101.5589,15.9753],[101.6518,15.9784],[101.6711,15.9722],[101.705,15.9406],[101.7005,15.9268],[101.7118,15.9075],[101.7018,15.9004],[101.7206,15.8959],[101.7005,15.8898],[101.7215,15.8653],[101.7221,15.8512],[101.7347,15.8578],[101.7352,15.8418],[101.7458,15.8444],[101.7482,15.8388],[101.7363,15.8333],[101.7467,15.8322],[101.7408,15.8244],[101.7469,15.8087],[101.7619,15.8036],[101.7645,15.7935],[101.7732,15.8023],[101.7883,15.7984],[101.7934,15.779]]]]}},{"type":"Feature","properties":{"province":"Chaiyaphum","district":"PhakdiChumphol","hasc":"TH.CY.PC"},"geometry":{"type":"MultiPolygon","coordinates":[[[[101.4566,15.9],[101.4537,15.8737],[101.4303,15.8391],[101.4183,15.7556],[101.4082,15.7351],[101.3937,15.7435],[101.3851,15.7351],[101.3368,15.7536],[101.3397,15.7664],[101.3299,15.7833],[101.3182,15.7879],[101.3321,15.8013],[101.333,15.8267],[101.3257,15.8307],[101.3329,15.8789],[101.354,15.8873],[101.3762,15.9178],[101.3624,15.9226],[101.3755,15.9658],[101.359,15.9611],[101.3428,15.9837],[101.3422,16.0113],[101.3244,16.0393],[101.343,16.1509],[101.3666,16.1842],[101.3833,16.1871],[101.3836,16.1732],[101.4092,16.1499],[101.4024,16.1389],[101.4212,16.1283],[101.4263,16.1148],[101.4371,16.1131],[101.4405,16.1256],[101.4733,16.1171],[101.4906,16.0777],[101.5104,16.0593],[101.5138,16.0116],[101.5197,16.0015],[101.5288,16.0031],[101.5356,15.9676],[101.5551,15.9473],[101.536,15.9448],[101.4938,15.965],[101.4752,15.9508],[101.4566,15.9]]]]}},{"type":"Feature","properties":{"province":"Chaiyaphum","district":"PhuKhieo","hasc":"TH.CY.PK"},"geometry":{"type":"MultiPolygon","coordinates":[[[[102.2889,16.2373],[102.2402,16.2328],[102.1874,16.1872],[102.1251,16.2138],[102.1104,16.2395],[102.0687,16.2822],[102.064,16.3263],[102.0499,16.3279],[102.0465,16.3523],[102.0251,16.3656],[101.9889,16.3735],[101.9867,16.3851],[101.9991,16.3971],[101.9678,16.4629],[102.0303,16.4575],[102.0613,16.4865],[102.0813,16.4947],[102.1254,16.4925],[102.1599,16.5014],[102.1747,16.4894],[102.1851,16.5045],[102.1951,16.4967],[102.2013,16.5026],[102.2157,16.4993],[102.26,16.4583],[102.2479,16.4591],[102.2412,16.4336],[102.2269,16.4178],[102.2251,16.3819],[102.2399,16.3702],[102.2898,16.3786],[102.3049,16.372],[102.3241,16.3138],[102.3378,16.3035],[102.3419,16.2885],[102.3559,16.2854],[102.3435,16.263],[102.295,16.2508],[102.2889,16.2373]]]]}},{"type":"Feature","properties":{"province":"Chaiyaphum","district":"ThepSathit","hasc":"TH.CY.TS"},"geometry":{"type":"MultiPolygon","coordinates":[[[[101.5188,15.3967],[101.4979,15.3733],[101.4936,15.3566],[101.4742,15.3676],[101.4348,15.3686],[101.4133,15.3153],[101.3893,15.3217],[101.3793,15.3526],[101.3871,15.4828],[101.3717,15.5823],[101.4015,15.7227],[101.4183,15.7556],[101.4303,15.8391],[101.4558,15.8833],[101.486,15.838],[101.5039,15.8325],[101.5115,15.7923],[101.5327,15.783],[101.5433,15.7687],[101.585,15.7672],[101.592,15.7529],[101.642,15.7278],[101.619,15.7087],[101.5717,15.6997],[101.5763,15.6812],[101.5999,15.6682],[101.5915,15.6578],[101.5944,15.6278],[101.5312,15.618],[101.4876,15.6299],[101.4763,15.625],[101.4679,15.5963],[101.4842,15.5916],[101.5196,15.5576],[101.5022,15.5236],[101.5278,15.5042],[101.513,15.4927],[101.5934,15.4222],[101.5845,15.4094],[101.5188,15.3967]]]]}},{"type":"Feature","properties":{"province":"Chanthaburi","district":"K.KaoKichakut","hasc":"TH.CT.KK"},"geometry":{"type":"MultiPolygon","coordinates":[[[[101.951,12.9105],[101.9691,12.9533],[101.9566,12.9793],[101.9984,12.9958],[102.0219,13.0326],[102.0191,13.0696],[102.0546,13.1088],[102.0633,13.1439],[102.0733,13.1342],[102.1057,13.129],[102.1219,13.1383],[102.1546,13.1345],[102.1455,13.11],[102.1535,13.0938],[102.1524,13.0647],[102.1634,13.0127],[102.1775,12.9937],[102.1674,12.9666],[102.1909,12.9315],[102.2095,12.9268],[102.2305,12.9088],[102.2421,12.8827],[102.1967,12.8736],[102.1821,12.8034],[102.1345,12.7729],[102.1412,12.7486],[102.0991,12.7373],[102.0679,12.7642],[102.0514,12.7996],[102.0256,12.8119],[102.0115,12.8652],[102.0227,12.8801],[101.9962,12.9223],[101.951,12.9105]]]]}},{"type":"Feature","properties":{"province":"Chanthaburi","district":"K.NaYaiAm","hasc":"TH.CT.NA"},"geometry":{"type":"MultiPolygon","coordinates":[[[[101.8575,12.6455],[101.8261,12.6722],[101.7853,12.6931],[101.7914,12.7008],[101.7854,12.7101],[101.8001,12.7224],[101.8014,12.7484],[101.8207,12.7536],[101.8195,12.8],[101.8295,12.8212],[101.8755,12.8402],[101.8523,12.9306],[101.9015,12.8544],[101.9064,12.804],[101.9198,12.7968],[101.9223,12.78],[101.9557,12.7322],[101.9587,12.7173],[101.945,12.7059],[101.9544,12.7007],[101.9612,12.6792],[101.9609,12.66],[101.9469,12.6567],[101.9181,12.7203],[101.9089,12.7241],[101.8994,12.6631],[101.9109,12.6282],[101.9024,12.6101],[101.8828,12.6004],[101.8837,12.5876],[101.8575,12.6455]]]]}},{"type":"Feature","properties":{"province":"Chanthaburi","district":"KangHangMaeo","hasc":"TH.CT.KA"},"geometry":{"type":"MultiPolygon","coordinates":[[[[101.8706,12.8414],[101.8303,12.8223],[101.8197,12.8982],[101.8152,12.9008],[101.8095,12.885],[101.7931,12.94],[101.7799,12.9517],[101.7576,12.9399],[101.7401,12.9582],[101.7399,12.9814],[101.7603,13.0126],[101.7587,13.03],[101.7457,13.0366],[101.7279,13.0288],[101.7186,13.033],[101.6946,13.0911],[101.7013,13.1076],[101.6904,13.1095],[101.687,13.1197],[101.6985,13.1512],[101.7143,13.1617],[101.7199,13.1797],[101.7735,13.1829],[101.8211,13.2174],[101.8289,13.2356],[101.8385,13.2325],[101.8509,13.246],[101.8709,13.2488],[101.8746,13.2214],[101.8843,13.2352],[101.8929,13.2263],[101.9019,13.2338],[101.8986,13.2619],[101.907,13.2706],[101.9066,13.286],[101.9288,13.2943],[101.9297,13.2876],[101.9478,13.2919],[101.9688,13.3237],[101.9903,13.3322],[102.0139,13.2885],[102.0368,13.281],[102.0288,13.238],[102.0383,13.2254],[102.0416,13.1933],[102.0355,13.1811],[102.0627,13.1488],[102.0579,13.1184],[102.0199,13.0715],[102.0219,13.0326],[101.9984,12.9958],[101.9566,12.9793],[101.9691,12.9533],[101.951,12.9105],[101.9272,12.9349],[101.9099,12.9391],[101.8839,12.9833],[101.8771,12.9772],[101.8663,12.922],[101.8523,12.9306],[101.8706,12.8414]]]]}},{"type":"Feature","properties":{"province":"Chanthaburi","district":"Khlung","hasc":"TH.CT.KH"},"geometry":{"type":"MultiPolygon","coordinates":[[[[102.2433,12.2947],[102.2381,12.2858],[102.235,12.2967],[102.2433,12.2947]]],[[[102.203,12.3689],[102.2035,12.4043],[102.2383,12.4169],[102.2472,12.4044],[102.2316,12.3815],[102.2456,12.3742],[102.2408,12.3614],[102.2532,12.3821],[102.2581,12.3496],[102.2764,12.3253],[102.2758,12.3106],[102.2547,12.3058],[102.2212,12.3297],[102.195,12.3622],[102.203,12.3689]]],[[[102.2464,12.3922],[102.2517,12.3872],[102.2461,12.3814],[102.233,12.3828],[102.2394,12.3978],[102.2464,12.3922]]],[[[102.2653,12.4403],[102.2269,12.4225],[102.2175,12.4278],[102.2156,12.4417],[102.1922,12.4325],[102.1872,12.44],[102.1992,12.4558],[102.1917,12.4569],[102.19,12.4436],[102.182,12.4423],[102.1731,12.4544],[102.1761,12.4622],[102.1671,12.4637],[102.1671,12.4783],[102.1534,12.484],[102.1491,12.4954],[102.2026,12.5327],[102.2107,12.6],[102.2527,12.6268],[102.263,12.6444],[102.3005,12.6465],[102.2728,12.7216],[102.3238,12.7305],[102.3141,12.7632],[102.3244,12.7917],[102.3222,12.8119],[102.3301,12.817],[102.3589,12.8091],[102.3716,12.7952],[102.3761,12.7742],[102.3909,12.765],[102.4064,12.778],[102.4229,12.7679],[102.4368,12.7731],[102.494,12.7559],[102.4759,12.7347],[102.4426,12.7362],[102.4261,12.7221],[102.425,12.7107],[102.4019,12.6982],[102.3949,12.6787],[102.3858,12.6776],[102.3918,12.6312],[102.4023,12.6145],[102.3888,12.6032],[102.424,12.5685],[102.3996,12.5676],[102.373,12.5965],[102.3493,12.5902],[102.34,12.5683],[102.3067,12.5547],[102.3174,12.5379],[102.3172,12.5102],[102.3312,12.5028],[102.3431,12.4801],[102.3384,12.4631],[102.3213,12.4511],[102.3313,12.4445],[102.3269,12.4264],[102.3688,12.4018],[102.3714,12.3928],[102.3422,12.3675],[102.3314,12.3725],[102.3328,12.3803],[102.318,12.3763],[102.315,12.3862],[102.3169,12.3758],[102.3264,12.3754],[102.3201,12.3658],[102.3253,12.3717],[102.3389,12.3672],[102.3339,12.3558],[102.3311,12.3619],[102.3178,12.3583],[102.3311,12.3605],[102.3364,12.3364],[102.3147,12.3233],[102.3053,12.3061],[102.2839,12.32],[102.2772,12.3392],[102.2884,12.3439],[102.2711,12.3472],[102.2672,12.3681],[102.2964,12.375],[102.2831,12.3931],[102.2817,12.4103],[102.3011,12.4217],[102.2906,12.4153],[102.2869,12.4219],[102.2736,12.3853],[102.2561,12.4161],[102.2678,12.4325],[102.2653,12.4403]]],[[[102.3489,12.3672],[102.3517,12.3717],[102.3568,12.3733],[102.3526,12.371],[102.3483,12.3656],[102.3489,12.3672]]],[[[102.3576,12.3737],[102.3578,12.3739],[102.3581,12.3739],[102.3576,12.3737]]],[[[102.3597,12.375],[102.3633,12.3839],[102.3667,12.3861],[102.3605,12.375],[102.3581,12.3739],[102.3597,12.375]]],[[[102.37,12.3861],[102.3725,12.3897],[102.3714,12.3928],[102.3735,12.3874],[102.3715,12.3856],[102.3689,12.3858],[102.37,12.3861]]],[[[102.2492,12.2883],[102.2511,12.2903],[102.2533,12.2872],[102.2517,12.2853],[102.2492,12.2883]]],[[[102.2853,12.3875],[102.2939,12.3742],[102.2792,12.3856],[102.2853,12.3875]]]]}},{"type":"Feature","properties":{"province":"Chanthaburi","district":"LaemSing","hasc":"TH.CT.LA"},"geometry":{"type":"MultiPolygon","coordinates":[[[[102.1312,12.3937],[102.1322,12.3972],[102.1339,12.3994],[102.1353,12.3967],[102.1316,12.3924],[102.1312,12.3937]]],[[[102.203,12.3689],[102.1948,12.3626],[102.1377,12.4104],[102.1194,12.4075],[102.1258,12.4186],[102.1075,12.4478],[102.0608,12.4806],[102.0717,12.51],[102.0817,12.51],[102.0814,12.4994],[102.0978,12.4947],[102.1058,12.4831],[102.1064,12.4961],[102.0858,12.4994],[102.0761,12.5125],[102.0817,12.5211],[102.1004,12.5209],[102.1095,12.5296],[102.1328,12.5183],[102.1643,12.5343],[102.1797,12.521],[102.1491,12.4954],[102.1534,12.484],[102.1671,12.4783],[102.1671,12.4637],[102.1761,12.4622],[102.1731,12.4544],[102.1906,12.4311],[102.2167,12.4372],[102.2192,12.4214],[102.2014,12.4061],[102.203,12.3689]]],[[[102.1114,12.4228],[102.11,12.4217],[102.1075,12.4219],[102.1106,12.4253],[102.1114,12.4228]]],[[[102.023,12.4654],[102.0247,12.4635],[102.0249,12.4601],[102.0213,12.4631],[102.0219,12.4657],[102.023,12.4654]]],[[[102.1023,12.4905],[102.1019,12.4908],[102.1019,12.4934],[102.1037,12.4912],[102.1023,12.4905]]],[[[101.9797,12.5485],[101.9814,12.5566],[102.0264,12.5656],[102.0215,12.54],[102.0342,12.5389],[102.0461,12.525],[102.0624,12.5257],[102.055,12.4856],[102.0595,12.4686],[102.0428,12.4733],[102.0461,12.4903],[102.0361,12.4872],[102.0433,12.4958],[102.0308,12.5134],[101.9788,12.5419],[101.9797,12.5485]]]]}},{"type":"Feature","properties":{"province":"Chanthaburi","district":"Makham","hasc":"TH.CT.MA"},"geometry":{"type":"MultiPolygon","coordinates":[[[[102.1702,12.6259],[102.1535,12.6419],[102.1331,12.6385],[102.1411,12.6604],[102.1386,12.6868],[102.0991,12.7373],[102.1412,12.7486],[102.1353,12.7745],[102.1821,12.8034],[102.1967,12.8736],[102.2421,12.8827],[102.2392,12.8586],[102.2539,12.8446],[102.2788,12.8255],[102.3047,12.8375],[102.3242,12.8056],[102.3141,12.7632],[102.3238,12.7305],[102.2728,12.7216],[102.3005,12.6465],[102.263,12.6444],[102.2527,12.6268],[102.2107,12.6],[102.1853,12.6274],[102.1702,12.6259]]]]}},{"type":"Feature","properties":{"province":"Chanthaburi","district":"MuangChanthaburi","hasc":"TH.CT.CH"},"geometry":{"type":"MultiPolygon","coordinates":[[[[102.1095,12.5296],[102.1089,12.5418],[102.0925,12.5225],[102.0689,12.53],[102.0908,12.5444],[102.0489,12.5292],[102.0439,12.5385],[102.0231,12.5453],[102.0305,12.5498],[102.0281,12.5628],[102.0408,12.5583],[102.0531,12.5717],[102.0525,12.5767],[102.0422,12.5697],[102.0419,12.5775],[102.0544,12.6068],[102.0661,12.6104],[102.0623,12.6304],[102.0742,12.6412],[102.0632,12.6591],[102.0705,12.7115],[102.0892,12.7473],[102.138,12.6885],[102.1411,12.6604],[102.1341,12.6373],[102.1535,12.6419],[102.1682,12.6266],[102.1829,12.6287],[102.2107,12.6],[102.2031,12.5673],[102.2076,12.5426],[102.1995,12.5286],[102.1797,12.521],[102.1643,12.5343],[102.1553,12.5331],[102.1328,12.5183],[102.1095,12.5296]]]]}},{"type":"Feature","properties":{"province":"Chanthaburi","district":"PongNamRon","hasc":"TH.CT.PO"},"geometry":{"type":"MultiPolygon","coordinates":[[[[102.4935,12.9856],[102.4855,12.9779],[102.5008,12.9606],[102.4855,12.948],[102.5091,12.8951],[102.5078,12.8658],[102.4979,12.8588],[102.5148,12.8411],[102.5147,12.8233],[102.5294,12.8182],[102.5281,12.7966],[102.5358,12.7841],[102.5325,12.7676],[102.5175,12.7519],[102.5051,12.7516],[102.4368,12.7731],[102.4229,12.7679],[102.4064,12.778],[102.3909,12.765],[102.3761,12.7742],[102.3707,12.7967],[102.3484,12.8156],[102.3158,12.8137],[102.3047,12.8375],[102.2788,12.8255],[102.2539,12.8446],[102.2392,12.8586],[102.2413,12.8871],[102.2305,12.9088],[102.1754,12.9489],[102.1664,12.978],[102.1775,12.9937],[102.1629,13.0151],[102.1648,13.0283],[102.1844,13.0218],[102.2289,13.0448],[102.2651,13.05],[102.2862,13.0416],[102.3399,13.0434],[102.3488,13.059],[102.3901,13.0872],[102.4078,13.0806],[102.4359,13.0884],[102.4595,13.0822],[102.4949,13.013],[102.5301,13.0025],[102.4935,12.9856]]]]}},{"type":"Feature","properties":{"province":"Chanthaburi","district":"Soydow","hasc":"TH.CT.SO"},"geometry":{"type":"MultiPolygon","coordinates":[[[[102.1632,13.0337],[102.1457,13.1078],[102.1546,13.1345],[102.1219,13.1383],[102.1057,13.129],[102.0733,13.1342],[102.0367,13.1742],[102.0417,13.1953],[102.0327,13.2373],[102.0582,13.2397],[102.0732,13.2545],[102.11,13.2631],[102.1193,13.2764],[102.131,13.3346],[102.1536,13.2971],[102.1894,13.3011],[102.2058,13.2569],[102.2219,13.2631],[102.2694,13.2544],[102.2874,13.2592],[102.2968,13.2831],[102.2926,13.2989],[102.3124,13.2858],[102.337,13.315],[102.3529,13.2974],[102.3494,13.2774],[102.3671,13.2629],[102.3706,13.2368],[102.3932,13.1992],[102.399,13.1566],[102.4178,13.1373],[102.4166,13.123],[102.4359,13.0884],[102.4078,13.0806],[102.3901,13.0872],[102.3488,13.059],[102.3399,13.0434],[102.2862,13.0416],[102.2629,13.0498],[102.2268,13.0442],[102.1817,13.0212],[102.1632,13.0337]]]]}},{"type":"Feature","properties":{"province":"Chanthaburi","district":"ThaMai","hasc":"TH.CT.TH"},"geometry":{"type":"MultiPolygon","coordinates":[[[[101.9478,12.5083],[101.9478,12.5136],[101.9497,12.5142],[101.9514,12.5117],[101.9504,12.5092],[101.9483,12.5074],[101.9478,12.5083]]],[[[101.9494,12.5556],[101.9489,12.5514],[101.9439,12.5589],[101.9458,12.5619],[101.9494,12.5556]]],[[[101.9005,12.6085],[101.9109,12.6282],[101.8994,12.6631],[101.9089,12.7241],[101.9181,12.7203],[101.9469,12.6567],[101.9609,12.66],[101.9612,12.6792],[101.9544,12.7007],[101.945,12.7059],[101.9587,12.7173],[101.9557,12.7322],[101.9223,12.78],[101.9198,12.7968],[101.9064,12.804],[101.9015,12.8544],[101.8626,12.9192],[101.8839,12.9833],[101.9099,12.9391],[101.9272,12.9349],[101.9531,12.9088],[101.9962,12.9223],[102.0227,12.8801],[102.0115,12.8652],[102.0256,12.8119],[102.0514,12.7996],[102.0679,12.7642],[102.0892,12.7473],[102.0705,12.7115],[102.0632,12.6591],[102.0742,12.6412],[102.0623,12.6304],[102.0661,12.6104],[102.0544,12.6068],[102.0397,12.5608],[102.022,12.5706],[102.0065,12.5653],[102.0079,12.5763],[101.9967,12.5565],[101.9814,12.5566],[101.9788,12.5419],[101.9492,12.54],[101.9578,12.5617],[101.9536,12.5728],[101.9631,12.5811],[101.95,12.5961],[101.9597,12.6172],[101.9708,12.6228],[101.9544,12.6203],[101.96,12.6114],[101.9387,12.5888],[101.9278,12.5947],[101.9436,12.5686],[101.9493,12.5162],[101.9436,12.5325],[101.9292,12.5368],[101.9089,12.5627],[101.8856,12.5758],[101.8852,12.5826],[101.9075,12.5758],[101.905,12.5961],[101.8945,12.603],[101.9005,12.6085]]],[[[101.9536,12.6032],[101.9536,12.6029],[101.9522,12.6026],[101.9542,12.6043],[101.9536,12.6032]]]]}},{"type":"Feature","properties":{"province":"ChiangMai","district":"ChaiPrakarn","hasc":"TH.CM.CP"},"geometry":{"type":"MultiPolygon","coordinates":[[[[99.2955,19.6772],[99.2662,19.6606],[99.2601,19.629],[99.2687,19.6078],[99.2915,19.5939],[99.2963,19.5682],[99.2452,19.5588],[99.1994,19.5796],[99.1679,19.5692],[99.1611,19.581],[99.1364,19.5687],[99.1102,19.6001],[99.091,19.6024],[99.0926,19.6287],[99.078,19.634],[99.0655,19.6782],[99.0527,19.6785],[99.0311,19.6944],[99.0254,19.7171],[99.031,19.7407],[99.0186,19.756],[99.0313,19.7812],[99.0154,19.7906],[99.0366,19.8002],[99.0527,19.761],[99.1187,19.7652],[99.1582,19.759],[99.1653,19.766],[99.1789,19.7397],[99.2015,19.7463],[99.216,19.7668],[99.2309,19.7678],[99.2427,19.7562],[99.3045,19.7519],[99.3268,19.7334],[99.3375,19.7112],[99.3152,19.7053],[99.2955,19.6772]]]]}},{"type":"Feature","properties":{"province":"ChiangMai","district":"ChiangDao","hasc":"TH.CM.CD"},"geometry":{"type":"MultiPolygon","coordinates":[[[[99.1047,19.3548],[99.0867,19.3241],[99.0937,19.2791],[99.0783,19.2607],[99.0582,19.2665],[99.0399,19.2564],[98.996,19.2665],[98.9836,19.2809],[98.9793,19.2641],[98.938,19.2766],[98.9039,19.2629],[98.8809,19.2882],[98.8418,19.2953],[98.8119,19.2865],[98.7482,19.3237],[98.7148,19.3096],[98.7068,19.2972],[98.6964,19.3339],[98.661,19.334],[98.6411,19.3486],[98.6243,19.3423],[98.5965,19.352],[98.575,19.3835],[98.579,19.3958],[98.5957,19.4013],[98.5873,19.4138],[98.591,19.4291],[98.634,19.4402],[98.6924,19.4409],[98.6791,19.4768],[98.7297,19.4767],[98.742,19.5023],[98.7541,19.4924],[98.7689,19.5025],[98.812,19.4937],[98.8034,19.5119],[98.8118,19.5467],[98.7934,19.5955],[98.8112,19.6113],[98.7829,19.6313],[98.7813,19.6445],[98.7514,19.6623],[98.7543,19.7006],[98.7486,19.6968],[98.7283,19.7138],[98.7159,19.6889],[98.6914,19.7124],[98.6491,19.7165],[98.6666,19.7448],[98.7141,19.7616],[98.7411,19.7515],[98.7531,19.7582],[98.779,19.7497],[98.7983,19.7731],[98.8289,19.7903],[98.8415,19.8111],[98.9104,19.7611],[98.9188,19.7395],[98.9319,19.7715],[98.9825,19.7319],[98.9947,19.7822],[99.0053,19.7795],[99.015,19.7915],[99.0255,19.7874],[99.0313,19.7812],[99.0186,19.756],[99.031,19.7407],[99.0254,19.7171],[99.0311,19.6944],[99.0527,19.6785],[99.0655,19.6782],[99.078,19.634],[99.0926,19.6287],[99.091,19.6024],[99.1102,19.6001],[99.1376,19.5672],[99.1162,19.5445],[99.1224,19.5195],[99.1385,19.5224],[99.1579,19.509],[99.1571,19.4721],[99.1461,19.4762],[99.1382,19.4699],[99.1249,19.4427],[99.1344,19.4106],[99.1128,19.405],[99.0995,19.3816],[99.1078,19.3699],[99.1047,19.3548]]]]}},{"type":"Feature","properties":{"province":"ChiangMai","district":"ChomThong","hasc":"TH.BM.CT"},"geometry":{"type":"MultiPolygon","coordinates":[[[[98.6993,18.4093],[98.7094,18.4146],[98.7097,18.4096],[98.6826,18.3671],[98.7053,18.3336],[98.6746,18.3255],[98.6767,18.3125],[98.6667,18.3005],[98.7724,18.2542],[98.7785,18.2437],[98.7745,18.2291],[98.7866,18.2145],[98.7844,18.1777],[98.7607,18.1673],[98.7481,18.1524],[98.7227,18.1483],[98.6919,18.1628],[98.6736,18.1611],[98.6358,18.1819],[98.6292,18.1959],[98.6137,18.2019],[98.6077,18.1963],[98.607,18.2029],[98.5554,18.232],[98.5328,18.2344],[98.4794,18.2204],[98.447,18.2252],[98.466,18.2833],[98.4645,18.3061],[98.4532,18.3231],[98.4701,18.35],[98.4721,18.3878],[98.4905,18.4198],[98.4843,18.4431],[98.4757,18.4476],[98.4769,18.4627],[98.5116,18.4912],[98.5042,18.5047],[98.5069,18.5229],[98.4981,18.524],[98.4837,18.5488],[98.4803,18.5827],[98.4888,18.5907],[98.5831,18.5795],[98.6207,18.5962],[98.6868,18.5588],[98.6828,18.5254],[98.7327,18.5223],[98.7245,18.5104],[98.7241,18.4863],[98.749,18.4571],[98.749,18.4451],[98.7425,18.4344],[98.7286,18.444],[98.7206,18.4323],[98.709,18.4385],[98.6952,18.4171],[98.6993,18.4093]]]]}},{"type":"Feature","properties":{"province":"ChiangMai","district":"DoiSaket","hasc":"TH.CM.DS"},"geometry":{"type":"MultiPolygon","coordinates":[[[[99.1289,18.766],[99.1107,18.7641],[99.0814,18.7858],[99.0611,18.7758],[99.0508,18.8081],[99.0751,18.8403],[99.0983,18.8527],[99.1074,18.8733],[99.1214,18.8789],[99.1246,18.8874],[99.1168,18.8943],[99.1293,18.9143],[99.1204,18.9355],[99.0622,18.969],[99.0717,18.9758],[99.0664,18.9917],[99.0878,19.0012],[99.0801,19.0112],[99.0796,19.0387],[99.0995,19.0434],[99.1149,19.0692],[99.1537,19.0244],[99.16,19.0055],[99.1791,19.009],[99.2104,18.9951],[99.2505,18.9964],[99.2543,19.0277],[99.2849,19.0329],[99.3034,19.0501],[99.3052,19.0644],[99.3332,19.0797],[99.342,19.0958],[99.346,19.0841],[99.3657,19.0777],[99.3673,19.0665],[99.384,19.0621],[99.3832,19.0456],[99.4025,18.9976],[99.3756,18.9811],[99.377,18.9578],[99.3878,18.9411],[99.3804,18.9209],[99.3509,18.9076],[99.318,18.9173],[99.2565,18.8855],[99.2502,18.8703],[99.2549,18.8467],[99.239,18.8436],[99.2363,18.8325],[99.2229,18.8288],[99.2332,18.7793],[99.2194,18.7579],[99.1875,18.7816],[99.1778,18.7733],[99.1628,18.777],[99.1533,18.7682],[99.1289,18.766]]]]}},{"type":"Feature","properties":{"province":"ChiangMai","district":"DoiTao","hasc":"TH.CM.DT"},"geometry":{"type":"MultiPolygon","coordinates":[[[[98.7251,17.7958],[98.6866,17.7894],[98.69,17.7652],[98.6388,17.7353],[98.6283,17.7711],[98.5985,17.8008],[98.5848,17.7997],[98.574,17.8083],[98.5612,17.7944],[98.5207,17.8229],[98.512,17.8113],[98.4957,17.8122],[98.4804,17.8406],[98.4593,17.8386],[98.44,17.8508],[98.4323,17.8638],[98.434,17.8886],[98.4213,17.9133],[98.4247,17.9307],[98.4513,17.936],[98.4605,17.9508],[98.4716,17.9521],[98.4661,17.967],[98.4855,17.974],[98.504,17.973],[98.5343,17.9445],[98.5485,17.942],[98.5703,17.958],[98.5958,17.9602],[98.5919,17.99],[98.6094,17.9943],[98.611,18.0056],[98.5854,18.0186],[98.612,18.0259],[98.5944,18.0529],[98.6175,18.0593],[98.6139,18.0724],[98.6357,18.0793],[98.6585,18.0689],[98.6818,18.0199],[98.6927,18.0263],[98.7124,18.0196],[98.7553,17.9924],[98.8092,18.0069],[98.835,17.9868],[98.8333,17.9721],[98.8419,17.9637],[98.8726,17.8486],[98.863,17.8542],[98.8552,17.8467],[98.8565,17.8124],[98.8228,17.7954],[98.8002,17.7954],[98.7963,17.8213],[98.7848,17.831],[98.7641,17.8003],[98.7427,17.8032],[98.7251,17.7958]]]]}},{"type":"Feature","properties":{"province":"ChiangMai","district":"Fang","hasc":"TH.CM.FA"},"geometry":{"type":"MultiPolygon","coordinates":[[[[99.3347,19.7187],[99.3037,19.7522],[99.2427,19.7562],[99.2309,19.7678],[99.216,19.7668],[99.2015,19.7463],[99.1789,19.7397],[99.1653,19.766],[99.1582,19.759],[99.1187,19.7652],[99.0527,19.761],[99.0366,19.8002],[99.0154,19.7906],[99.036,19.8527],[99.0257,19.8621],[99.0246,19.9254],[99.0449,19.9301],[99.0462,19.9469],[99.0321,19.9692],[99.0383,19.9876],[99.0559,20.0004],[99.0455,20.0138],[99.0457,20.0341],[99.0582,20.0598],[99.0693,20.0663],[99.0697,20.0871],[99.0785,20.0986],[99.0923,20.0949],[99.0974,20.1033],[99.1044,20.0949],[99.1337,20.1029],[99.1523,20.021],[99.1667,20.0067],[99.2149,19.9842],[99.2304,19.9629],[99.2489,19.9573],[99.2481,19.8999],[99.2765,19.8848],[99.2908,19.8873],[99.3413,19.8175],[99.3676,19.7663],[99.3615,19.7251],[99.3499,19.7214],[99.3461,19.7091],[99.3347,19.7187]]]]}},{"type":"Feature","properties":{"province":"ChiangMai","district":"HangDong","hasc":"TH.CM.HA"},"geometry":{"type":"MultiPolygon","coordinates":[[[[98.9565,18.6286],[98.9709,18.6013],[98.9582,18.5885],[98.9442,18.5886],[98.9264,18.6161],[98.9197,18.6506],[98.8919,18.6551],[98.8853,18.6716],[98.838,18.6993],[98.8373,18.7129],[98.8247,18.7169],[98.8349,18.7267],[98.8289,18.7545],[98.8047,18.7695],[98.7831,18.8024],[98.7868,18.844],[98.8214,18.8494],[98.8333,18.8425],[98.8467,18.8572],[98.8645,18.8564],[98.8731,18.8327],[98.8698,18.8041],[98.896,18.809],[98.9126,18.7973],[98.9144,18.7489],[98.946,18.7311],[98.9825,18.7269],[98.9774,18.7039],[98.9877,18.6972],[98.9882,18.6835],[98.9592,18.6501],[98.9565,18.6286]]]]}},{"type":"Feature","properties":{"province":"ChiangMai","district":"Hot","hasc":"TH.CM.HO"},"geometry":{"type":"MultiPolygon","coordinates":[[[[98.6154,18.0709],[98.6181,18.0597],[98.5944,18.0529],[98.6114,18.0236],[98.5854,18.0186],[98.611,18.0056],[98.6094,17.9943],[98.5919,17.99],[98.5958,17.9602],[98.5703,17.958],[98.5485,17.942],[98.5343,17.9445],[98.504,17.973],[98.4855,17.974],[98.4661,17.967],[98.4706,17.9508],[98.4325,17.932],[98.4199,17.9467],[98.4226,17.9621],[98.4352,17.9722],[98.4221,18.0155],[98.3882,18.0381],[98.3557,18.0364],[98.294,18.0856],[98.2577,18.0836],[98.2486,18.0745],[98.2429,18.0858],[98.2308,18.0878],[98.2319,18.0966],[98.2208,18.087],[98.2067,18.0872],[98.1918,18.1124],[98.1678,18.1168],[98.1691,18.139],[98.1581,18.1634],[98.1673,18.1655],[98.1774,18.1903],[98.168,18.2017],[98.1735,18.2158],[98.1646,18.2209],[98.1897,18.2427],[98.1891,18.2565],[98.1941,18.2489],[98.2106,18.2509],[98.2157,18.221],[98.2271,18.2081],[98.2409,18.2178],[98.2529,18.214],[98.2601,18.2294],[98.2973,18.2314],[98.3082,18.246],[98.2999,18.2618],[98.3088,18.2811],[98.3376,18.2746],[98.3523,18.2867],[98.3629,18.2769],[98.3865,18.2747],[98.4014,18.255],[98.4152,18.252],[98.447,18.2252],[98.4794,18.2204],[98.5328,18.2344],[98.5554,18.232],[98.607,18.2029],[98.6077,18.1963],[98.6137,18.2019],[98.6292,18.1959],[98.6358,18.1819],[98.6736,18.1611],[98.6919,18.1628],[98.7142,18.1504],[98.7481,18.1524],[98.7832,18.1782],[98.7934,18.1599],[98.805,18.1558],[98.8109,18.1142],[98.7995,18.0859],[98.8149,18.0777],[98.7989,18.0561],[98.7947,18.0279],[98.7775,18.0001],[98.7553,17.9924],[98.7124,18.0196],[98.6927,18.0263],[98.6818,18.0199],[98.6585,18.0689],[98.6357,18.0793],[98.6154,18.0709]]]]}},{"type":"Feature","properties":{"province":"ChiangMai","district":"K.DoiLo","hasc":"TH.CM.DL"},"geometry":{"type":"MultiPolygon","coordinates":[[[[98.7425,18.4344],[98.7509,18.4538],[98.7241,18.4863],[98.7245,18.5104],[98.7327,18.5223],[98.6828,18.5254],[98.6868,18.5588],[98.6207,18.5962],[98.6323,18.6112],[98.6516,18.6081],[98.6936,18.6202],[98.7164,18.5974],[98.7176,18.5705],[98.7434,18.5507],[98.7621,18.5537],[98.8,18.5836],[98.8612,18.5379],[98.8584,18.5067],[98.8476,18.5037],[98.8419,18.4864],[98.8152,18.4613],[98.7786,18.4479],[98.767,18.4332],[98.7425,18.4344]]]]}},{"type":"Feature","properties":{"province":"ChiangMai","district":"K.MaeOn","hasc":"TH.CM.MO"},"geometry":{"type":"MultiPolygon","coordinates":[[[[99.3315,18.6249],[99.3302,18.616],[99.3477,18.6145],[99.361,18.6029],[99.3503,18.5905],[99.3549,18.5773],[99.3316,18.5697],[99.3282,18.5409],[99.3177,18.5304],[99.297,18.5364],[99.2638,18.5702],[99.2204,18.5906],[99.2371,18.6156],[99.2338,18.6524],[99.2715,18.6837],[99.271,18.7139],[99.2327,18.7408],[99.25,18.7779],[99.2502,18.8073],[99.2671,18.8119],[99.2688,18.8283],[99.2999,18.8196],[99.3195,18.836],[99.2795,18.8375],[99.2502,18.8703],[99.2583,18.8872],[99.318,18.9173],[99.3509,18.9076],[99.3799,18.9203],[99.3924,18.8837],[99.3872,18.866],[99.3537,18.8447],[99.3523,18.8348],[99.3722,18.7783],[99.3726,18.7521],[99.3495,18.7316],[99.329,18.683],[99.3503,18.6538],[99.3337,18.647],[99.3315,18.6249]]]]}},{"type":"Feature","properties":{"province":"ChiangMai","district":"MaeAi","hasc":"TH.CM.MA"},"geometry":{"type":"MultiPolygon","coordinates":[[[[99.3629,19.7756],[99.2908,19.8873],[99.2765,19.8848],[99.2481,19.8999],[99.2489,19.9573],[99.2304,19.9629],[99.2149,19.9842],[99.1667,20.0067],[99.1523,20.021],[99.1314,20.1173],[99.1635,20.1297],[99.216,20.1274],[99.2257,20.1166],[99.2372,20.1215],[99.2452,20.1115],[99.2619,20.1108],[99.2959,20.0802],[99.3263,20.0666],[99.3835,20.0865],[99.441,20.0872],[99.4466,20.0954],[99.5,20.113],[99.4993,20.1302],[99.5145,20.1442],[99.5685,20.1213],[99.5739,20.1116],[99.5624,20.0986],[99.5499,20.1011],[99.4953,20.0781],[99.4962,20.0627],[99.5272,20.0391],[99.5085,20.052],[99.469,20.0313],[99.4806,20.0121],[99.4492,19.9732],[99.4231,19.961],[99.4165,19.9349],[99.4221,19.9162],[99.4004,19.9091],[99.3848,19.887],[99.39,19.8618],[99.4145,19.8425],[99.4106,19.8292],[99.4217,19.812],[99.3931,19.8109],[99.378,19.779],[99.3629,19.7756]]]]}},{"type":"Feature","properties":{"province":"ChiangMai","district":"MaeChaem","hasc":"TH.CM.MC"},"geometry":{"type":"MultiPolygon","coordinates":[[[[98.4938,18.5358],[98.4981,18.524],[98.5069,18.5229],[98.5042,18.5047],[98.5116,18.4912],[98.4769,18.4627],[98.4757,18.4476],[98.4843,18.4431],[98.4905,18.4198],[98.4721,18.3878],[98.4701,18.35],[98.4532,18.3231],[98.4645,18.3061],[98.466,18.2833],[98.447,18.2252],[98.4152,18.252],[98.4014,18.255],[98.3865,18.2747],[98.3629,18.2769],[98.3513,18.2868],[98.3376,18.2746],[98.3088,18.2811],[98.2999,18.2618],[98.3082,18.246],[98.2973,18.2314],[98.2601,18.2294],[98.2529,18.214],[98.2409,18.2178],[98.2271,18.2081],[98.2157,18.221],[98.2106,18.2509],[98.1941,18.2489],[98.1891,18.2565],[98.1897,18.2427],[98.1646,18.2209],[98.1489,18.2253],[98.1415,18.2375],[98.1408,18.278],[98.2035,18.2892],[98.1742,18.298],[98.171,18.3467],[98.1475,18.3608],[98.125,18.3941],[98.1266,18.4046],[98.0955,18.4189],[98.0834,18.4155],[98.0752,18.4268],[98.0843,18.4446],[98.1072,18.4562],[98.1236,18.5006],[98.1718,18.524],[98.1762,18.5453],[98.2104,18.5357],[98.2381,18.5679],[98.2295,18.584],[98.2142,18.589],[98.2118,18.606],[98.1851,18.6079],[98.1843,18.6218],[98.146,18.6372],[98.1188,18.6331],[98.1071,18.6467],[98.1138,18.6683],[98.1065,18.6759],[98.1016,18.7012],[98.1084,18.7119],[98.0978,18.7372],[98.1218,18.7565],[98.1226,18.7729],[98.0935,18.7754],[98.0808,18.8193],[98.1036,18.8825],[98.1261,18.9059],[98.1586,18.9178],[98.1588,18.9354],[98.174,18.9495],[98.1653,18.9798],[98.1714,18.9983],[98.186,19.0114],[98.1917,19.0396],[98.2066,19.0466],[98.2277,19.0859],[98.252,19.1064],[98.242,19.1385],[98.2543,19.1586],[98.266,19.1511],[98.3438,19.1494],[98.3549,19.0919],[98.3717,19.0838],[98.3736,19.0642],[98.3876,19.0585],[98.4022,19.0342],[98.422,19.0261],[98.4206,19.0113],[98.4001,18.9975],[98.4111,18.9685],[98.4283,18.9594],[98.4317,18.9494],[98.4745,18.9598],[98.4603,18.9355],[98.4802,18.9293],[98.4849,18.913],[98.5016,18.9104],[98.4985,18.8859],[98.527,18.8729],[98.5179,18.858],[98.5604,18.8009],[98.4972,18.7674],[98.5006,18.7501],[98.4902,18.7322],[98.5004,18.7203],[98.4932,18.7148],[98.5013,18.6914],[98.5001,18.6572],[98.489,18.6285],[98.4889,18.587],[98.4803,18.5827],[98.4837,18.5488],[98.4938,18.5358]]]]}},{"type":"Feature","properties":{"province":"ChiangMai","district":"MaeRim","hasc":"TH.CM.MR"},"geometry":{"type":"MultiPolygon","coordinates":[[[[98.9673,18.9747],[98.9956,18.9046],[99.0069,18.8465],[98.9899,18.8486],[98.9679,18.8297],[98.9444,18.8401],[98.8969,18.8412],[98.8893,18.83],[98.8745,18.832],[98.8658,18.8402],[98.8665,18.8546],[98.8549,18.8592],[98.835,18.8428],[98.8214,18.8494],[98.8032,18.8425],[98.7912,18.8466],[98.7843,18.8747],[98.8006,18.9347],[98.7532,19.0091],[98.7517,19.0425],[98.7716,19.0734],[98.7831,19.0505],[98.8231,19.0298],[98.8356,19.034],[98.8755,19.0236],[98.9042,19.0389],[98.9501,19.0402],[98.9494,19.0229],[98.9605,19.0194],[98.9678,18.9996],[98.9673,18.9747]]]]}},{"type":"Feature","properties":{"province":"ChiangMai","district":"MaeTaeng","hasc":"TH.CM.MT"},"geometry":{"type":"MultiPolygon","coordinates":[[[[98.9524,19.0185],[98.9514,19.0397],[98.9346,19.0423],[98.9207,19.0346],[98.9042,19.0389],[98.8755,19.0236],[98.8356,19.034],[98.8184,19.0309],[98.7831,19.0505],[98.7684,19.0741],[98.7277,19.068],[98.7271,19.0549],[98.7141,19.0517],[98.6797,19.0715],[98.6417,19.0671],[98.6528,19.093],[98.634,19.154],[98.5861,19.1856],[98.5694,19.208],[98.6,19.228],[98.5906,19.2592],[98.6055,19.2776],[98.596,19.286],[98.6026,19.3065],[98.5907,19.3306],[98.5923,19.3514],[98.6243,19.3423],[98.6411,19.3486],[98.661,19.334],[98.6964,19.3339],[98.7068,19.2972],[98.7148,19.3096],[98.7482,19.3237],[98.8119,19.2865],[98.8418,19.2953],[98.8809,19.2882],[98.9039,19.2629],[98.938,19.2766],[98.9793,19.2641],[98.9836,19.2809],[98.996,19.2665],[99.0399,19.2564],[99.0582,19.2665],[99.1107,19.2494],[99.1242,19.2233],[99.1564,19.1979],[99.1409,19.1788],[99.1417,19.1683],[99.1299,19.1611],[99.1358,19.1452],[99.1105,19.1292],[99.1373,19.0968],[99.1353,19.0868],[99.1169,19.0769],[99.0995,19.0434],[99.0804,19.0386],[99.0603,19.0564],[99.0295,19.0598],[98.999,19.0855],[98.9859,19.0872],[98.9749,19.1036],[98.9727,19.0966],[98.9527,19.1016],[98.9408,19.0859],[98.9515,19.0768],[98.9431,19.0644],[98.9513,19.0636],[98.9619,19.038],[98.9605,19.0194],[98.9524,19.0185]]]]}},{"type":"Feature","properties":{"province":"ChiangMai","district":"MaeWang","hasc":"TH.CM.MW"},"geometry":{"type":"MultiPolygon","coordinates":[[[[98.8602,18.5385],[98.8,18.5836],[98.7621,18.5537],[98.7434,18.5507],[98.7176,18.5705],[98.7164,18.5974],[98.6936,18.6202],[98.6516,18.6081],[98.6323,18.6112],[98.5951,18.5804],[98.4888,18.5907],[98.5013,18.6914],[98.4932,18.7148],[98.5004,18.7203],[98.4902,18.7322],[98.5006,18.7501],[98.5007,18.7739],[98.5279,18.7787],[98.5386,18.7942],[98.5607,18.8],[98.5655,18.772],[98.5866,18.7581],[98.6021,18.7273],[98.6288,18.7257],[98.6628,18.7389],[98.6471,18.7484],[98.6393,18.7627],[98.6454,18.7704],[98.6977,18.7818],[98.735,18.7646],[98.7576,18.7666],[98.8087,18.7254],[98.8167,18.7308],[98.8252,18.7097],[98.8084,18.684],[98.8294,18.6663],[98.8251,18.6413],[98.8183,18.6387],[98.8408,18.6172],[98.8365,18.583],[98.8433,18.5652],[98.8639,18.5472],[98.8602,18.5385]]]]}},{"type":"Feature","properties":{"province":"ChiangMai","district":"MuangChiangMai","hasc":"TH.CM.CM"},"geometry":{"type":"MultiPolygon","coordinates":[[[[98.9744,18.7277],[98.946,18.7311],[98.9144,18.7489],[98.9126,18.7973],[98.896,18.809],[98.8698,18.8041],[98.8731,18.8327],[98.8893,18.83],[98.8969,18.8412],[98.9444,18.8401],[98.9717,18.8298],[98.9899,18.8486],[99.0115,18.8451],[99.0106,18.8243],[99.0182,18.8249],[99.0202,18.8085],[99.0438,18.7874],[99.0502,18.7678],[99.0295,18.748],[98.9903,18.7513],[98.9827,18.7383],[98.9877,18.6972],[98.9774,18.7039],[98.9825,18.7269],[98.9744,18.7277]]]]}},{"type":"Feature","properties":{"province":"ChiangMai","district":"Omkoi","hasc":"TH.CM.OM"},"geometry":{"type":"MultiPolygon","coordinates":[[[[98.5458,17.5581],[98.5203,17.509],[98.5256,17.4949],[98.5202,17.4767],[98.53,17.4518],[98.5466,17.4466],[98.5598,17.4304],[98.5562,17.3939],[98.5386,17.3615],[98.5628,17.3496],[98.5556,17.336],[98.5582,17.2937],[98.5784,17.2978],[98.5756,17.2834],[98.5306,17.2727],[98.5188,17.279],[98.4979,17.2737],[98.4884,17.2896],[98.4941,17.2998],[98.4837,17.2907],[98.4875,17.3],[98.4581,17.3126],[98.4388,17.3027],[98.3983,17.3047],[98.3627,17.287],[98.3338,17.2988],[98.3184,17.319],[98.3329,17.3273],[98.3346,17.3479],[98.3189,17.3648],[98.3208,17.3771],[98.2929,17.4056],[98.3231,17.4146],[98.3287,17.4274],[98.3209,17.4407],[98.3287,17.4861],[98.3002,17.5511],[98.3035,17.5647],[98.298,17.5739],[98.271,17.5776],[98.2568,17.5715],[98.2387,17.5476],[98.2112,17.5383],[98.1802,17.5354],[98.1692,17.5449],[98.1502,17.5392],[98.1332,17.5447],[98.1279,17.5649],[98.1093,17.5819],[98.1071,17.61],[98.0922,17.6354],[98.1461,17.6804],[98.1541,17.7287],[98.1366,17.7574],[98.1478,17.7754],[98.1339,17.7941],[98.1109,17.7929],[98.0892,17.807],[98.0751,17.8263],[98.0691,17.8523],[98.012,17.8928],[98.0127,17.9236],[98.0185,17.9188],[98.0255,17.9352],[98.0903,17.9605],[98.1448,17.934],[98.1709,17.9718],[98.2453,17.9873],[98.2347,18.025],[98.2579,18.0345],[98.2655,18.0464],[98.2749,18.0424],[98.293,18.0856],[98.3557,18.0364],[98.3882,18.0381],[98.4221,18.0155],[98.4352,17.9722],[98.42,17.9564],[98.4271,17.9351],[98.4213,17.9133],[98.4362,17.8799],[98.4325,17.8631],[98.4578,17.8391],[98.4768,17.8426],[98.4879,17.8311],[98.4957,17.7957],[98.5117,17.7872],[98.5054,17.7576],[98.5268,17.7051],[98.5234,17.6814],[98.5335,17.6195],[98.5643,17.6142],[98.5873,17.5781],[98.5458,17.5581]]]]}},{"type":"Feature","properties":{"province":"ChiangMai","district":"Phrao","hasc":"TH.CM.PH"},"geometry":{"type":"MultiPolygon","coordinates":[[[[99.3408,19.0944],[99.3332,19.0797],[99.3052,19.0644],[99.3034,19.0501],[99.2849,19.0329],[99.2543,19.0277],[99.2494,18.9962],[99.2104,18.9951],[99.1791,19.009],[99.16,19.0055],[99.1537,19.0244],[99.1149,19.0692],[99.1375,19.0963],[99.1105,19.1292],[99.1358,19.1452],[99.1299,19.1611],[99.1417,19.1683],[99.1409,19.1788],[99.155,19.1886],[99.1561,19.1998],[99.1242,19.2233],[99.1107,19.2494],[99.0783,19.2607],[99.094,19.2796],[99.0853,19.3108],[99.1072,19.3631],[99.0995,19.3816],[99.1034,19.393],[99.1152,19.4066],[99.1344,19.4106],[99.1247,19.4286],[99.1277,19.453],[99.1454,19.4761],[99.158,19.4744],[99.157,19.5112],[99.1302,19.5247],[99.1224,19.5195],[99.1159,19.5434],[99.1364,19.5687],[99.1611,19.581],[99.1679,19.5692],[99.1994,19.5796],[99.2452,19.5588],[99.294,19.5695],[99.3269,19.537],[99.303,19.5144],[99.2963,19.4934],[99.2987,19.486],[99.3104,19.4847],[99.308,19.471],[99.3188,19.4527],[99.3112,19.4261],[99.3298,19.3983],[99.3338,19.3585],[99.3184,19.3477],[99.3438,19.2662],[99.312,19.2224],[99.3157,19.2063],[99.3048,19.191],[99.3076,19.1742],[99.3204,19.1632],[99.3228,19.121],[99.3408,19.0944]]]]}},{"type":"Feature","properties":{"province":"ChiangMai","district":"Samoeng","hasc":"TH.CM.SM"},"geometry":{"type":"MultiPolygon","coordinates":[[[[98.7868,18.844],[98.7831,18.8024],[98.8047,18.7695],[98.8289,18.7545],[98.8316,18.718],[98.8247,18.7169],[98.8167,18.7308],[98.8087,18.7254],[98.7883,18.7378],[98.7576,18.7666],[98.735,18.7646],[98.6977,18.7818],[98.6429,18.7679],[98.6471,18.7484],[98.6618,18.7378],[98.631,18.7259],[98.6026,18.7269],[98.5866,18.7581],[98.5658,18.7715],[98.5656,18.7937],[98.5179,18.858],[98.527,18.8729],[98.4985,18.8859],[98.5016,18.9104],[98.4849,18.913],[98.4802,18.9293],[98.4603,18.9355],[98.4745,18.9598],[98.4317,18.9494],[98.4283,18.9594],[98.4111,18.9685],[98.4003,18.9982],[98.4206,19.0113],[98.4264,19.0342],[98.4409,19.0458],[98.5408,19.0233],[98.5694,19.0436],[98.598,19.0424],[98.6512,19.0706],[98.6881,19.0692],[98.7141,19.0517],[98.7271,19.0549],[98.7316,19.0695],[98.7716,19.0734],[98.7522,19.0438],[98.7492,19.0224],[98.7651,18.9852],[98.7873,18.9606],[98.7853,18.9504],[98.8006,18.9347],[98.7847,18.8783],[98.7924,18.8492],[98.7868,18.844]]]]}},{"type":"Feature","properties":{"province":"ChiangMai","district":"SanKamphaeng","hasc":"TH.CM.SK"},"geometry":{"type":"MultiPolygon","coordinates":[[[[99.1355,18.6956],[99.1146,18.6774],[99.0823,18.6781],[99.0675,18.7247],[99.073,18.7311],[99.0537,18.7531],[99.0403,18.7945],[99.0552,18.8017],[99.0611,18.7758],[99.0849,18.7852],[99.1142,18.763],[99.1397,18.7715],[99.1533,18.7682],[99.1628,18.777],[99.1778,18.7733],[99.1875,18.7816],[99.2183,18.7575],[99.2332,18.7793],[99.2229,18.8288],[99.2363,18.8325],[99.239,18.8436],[99.2549,18.8467],[99.2544,18.8614],[99.2803,18.8372],[99.3195,18.836],[99.2999,18.8196],[99.2688,18.8283],[99.2671,18.8119],[99.2502,18.8073],[99.25,18.7779],[99.2327,18.7408],[99.271,18.7139],[99.2716,18.6846],[99.2514,18.6717],[99.2488,18.6601],[99.2332,18.651],[99.2086,18.6575],[99.1906,18.6775],[99.1895,18.7052],[99.1574,18.7081],[99.1355,18.6956]]]]}},{"type":"Feature","properties":{"province":"ChiangMai","district":"SanPaTong","hasc":"TH.CM.SP"},"geometry":{"type":"MultiPolygon","coordinates":[[[[98.9482,18.5888],[98.9582,18.5885],[98.9345,18.5527],[98.9367,18.5411],[98.8831,18.5094],[98.8693,18.513],[98.8556,18.4994],[98.8557,18.5318],[98.8642,18.5463],[98.8433,18.5652],[98.8365,18.583],[98.8408,18.6172],[98.8183,18.6387],[98.8251,18.6413],[98.8292,18.6678],[98.8084,18.684],[98.8243,18.7178],[98.8373,18.7129],[98.838,18.6993],[98.8853,18.6716],[98.8919,18.6551],[98.9197,18.6506],[98.9343,18.5964],[98.9482,18.5888]]]]}},{"type":"Feature","properties":{"province":"ChiangMai","district":"SanSai","hasc":"TH.CM.SS"},"geometry":{"type":"MultiPolygon","coordinates":[[[[99.1029,18.8661],[99.0983,18.8527],[99.0534,18.8188],[99.0504,18.7967],[99.0337,18.7943],[99.0206,18.8079],[99.0182,18.8249],[99.0103,18.825],[98.9956,18.9046],[98.9828,18.923],[98.975,18.9623],[98.9664,18.9673],[98.9619,19.038],[98.9513,19.0636],[98.9431,19.0644],[98.9515,19.0753],[98.9408,19.0859],[98.947,19.0988],[98.9609,19.1028],[98.9738,19.0967],[98.9749,19.1036],[98.9859,19.0872],[98.999,19.0855],[99.0377,19.0556],[99.0613,19.0559],[99.0834,19.0349],[99.0773,19.0291],[99.0878,19.0012],[99.0664,18.9917],[99.0717,18.9758],[99.0622,18.969],[99.1199,18.9359],[99.1296,18.921],[99.1167,18.8937],[99.1245,18.8837],[99.1029,18.8661]]]]}},{"type":"Feature","properties":{"province":"ChiangMai","district":"Saraphi","hasc":"TH.CM.SA"},"geometry":{"type":"MultiPolygon","coordinates":[[[[98.955,18.6325],[98.9731,18.6725],[98.9882,18.6835],[98.9827,18.7383],[98.9903,18.7513],[99.0295,18.748],[99.0516,18.767],[99.0537,18.7531],[99.073,18.7311],[99.0675,18.7247],[99.082,18.6803],[99.0534,18.6664],[99.0133,18.6719],[99.0064,18.6427],[98.9793,18.6337],[98.9697,18.6139],[98.9561,18.6189],[98.955,18.6325]]]]}},{"type":"Feature","properties":{"province":"ChiangMai","district":"WiangHaeng","hasc":"TH.CM.WI"},"geometry":{"type":"MultiPolygon","coordinates":[[[[98.805,19.5069],[98.8116,19.493],[98.7689,19.5025],[98.7541,19.4924],[98.7433,19.5026],[98.7297,19.4767],[98.6791,19.4768],[98.6947,19.4467],[98.6877,19.439],[98.634,19.4402],[98.5895,19.4279],[98.5863,19.4417],[98.6006,19.4678],[98.5965,19.4877],[98.5801,19.5072],[98.5701,19.5065],[98.5671,19.5448],[98.5443,19.5568],[98.5403,19.6092],[98.4708,19.6595],[98.4684,19.6895],[98.5123,19.7155],[98.5676,19.6696],[98.5748,19.7014],[98.5954,19.7124],[98.626,19.7114],[98.628,19.7243],[98.6556,19.7369],[98.6611,19.7295],[98.6491,19.7165],[98.6914,19.7124],[98.7159,19.6889],[98.7184,19.7043],[98.7313,19.7134],[98.7486,19.6968],[98.755,19.7],[98.7514,19.6623],[98.7813,19.6445],[98.7829,19.6313],[98.8112,19.6113],[98.7934,19.5955],[98.8122,19.5443],[98.805,19.5069]]]]}},{"type":"Feature","properties":{"province":"ChiangRai","district":"ChiangKhong","hasc":"TH.CR.CK"},"geometry":{"type":"MultiPolygon","coordinates":[[[[100.2756,20.1298],[100.3102,20.1712],[100.3043,20.1786],[100.3141,20.202],[100.2997,20.205],[100.2856,20.2348],[100.3078,20.2693],[100.3023,20.2807],[100.3243,20.319],[100.305,20.3383],[100.2508,20.3505],[100.2507,20.3809],[100.2706,20.398],[100.3159,20.4],[100.3326,20.3964],[100.3573,20.3759],[100.3614,20.3533],[100.3771,20.3487],[100.3838,20.3137],[100.4081,20.28],[100.4144,20.2562],[100.4578,20.2248],[100.456,20.2015],[100.4653,20.1963],[100.4658,20.1728],[100.4761,20.1575],[100.4645,20.1379],[100.466,20.1169],[100.4187,20.0336],[100.412,19.9993],[100.3922,19.9648],[100.3768,19.954],[100.2465,19.9752],[100.2359,19.991],[100.2171,19.9883],[100.1794,20.0186],[100.1796,20.0359],[100.2029,20.0682],[100.2308,20.0824],[100.2279,20.1008],[100.2367,20.105],[100.2453,20.129],[100.2663,20.1368],[100.2756,20.1298]]]]}},{"type":"Feature","properties":{"province":"ChiangRai","district":"ChiangSaen","hasc":"TH.CR.CS"},"geometry":{"type":"MultiPolygon","coordinates":[[[[100.1464,20.2444],[100.1762,20.2463],[100.1829,20.2641],[100.1695,20.2962],[100.2215,20.3139],[100.2309,20.3293],[100.227,20.35],[100.2487,20.3664],[100.2508,20.3505],[100.305,20.3383],[100.3243,20.319],[100.3219,20.3058],[100.3023,20.2807],[100.3078,20.2693],[100.2856,20.2348],[100.2997,20.205],[100.3141,20.202],[100.3043,20.1786],[100.3102,20.1712],[100.2749,20.1294],[100.2716,20.158],[100.2632,20.1649],[100.2677,20.1779],[100.2574,20.1888],[100.2195,20.1883],[100.206,20.1952],[100.1948,20.216],[100.1528,20.2335],[100.1185,20.2199],[100.1051,20.2001],[100.0593,20.2163],[100.0523,20.2149],[100.0481,20.1985],[100.0353,20.1972],[100.0359,20.2114],[100.0239,20.214],[99.9971,20.2544],[99.983,20.2576],[99.9906,20.3051],[99.9482,20.2862],[99.9614,20.3023],[99.9696,20.3461],[99.9972,20.3513],[100.0174,20.3867],[100.0264,20.3914],[100.0312,20.3841],[100.0295,20.3934],[100.0371,20.3891],[100.0437,20.3967],[100.0562,20.386],[100.0592,20.3945],[100.0684,20.3924],[100.0657,20.3836],[100.0741,20.3864],[100.0687,20.3733],[100.0801,20.3787],[100.0883,20.367],[100.0812,20.3615],[100.0985,20.3135],[100.0941,20.2659],[100.114,20.2484],[100.1464,20.2444]]]]}},{"type":"Feature","properties":{"province":"ChiangRai","district":"K.DoiLuang","hasc":"TH.CR.DO"},"geometry":{"type":"MultiPolygon","coordinates":[[[[100.2115,20.0741],[100.1784,20.0618],[100.1612,20.0704],[100.1574,20.0807],[100.1252,20.0887],[100.0916,20.0668],[100.0715,20.0706],[100.0508,20.0503],[100.0132,20.1082],[100.0333,20.1081],[100.0276,20.1282],[100.0397,20.1379],[100.0567,20.1387],[100.0605,20.1534],[100.0709,20.1511],[100.083,20.1606],[100.0752,20.1773],[100.0908,20.1874],[100.0797,20.2074],[100.1051,20.2001],[100.1185,20.2199],[100.1528,20.2335],[100.1948,20.216],[100.206,20.1952],[100.2194,20.1884],[100.2562,20.1893],[100.2676,20.1782],[100.2632,20.1649],[100.2716,20.158],[100.2749,20.1294],[100.2663,20.1368],[100.2453,20.129],[100.2367,20.105],[100.2279,20.1008],[100.2308,20.0824],[100.2115,20.0741]]]]}},{"type":"Feature","properties":{"province":"ChiangRai","district":"K.WiengChiang","hasc":"TH.CR.WR"},"geometry":{"type":"MultiPolygon","coordinates":[[[[100.2032,20.0663],[100.1776,20.0236],[100.1978,20.0073],[100.1989,19.9929],[100.1705,19.9982],[100.1501,19.9826],[100.1243,19.98],[100.0832,19.9421],[100.0416,19.9443],[100.0341,19.9514],[100.0082,19.9374],[99.9895,19.945],[99.9684,19.9703],[99.9853,19.9907],[99.9775,20.0138],[99.9616,20.0198],[99.9766,20.0506],[99.9611,20.0587],[99.9746,20.059],[99.9802,20.0792],[99.9996,20.0773],[100.0132,20.1082],[100.0508,20.0503],[100.0715,20.0706],[100.0916,20.0668],[100.1252,20.0887],[100.1574,20.0807],[100.1612,20.0704],[100.1784,20.0618],[100.1979,20.0735],[100.2032,20.0663]]]]}},{"type":"Feature","properties":{"province":"ChiangRai","district":"KhunTan","hasc":"TH.CR.KH"},"geometry":{"type":"MultiPolygon","coordinates":[[[[100.2899,19.7944],[100.2616,19.7753],[100.2573,19.7631],[100.2187,19.7635],[100.2048,19.7561],[100.1925,19.7641],[100.1948,19.7752],[100.1862,19.7761],[100.1943,19.7864],[100.18,19.793],[100.1738,19.807],[100.1944,19.8176],[100.1998,19.8304],[100.2047,19.8228],[100.2033,19.8345],[100.2165,19.8379],[100.2192,19.8595],[100.2344,19.8652],[100.2321,19.8793],[100.2525,19.8836],[100.2512,19.9019],[100.2606,19.9019],[100.2542,19.9066],[100.264,19.9107],[100.2618,19.9171],[100.275,19.9097],[100.2887,19.9165],[100.291,19.9256],[100.2823,19.9259],[100.2922,19.9347],[100.2874,19.9445],[100.2928,19.9567],[100.309,19.9582],[100.3056,19.9692],[100.3729,19.9561],[100.3786,19.9476],[100.3722,19.9183],[100.3539,19.8991],[100.3164,19.8218],[100.2899,19.7944]]]]}},{"type":"Feature","properties":{"province":"ChiangRai","district":"MaeChan","hasc":"TH.CR.MC"},"geometry":{"type":"MultiPolygon","coordinates":[[[[99.9485,20.1325],[99.9309,20.1155],[99.9263,20.1222],[99.9177,20.112],[99.8928,20.1166],[99.8761,20.1016],[99.8635,20.1139],[99.8465,20.1114],[99.8142,20.0954],[99.8134,20.0787],[99.7917,20.0562],[99.7557,20.0594],[99.7454,20.0709],[99.6998,20.0823],[99.6891,20.0825],[99.6775,20.0708],[99.6516,20.0777],[99.6471,20.0886],[99.649,20.1121],[99.7085,20.1139],[99.7456,20.1391],[99.716,20.1469],[99.7169,20.1824],[99.7379,20.2098],[99.7336,20.2528],[99.7647,20.243],[99.8034,20.2656],[99.8303,20.251],[99.8424,20.2668],[99.8595,20.2639],[99.8818,20.2735],[99.8991,20.2619],[99.9214,20.2829],[99.9337,20.2779],[99.9906,20.3051],[99.983,20.2576],[99.9971,20.2544],[100.0239,20.214],[100.0359,20.2114],[100.0353,20.1972],[100.0481,20.1985],[100.0523,20.2149],[100.0602,20.2162],[100.0791,20.2088],[100.0908,20.1874],[100.0752,20.1773],[100.083,20.1606],[100.0709,20.1511],[100.0605,20.1534],[100.0567,20.1387],[100.0397,20.1379],[100.0276,20.1282],[100.0333,20.1081],[100.0213,20.1124],[99.9842,20.1031],[99.9718,20.1261],[99.9485,20.1325]]]]}},{"type":"Feature","properties":{"province":"ChiangRai","district":"MaeFaLuang","hasc":"TH.CR.MF"},"geometry":{"type":"MultiPolygon","coordinates":[[[[99.5162,20.1436],[99.5206,20.1501],[99.5421,20.1451],[99.5411,20.1619],[99.5565,20.177],[99.5658,20.2038],[99.5241,20.2316],[99.5071,20.2921],[99.5091,20.3234],[99.4984,20.3391],[99.4592,20.3603],[99.4595,20.3907],[99.498,20.3834],[99.5182,20.3601],[99.56,20.3558],[99.6142,20.3298],[99.6462,20.3417],[99.6829,20.3145],[99.7215,20.3267],[99.72,20.3408],[99.7327,20.3479],[99.7782,20.3326],[99.8128,20.3341],[99.8177,20.323],[99.8245,20.3242],[99.825,20.3038],[99.8424,20.2668],[99.8303,20.251],[99.8034,20.2656],[99.7647,20.243],[99.7336,20.2528],[99.7379,20.2098],[99.7169,20.1824],[99.716,20.1469],[99.7456,20.1391],[99.7085,20.1139],[99.649,20.1121],[99.6471,20.0886],[99.6213,20.0963],[99.5952,20.0408],[99.6045,20.0163],[99.6002,20.0225],[99.5888,20.0142],[99.5551,20.0226],[99.4962,20.0627],[99.4953,20.0781],[99.5499,20.1011],[99.5624,20.0986],[99.5739,20.1116],[99.558,20.1274],[99.5249,20.1348],[99.5162,20.1436]]]]}},{"type":"Feature","properties":{"province":"ChiangRai","district":"MaeLao","hasc":"TH.CR.ML"},"geometry":{"type":"MultiPolygon","coordinates":[[[[99.7414,19.7482],[99.7197,19.7132],[99.6725,19.7117],[99.6723,19.7057],[99.6618,19.7054],[99.66,19.6916],[99.6224,19.7139],[99.6175,19.7357],[99.6372,19.7462],[99.6284,19.7565],[99.6633,19.7836],[99.6176,19.8091],[99.6511,19.8291],[99.6347,19.8521],[99.6854,19.821],[99.6865,19.7983],[99.695,19.7981],[99.6958,19.8161],[99.7137,19.824],[99.7541,19.8263],[99.7825,19.81],[99.7872,19.7754],[99.8118,19.7601],[99.8358,19.7575],[99.8527,19.768],[99.8399,19.7364],[99.8246,19.7505],[99.8062,19.7346],[99.7682,19.7264],[99.7567,19.728],[99.7571,19.7395],[99.7414,19.7482]]]]}},{"type":"Feature","properties":{"province":"ChiangRai","district":"MaeSai","hasc":"TH.CR.MS"},"geometry":{"type":"MultiPolygon","coordinates":[[[[99.8139,20.338],[99.8429,20.3706],[99.8427,20.4003],[99.8579,20.4124],[99.8723,20.4434],[99.9234,20.4439],[99.9618,20.4631],[99.9818,20.448],[99.9777,20.4385],[99.9909,20.434],[99.9891,20.4209],[99.9968,20.4199],[99.9919,20.416],[100.0051,20.4106],[100.0105,20.4165],[100.0378,20.3995],[100.0371,20.3891],[100.0291,20.3928],[100.0306,20.3836],[100.0249,20.391],[100.009,20.3775],[99.9972,20.3513],[99.9696,20.3461],[99.9614,20.3023],[99.9482,20.2862],[99.9337,20.2779],[99.9214,20.2829],[99.8991,20.2619],[99.8818,20.2735],[99.8437,20.2654],[99.8139,20.338]]]]}},{"type":"Feature","properties":{"province":"ChiangRai","district":"MaeSuai","hasc":"TH.CR.MA"},"geometry":{"type":"MultiPolygon","coordinates":[[[[99.6289,19.5738],[99.6186,19.5106],[99.5842,19.4709],[99.527,19.4812],[99.4887,19.4597],[99.4635,19.4905],[99.4098,19.5034],[99.3566,19.5387],[99.3239,19.5386],[99.3188,19.551],[99.3001,19.5605],[99.2915,19.5939],[99.2687,19.6078],[99.2602,19.6268],[99.2662,19.6606],[99.2955,19.6772],[99.3152,19.7053],[99.3461,19.7091],[99.3499,19.7214],[99.3615,19.7251],[99.3638,19.7744],[99.378,19.779],[99.3931,19.8109],[99.4217,19.812],[99.4106,19.8292],[99.4145,19.8425],[99.39,19.8618],[99.3856,19.8894],[99.4004,19.9091],[99.4221,19.9162],[99.4165,19.9349],[99.4231,19.961],[99.4492,19.9732],[99.4806,20.0121],[99.469,20.0313],[99.5049,20.0514],[99.531,20.0353],[99.5108,20.0141],[99.5132,19.9836],[99.5074,19.9748],[99.5308,19.963],[99.5352,19.9334],[99.5573,19.9109],[99.5709,19.9116],[99.5804,19.8954],[99.5749,19.8226],[99.581,19.8136],[99.5728,19.7854],[99.6372,19.7462],[99.6174,19.7347],[99.6224,19.7139],[99.6361,19.7115],[99.647,19.6951],[99.6199,19.6425],[99.6251,19.6106],[99.6489,19.6047],[99.6426,19.5816],[99.6289,19.5738]]]]}},{"type":"Feature","properties":{"province":"ChiangRai","district":"MuangChiangRai","hasc":"TH.CR.CR"},"geometry":{"type":"MultiPolygon","coordinates":[[[[100.0121,19.7407],[100.0271,19.7301],[100.009,19.7078],[100.0041,19.6601],[99.9893,19.6501],[99.9622,19.6482],[99.9614,19.6287],[99.9526,19.6201],[99.8952,19.6215],[99.8879,19.6297],[99.9164,19.7026],[99.8838,19.7311],[99.8869,19.7379],[99.8668,19.7495],[99.8574,19.7388],[99.8639,19.7246],[99.8399,19.7364],[99.8527,19.768],[99.8358,19.7575],[99.8179,19.7579],[99.7872,19.7754],[99.7853,19.8042],[99.7721,19.8207],[99.7173,19.8251],[99.6958,19.8161],[99.6904,19.7971],[99.6833,19.8042],[99.6854,19.821],[99.6347,19.8521],[99.6511,19.8291],[99.6176,19.8091],[99.6607,19.78],[99.6284,19.7565],[99.5775,19.7814],[99.5724,19.7924],[99.581,19.8136],[99.5749,19.8226],[99.5804,19.8954],[99.5709,19.9116],[99.5573,19.9109],[99.5352,19.9334],[99.5308,19.963],[99.5074,19.9748],[99.5136,20.02],[99.5331,20.0358],[99.5551,20.0226],[99.5888,20.0142],[99.6002,20.0225],[99.6045,20.0163],[99.5952,20.0408],[99.6213,20.0963],[99.6775,20.0708],[99.6891,20.0825],[99.6998,20.0823],[99.7454,20.0709],[99.7557,20.0594],[99.7917,20.0562],[99.8134,20.0787],[99.8142,20.0954],[99.8564,20.1149],[99.8761,20.1016],[99.8928,20.1166],[99.9177,20.112],[99.9263,20.1222],[99.9309,20.1155],[99.951,20.134],[99.9558,20.1254],[99.9718,20.1261],[99.9842,20.1031],[100.011,20.1096],[100.0103,20.0921],[99.9997,20.0897],[99.9996,20.0773],[99.9802,20.0792],[99.9746,20.059],[99.9611,20.0587],[99.9765,20.0518],[99.9616,20.0198],[99.9775,20.0138],[99.9848,19.9923],[99.9719,19.9809],[99.976,19.9731],[99.9011,19.9251],[99.891,19.8944],[99.8536,19.8898],[99.8428,19.873],[99.8492,19.8647],[99.8632,19.8679],[99.8697,19.8588],[99.8797,19.8631],[99.9026,19.8376],[99.9365,19.827],[99.952,19.7905],[99.9926,19.7933],[100.0121,19.7407]]]]}},{"type":"Feature","properties":{"province":"ChiangRai","district":"PaDaet","hasc":"TH.CR.PA"},"geometry":{"type":"MultiPolygon","coordinates":[[[[100.0711,19.4861],[100.0677,19.4552],[100.0483,19.4406],[100.0119,19.4373],[100.0122,19.4243],[100.0,19.4337],[99.9942,19.4274],[99.9509,19.4268],[99.9233,19.4048],[99.9156,19.436],[99.9195,19.521],[99.9072,19.5646],[99.9217,19.5764],[99.9103,19.5915],[99.8897,19.5964],[99.8877,19.6059],[99.9263,19.6227],[99.9521,19.6208],[99.961,19.6067],[99.9539,19.5741],[99.9857,19.5641],[99.9965,19.5751],[100.0085,19.574],[100.0267,19.5369],[100.0464,19.5343],[100.0668,19.5086],[100.0711,19.4861]]]]}},{"type":"Feature","properties":{"province":"ChiangRai","district":"Phan","hasc":"TH.CR.PH"},"geometry":{"type":"MultiPolygon","coordinates":[[[[99.9193,19.5058],[99.9163,19.4309],[99.9018,19.4239],[99.8791,19.4537],[99.8656,19.444],[99.7881,19.4486],[99.716,19.4178],[99.7081,19.4235],[99.6847,19.4204],[99.6907,19.3802],[99.6781,19.3903],[99.6328,19.3819],[99.5671,19.416],[99.5706,19.4412],[99.588,19.4606],[99.5851,19.4736],[99.6186,19.5106],[99.6281,19.5727],[99.6426,19.5816],[99.648,19.5966],[99.6489,19.6047],[99.6251,19.6106],[99.6186,19.6197],[99.6233,19.6548],[99.6383,19.6699],[99.6437,19.6937],[99.66,19.6916],[99.6618,19.7054],[99.6813,19.7084],[99.6818,19.7147],[99.7146,19.7103],[99.7303,19.7216],[99.7288,19.7346],[99.7418,19.749],[99.7571,19.7395],[99.7567,19.728],[99.7682,19.7264],[99.8062,19.7346],[99.8246,19.7505],[99.8627,19.7243],[99.8574,19.7388],[99.8668,19.7495],[99.8869,19.7379],[99.8838,19.7311],[99.9164,19.7026],[99.8877,19.625],[99.9261,19.6188],[99.8868,19.6017],[99.9103,19.5915],[99.9216,19.5769],[99.9072,19.5646],[99.9193,19.5058]]]]}},{"type":"Feature","properties":{"province":"ChiangRai","district":"PhayaMengrai","hasc":"TH.CR.PM"},"geometry":{"type":"MultiPolygon","coordinates":[[[[100.1711,19.7949],[100.1746,19.7797],[100.1627,19.7481],[100.169,19.7266],[100.1615,19.7088],[100.0782,19.7192],[100.07,19.7394],[100.0428,19.7421],[100.0559,19.798],[100.0729,19.7965],[100.0742,19.8214],[100.0919,19.8431],[100.0853,19.8702],[100.1008,19.9038],[100.0858,19.9276],[100.1079,19.9664],[100.1243,19.98],[100.1663,19.9891],[100.1705,19.9982],[100.1908,19.9916],[100.2013,19.9987],[100.2194,19.9875],[100.2359,19.991],[100.2465,19.9752],[100.3078,19.9674],[100.309,19.9582],[100.2928,19.9567],[100.2874,19.9445],[100.2922,19.9347],[100.2823,19.9259],[100.291,19.9256],[100.2887,19.9165],[100.275,19.9097],[100.2618,19.9171],[100.264,19.9107],[100.2542,19.9066],[100.2606,19.9019],[100.2512,19.9019],[100.2525,19.8836],[100.2321,19.8793],[100.2344,19.8652],[100.2192,19.8595],[100.2165,19.8379],[100.2063,19.8382],[100.2047,19.8228],[100.1998,19.8304],[100.1944,19.8176],[100.1716,19.8072],[100.1711,19.7949]]]]}},{"type":"Feature","properties":{"province":"ChiangRai","district":"Thoeng","hasc":"TH.CR.TH"},"geometry":{"type":"MultiPolygon","coordinates":[[[[100.063,19.5086],[100.0464,19.5343],[100.0267,19.5369],[100.0085,19.574],[99.9965,19.5751],[99.9857,19.5641],[99.9539,19.5741],[99.9524,19.5809],[99.961,19.6067],[99.9526,19.6201],[99.9614,19.6287],[99.9584,19.6427],[100.0041,19.6601],[100.009,19.7078],[100.0301,19.7336],[100.045,19.743],[100.068,19.7402],[100.0782,19.7312],[100.0782,19.7192],[100.1615,19.7088],[100.1693,19.7291],[100.1627,19.7481],[100.1746,19.7797],[100.1675,19.7963],[100.1716,19.8072],[100.1943,19.7864],[100.1862,19.7761],[100.1957,19.7741],[100.1905,19.7696],[100.2005,19.7569],[100.2573,19.7631],[100.2653,19.7787],[100.3044,19.8067],[100.345,19.8723],[100.3594,19.8689],[100.3759,19.8513],[100.4021,19.8463],[100.418,19.8317],[100.4493,19.8278],[100.4387,19.7983],[100.4159,19.7774],[100.4073,19.7312],[100.3606,19.6871],[100.3356,19.6818],[100.3185,19.6468],[100.2577,19.6441],[100.2382,19.6063],[100.2159,19.6076],[100.1841,19.5857],[100.1678,19.5852],[100.1614,19.5616],[100.0766,19.5446],[100.062,19.5244],[100.0693,19.519],[100.063,19.5086]]]]}},{"type":"Feature","properties":{"province":"ChiangRai","district":"WiangChai","hasc":"TH.CR.WC"},"geometry":{"type":"MultiPolygon","coordinates":[[[[100.0252,19.7312],[100.0051,19.7534],[100.0059,19.7686],[99.9926,19.7933],[99.952,19.7905],[99.9365,19.827],[99.9026,19.8376],[99.8797,19.8631],[99.8697,19.8588],[99.8632,19.8679],[99.8492,19.8647],[99.8428,19.873],[99.8536,19.8898],[99.891,19.8944],[99.9011,19.9251],[99.9684,19.9703],[99.9895,19.945],[100.0082,19.9374],[100.0341,19.9514],[100.0518,19.9425],[100.0934,19.9475],[100.0976,19.9385],[100.0858,19.9276],[100.1008,19.9038],[100.0853,19.8702],[100.0919,19.8431],[100.0742,19.8214],[100.0729,19.7965],[100.0559,19.798],[100.0428,19.7421],[100.0252,19.7312]]]]}},{"type":"Feature","properties":{"province":"ChiangRai","district":"WiangPaPao","hasc":"TH.CR.WP"},"geometry":{"type":"MultiPolygon","coordinates":[[[[99.4008,19.0006],[99.3832,19.0456],[99.384,19.0621],[99.346,19.0841],[99.3228,19.121],[99.3204,19.1632],[99.3076,19.1742],[99.3048,19.191],[99.3157,19.2063],[99.312,19.2224],[99.3438,19.2662],[99.3184,19.3477],[99.3338,19.3585],[99.3307,19.3953],[99.3112,19.4261],[99.3188,19.4527],[99.308,19.471],[99.3104,19.4847],[99.2987,19.486],[99.2963,19.4955],[99.3112,19.5246],[99.3419,19.5424],[99.3681,19.534],[99.4098,19.5034],[99.4635,19.4905],[99.4879,19.4599],[99.527,19.4812],[99.5878,19.4653],[99.5706,19.4412],[99.5638,19.411],[99.5775,19.3873],[99.5827,19.3519],[99.5746,19.3446],[99.5829,19.3362],[99.5772,19.326],[99.582,19.3089],[99.5796,19.2913],[99.5658,19.2818],[99.5643,19.2641],[99.5473,19.2386],[99.5508,19.2226],[99.5378,19.1603],[99.5513,19.1551],[99.5617,19.1382],[99.5391,19.1071],[99.5412,19.0835],[99.5311,19.0744],[99.4958,19.0758],[99.4379,19.006],[99.4008,19.0006]]]]}},{"type":"Feature","properties":{"province":"ChiangRai","district":"WiengKaen","hasc":"TH.CR.WK"},"geometry":{"type":"MultiPolygon","coordinates":[[[[100.5439,20.0188],[100.5193,19.944],[100.5184,19.9056],[100.4982,19.8736],[100.4626,19.8551],[100.4445,19.8327],[100.418,19.8317],[100.4021,19.8463],[100.3759,19.8513],[100.3594,19.8689],[100.345,19.8723],[100.3539,19.8991],[100.3738,19.922],[100.3768,19.954],[100.3918,19.9641],[100.412,19.9993],[100.4187,20.0336],[100.466,20.1169],[100.4645,20.1379],[100.477,20.1627],[100.4658,20.1728],[100.4653,20.1963],[100.5198,20.1421],[100.5324,20.1435],[100.554,20.1732],[100.5798,20.1665],[100.5717,20.0966],[100.5625,20.0845],[100.5537,20.0292],[100.5439,20.0188]]]]}},{"type":"Feature","properties":{"province":"ChonBuri","district":"BanBung","hasc":"TH.CB.BU"},"geometry":{"type":"MultiPolygon","coordinates":[[[[101.1994,13.3482],[101.2143,13.338],[101.2152,13.3234],[101.2484,13.3257],[101.3005,13.2938],[101.3254,13.2374],[101.2907,13.2056],[101.3038,13.1866],[101.279,13.1743],[101.2917,13.153],[101.2629,13.1582],[101.2711,13.1298],[101.2509,13.1431],[101.2507,13.1272],[101.2316,13.1096],[101.2086,13.1274],[101.1959,13.1495],[101.1836,13.1437],[101.1708,13.1568],[101.1459,13.1533],[101.1285,13.1787],[101.0881,13.1836],[101.0718,13.2014],[101.0757,13.2169],[101.0636,13.2216],[101.063,13.2509],[101.0539,13.2681],[101.0743,13.2928],[101.071,13.3161],[101.054,13.3362],[101.0593,13.3512],[101.0664,13.3479],[101.0731,13.3574],[101.0574,13.3756],[101.066,13.3876],[101.0726,13.3804],[101.1094,13.3764],[101.1108,13.3625],[101.1276,13.3584],[101.1367,13.362],[101.1366,13.3748],[101.1616,13.3756],[101.179,13.363],[101.1976,13.3665],[101.1994,13.3482]]]]}},{"type":"Feature","properties":{"province":"ChonBuri","district":"BangLamung","hasc":"TH.CB.LA"},"geometry":{"type":"MultiPolygon","coordinates":[[[[100.702,12.7934],[100.6978,12.7986],[100.6999,12.8031],[100.7033,12.8017],[100.7044,12.7995],[100.7025,12.7963],[100.7041,12.7949],[100.7025,12.7917],[100.702,12.7934]]],[[[100.6714,12.8692],[100.6728,12.8731],[100.6733,12.8832],[100.6756,12.8767],[100.6733,12.8681],[100.6719,12.8672],[100.6714,12.8692]]],[[[100.6794,12.9],[100.6775,12.9036],[100.6778,12.9061],[100.6814,12.9017],[100.6806,12.8994],[100.6794,12.9]]],[[[100.7888,12.9223],[100.7741,12.8975],[100.7663,12.9145],[100.7699,12.9279],[100.7802,12.926],[100.7895,12.9378],[100.7888,12.9223]]],[[[101.0682,13.0045],[101.0917,12.997],[101.0952,12.9769],[101.1044,12.9711],[101.0924,12.9576],[101.0901,12.9149],[101.0783,12.9035],[101.0751,12.8772],[101.0622,12.8562],[101.0646,12.8329],[101.0476,12.8116],[101.0182,12.7932],[101.0192,12.8077],[101.0048,12.8112],[100.9939,12.7824],[100.9777,12.7665],[100.9681,12.7746],[100.9601,12.7712],[100.9474,12.7949],[100.9281,12.7983],[100.9181,12.8572],[100.897,12.8577],[100.8558,12.9105],[100.8619,12.9299],[100.8693,12.9252],[100.8836,12.9394],[100.8829,12.9706],[100.9044,12.9736],[100.9258,13.0011],[100.9269,13.0211],[100.9131,13.0633],[100.9531,13.084],[100.9545,13.0469],[100.9792,13.0511],[101.0301,13.0225],[101.0546,13.021],[101.0682,13.0045]]],[[[100.8054,12.9264],[100.8042,12.9301],[100.8049,12.9306],[100.8064,12.9251],[100.8054,12.9264]]],[[[100.6787,12.9443],[100.6857,12.9286],[100.6756,12.9199],[100.6626,12.9452],[100.6776,12.9519],[100.6787,12.9443]]],[[[100.7925,12.9445],[100.7954,12.9449],[100.7941,12.9428],[100.7901,12.9422],[100.7897,12.9459],[100.7925,12.9445]]],[[[100.6477,12.9523],[100.6483,12.9624],[100.6516,12.9641],[100.6535,12.9594],[100.6491,12.952],[100.6477,12.9523]]]]}},{"type":"Feature","properties":{"province":"ChonBuri","district":"BoThong","hasc":"TH.CB.BO"},"geometry":{"type":"MultiPolygon","coordinates":[[[[101.5813,13.1355],[101.5889,13.1182],[101.573,13.0837],[101.5581,13.0718],[101.5263,13.0732],[101.4873,13.131],[101.4615,13.1336],[101.4402,13.1548],[101.4378,13.1477],[101.4182,13.162],[101.3522,13.2593],[101.3343,13.2639],[101.3228,13.2773],[101.3126,13.2761],[101.2899,13.3027],[101.2698,13.3092],[101.2731,13.3533],[101.2857,13.3457],[101.3293,13.3426],[101.3444,13.332],[101.4207,13.3709],[101.474,13.3479],[101.5142,13.369],[101.5574,13.3668],[101.5661,13.3301],[101.5823,13.3315],[101.6009,13.302],[101.6407,13.292],[101.6704,13.2705],[101.6949,13.2212],[101.7148,13.2043],[101.7201,13.18],[101.7143,13.1617],[101.6985,13.1512],[101.6625,13.1527],[101.648,13.1631],[101.6077,13.1357],[101.5813,13.1355]]]]}},{"type":"Feature","properties":{"province":"ChonBuri","district":"K.KoChan","hasc":"TH.CB.KC"},"geometry":{"type":"MultiPolygon","coordinates":[[[[101.3588,13.4682],[101.3792,13.4528],[101.4225,13.4556],[101.4256,13.4305],[101.4436,13.4222],[101.4548,13.4058],[101.4868,13.4159],[101.4916,13.4241],[101.5277,13.4061],[101.5415,13.4078],[101.5525,13.3722],[101.5255,13.3648],[101.5142,13.369],[101.474,13.3479],[101.4207,13.3709],[101.3444,13.332],[101.3293,13.3426],[101.2857,13.3457],[101.2731,13.3533],[101.2783,13.3951],[101.2715,13.4161],[101.2736,13.426],[101.2931,13.4278],[101.2868,13.4551],[101.3023,13.4637],[101.318,13.4558],[101.3203,13.4364],[101.3304,13.437],[101.3588,13.4682]]]]}},{"type":"Feature","properties":{"province":"ChonBuri","district":"KoSichang","hasc":"TH.CB.KS"},"geometry":{"type":"MultiPolygon","coordinates":[[[[100.8072,13.1178],[100.8109,13.118],[100.811,13.1144],[100.8031,13.1081],[100.8028,13.11],[100.8056,13.1136],[100.8044,13.1167],[100.8056,13.1183],[100.8072,13.1178]]],[[[100.8083,13.1767],[100.8208,13.15],[100.8092,13.1247],[100.7983,13.1636],[100.801,13.1785],[100.8083,13.1767]]],[[[100.8236,13.1711],[100.8275,13.1686],[100.8264,13.1639],[100.8214,13.165],[100.8208,13.1714],[100.8217,13.1725],[100.8236,13.1711]]],[[[100.8334,13.1656],[100.8325,13.1644],[100.8319,13.1647],[100.8331,13.1669],[100.8334,13.1656]]],[[[100.8306,13.1733],[100.8289,13.1736],[100.8283,13.1744],[100.8306,13.1753],[100.8306,13.1733]]]]}},{"type":"Feature","properties":{"province":"ChonBuri","district":"MuangChonBuri","hasc":"TH.CB.CH"},"geometry":{"type":"MultiPolygon","coordinates":[[[[100.9905,13.2689],[100.9624,13.2397],[100.9314,13.2364],[100.9222,13.2717],[100.8967,13.3019],[100.9031,13.3178],[100.9178,13.3158],[100.9257,13.3413],[100.9361,13.3392],[100.9758,13.3592],[100.9839,13.3942],[100.9669,13.4356],[100.9769,13.4703],[100.9899,13.4622],[101.0156,13.4666],[101.01,13.4579],[101.0201,13.4381],[101.0529,13.4427],[101.0738,13.4372],[101.059,13.4256],[101.066,13.3876],[101.0573,13.3764],[101.0733,13.3586],[101.0664,13.3479],[101.0593,13.3512],[101.054,13.3374],[101.071,13.3161],[101.0737,13.2912],[101.0529,13.2678],[101.0245,13.2804],[101.0087,13.269],[100.9905,13.2689]]]]}},{"type":"Feature","properties":{"province":"ChonBuri","district":"NongYai","hasc":"TH.CB.NO"},"geometry":{"type":"MultiPolygon","coordinates":[[[[101.5082,13.0998],[101.5263,13.0732],[101.5154,13.0583],[101.4984,13.0574],[101.4856,13.0386],[101.465,13.0323],[101.4383,13.0508],[101.4229,13.0378],[101.3812,13.0376],[101.3255,13.0842],[101.2939,13.0645],[101.2918,13.05],[101.2733,13.0564],[101.2606,13.0764],[101.2411,13.063],[101.2172,13.0806],[101.2217,13.1],[101.2507,13.1272],[101.2509,13.1431],[101.2711,13.1298],[101.2629,13.1582],[101.2923,13.154],[101.279,13.1743],[101.3036,13.186],[101.2907,13.2056],[101.3249,13.233],[101.3083,13.2658],[101.3218,13.2776],[101.3343,13.2639],[101.3522,13.2593],[101.4182,13.162],[101.4378,13.1477],[101.4402,13.1548],[101.4615,13.1336],[101.4836,13.1337],[101.5082,13.0998]]]]}},{"type":"Feature","properties":{"province":"ChonBuri","district":"PhanThong","hasc":"TH.CB.PT"},"geometry":{"type":"MultiPolygon","coordinates":[[[[101.1187,13.3617],[101.1102,13.3633],[101.1094,13.3764],[101.0664,13.3869],[101.059,13.4256],[101.0732,13.4382],[101.0221,13.4375],[101.01,13.4579],[101.012,13.4703],[101.0337,13.4825],[101.0335,13.4954],[101.0719,13.5174],[101.0535,13.5453],[101.0412,13.5491],[101.0458,13.5578],[101.0942,13.5524],[101.1152,13.5687],[101.1314,13.5532],[101.1054,13.509],[101.1164,13.5003],[101.1124,13.492],[101.1231,13.4903],[101.1288,13.4511],[101.1423,13.4359],[101.1388,13.4079],[101.1279,13.3901],[101.1384,13.3664],[101.1299,13.3581],[101.1187,13.3617]]]]}},{"type":"Feature","properties":{"province":"ChonBuri","district":"PhanatNikhom","hasc":"TH.CB.PN"},"geometry":{"type":"MultiPolygon","coordinates":[[[[101.2653,13.3155],[101.2484,13.3257],[101.2152,13.3234],[101.2143,13.338],[101.1978,13.3497],[101.1976,13.3665],[101.179,13.363],[101.1616,13.3756],[101.1354,13.3749],[101.128,13.387],[101.1423,13.4359],[101.1288,13.4511],[101.1231,13.4903],[101.1124,13.492],[101.1164,13.5003],[101.1054,13.509],[101.1317,13.5507],[101.1201,13.5628],[101.1517,13.5986],[101.274,13.5568],[101.3169,13.5036],[101.3585,13.4707],[101.3304,13.437],[101.3203,13.4364],[101.318,13.4558],[101.3023,13.4637],[101.2868,13.4551],[101.2931,13.4278],[101.2736,13.426],[101.2769,13.37],[101.2653,13.3155]]]]}},{"type":"Feature","properties":{"province":"ChonBuri","district":"Sattahip","hasc":"TH.CB.SA"},"geometry":{"type":"MultiPolygon","coordinates":[[[[100.9746,12.5172],[100.9743,12.5135],[100.9707,12.5188],[100.9682,12.5175],[100.9667,12.5218],[100.9714,12.523],[100.9746,12.5172]]],[[[100.9572,12.5285],[100.9569,12.5079],[100.952,12.5154],[100.9572,12.5285]]],[[[100.9708,12.5491],[100.9705,12.5512],[100.9714,12.5521],[100.9726,12.5485],[100.9707,12.5477],[100.9708,12.5491]]],[[[100.9517,12.5867],[100.9632,12.5628],[100.9523,12.5495],[100.9419,12.5801],[100.9517,12.5867]]],[[[100.9353,12.5718],[100.9328,12.5704],[100.9307,12.5729],[100.9331,12.5736],[100.9347,12.5766],[100.936,12.5741],[100.9353,12.5718]]],[[[100.916,12.6019],[100.9163,12.6055],[100.9169,12.6067],[100.9181,12.5997],[100.916,12.6019]]],[[[100.964,12.6068],[100.9618,12.5942],[100.9353,12.6089],[100.9248,12.6062],[100.9128,12.6233],[100.9275,12.6322],[100.9302,12.645],[100.9191,12.6575],[100.9027,12.6624],[100.8856,12.6521],[100.8528,12.6481],[100.8481,12.6547],[100.8611,12.6693],[100.8405,12.6756],[100.855,12.6935],[100.8361,12.6979],[100.8337,12.7335],[100.8401,12.7514],[100.8535,12.7541],[100.8628,12.7678],[100.8835,12.7612],[100.9014,12.7756],[100.9135,12.8071],[100.897,12.8577],[100.9089,12.8612],[100.9206,12.8517],[100.9281,12.7983],[100.9474,12.7949],[100.9601,12.7712],[100.9681,12.7746],[100.9777,12.7665],[100.9939,12.7824],[101.0029,12.8097],[101.02,12.806],[101.0161,12.7581],[100.9924,12.7245],[100.9957,12.7139],[100.9857,12.6921],[100.9941,12.6571],[100.969,12.6452],[100.964,12.6068]]],[[[100.9066,12.6197],[100.9097,12.6169],[100.9091,12.616],[100.8987,12.6231],[100.9006,12.6277],[100.9028,12.6227],[100.9066,12.6197]]],[[[100.9641,12.5803],[100.9593,12.5824],[100.9607,12.5891],[100.9631,12.591],[100.9663,12.5888],[100.9674,12.5844],[100.9667,12.5812],[100.9641,12.5803]]],[[[100.8751,12.6107],[100.8744,12.6133],[100.8755,12.615],[100.877,12.6103],[100.8751,12.6107]]],[[[100.8819,12.618],[100.8838,12.6158],[100.8796,12.6143],[100.8778,12.6175],[100.8819,12.618]]],[[[100.8752,12.6377],[100.8683,12.6325],[100.8639,12.6406],[100.8752,12.6377]]],[[[100.8921,12.6425],[100.8853,12.6418],[100.8778,12.6451],[100.88,12.6465],[100.8855,12.645],[100.8908,12.6478],[100.893,12.6457],[100.8921,12.6425]]],[[[100.8232,12.6736],[100.8212,12.6772],[100.8225,12.6793],[100.8251,12.674],[100.8232,12.6736]]],[[[100.7844,12.7171],[100.8032,12.7177],[100.8063,12.6961],[100.779,12.6711],[100.7642,12.7038],[100.7664,12.7134],[100.7761,12.7069],[100.7741,12.7202],[100.7844,12.7171]]],[[[100.798,12.7257],[100.7972,12.7277],[100.7979,12.7299],[100.7993,12.7254],[100.798,12.7257]]],[[[100.8491,12.7615],[100.8442,12.7592],[100.8383,12.7609],[100.8474,12.7632],[100.8491,12.7615]]],[[[100.8969,12.6463],[100.8978,12.6474],[100.898,12.6445],[100.8962,12.6443],[100.8969,12.6463]]]]}},{"type":"Feature","properties":{"province":"ChonBuri","district":"SiRacha","hasc":"TH.CB.SI"},"geometry":{"type":"MultiPolygon","coordinates":[[[[101.0687,13.0044],[101.0546,13.021],[101.0301,13.0225],[100.9792,13.0511],[100.9545,13.0469],[100.9531,13.084],[100.9138,13.0647],[100.9189,13.0383],[100.9078,13.0497],[100.8914,13.0422],[100.905,13.0561],[100.8894,13.0519],[100.8847,13.0608],[100.8964,13.0688],[100.8814,13.0639],[100.8859,13.0769],[100.8719,13.0769],[100.8789,13.11],[100.8978,13.1239],[100.8997,13.1433],[100.9253,13.1711],[100.9361,13.2025],[100.9314,13.2364],[100.9616,13.2393],[100.9837,13.2675],[101.0068,13.2683],[101.0245,13.2804],[101.0578,13.2661],[101.0636,13.2216],[101.0757,13.2169],[101.0718,13.2014],[101.0881,13.1836],[101.1285,13.1787],[101.1459,13.1533],[101.1708,13.1568],[101.1836,13.1437],[101.1959,13.1495],[101.2086,13.1274],[101.2316,13.1096],[101.2211,13.0991],[101.2183,13.0759],[101.1964,13.0867],[101.1769,13.0774],[101.1745,13.0571],[101.1941,13.0534],[101.201,13.0437],[101.1884,13.0374],[101.1668,13.0462],[101.1043,13.0459],[101.0687,13.0044]]]]}},{"type":"Feature","properties":{"province":"Chumphon","district":"Lamae","hasc":"TH.CP.LA"},"geometry":{"type":"MultiPolygon","coordinates":[[[[99.1461,9.7467],[99.1592,9.7034],[99.1286,9.7027],[99.1177,9.6929],[99.1028,9.7035],[99.0785,9.7034],[99.0723,9.6878],[99.0959,9.6627],[99.0751,9.6512],[99.0526,9.6664],[99.0338,9.6933],[99.0078,9.6993],[99.0057,9.71],[98.9964,9.703],[98.9869,9.7106],[98.9621,9.7118],[98.9575,9.7206],[98.9288,9.7205],[98.9029,9.7347],[98.8814,9.7859],[98.9469,9.8232],[98.9741,9.808],[98.982,9.7939],[98.9925,9.7969],[98.9966,9.7828],[99.03,9.7998],[99.0725,9.8394],[99.0869,9.8423],[99.0897,9.8087],[99.1059,9.8086],[99.1117,9.8326],[99.1395,9.8259],[99.1461,9.7467]]]]}},{"type":"Feature","properties":{"province":"Chumphon","district":"LangSuan","hasc":"TH.CP.LS"},"geometry":{"type":"MultiPolygon","coordinates":[[[[98.9757,9.8025],[98.9603,9.8183],[98.9672,9.8291],[98.9616,9.8398],[98.9701,9.8489],[98.969,9.8917],[98.982,9.8989],[98.9644,9.9195],[98.967,9.9349],[98.9356,9.945],[98.929,9.9687],[98.9071,9.9782],[98.8823,10.0042],[98.9042,10.0253],[98.9021,10.0528],[98.9226,10.0684],[98.9309,10.0663],[98.9454,10.0279],[98.943,10.0126],[98.9615,10.0203],[98.9861,10.0147],[99.0396,10.0504],[99.0782,10.041],[99.1226,10.0186],[99.1282,10.0283],[99.1186,10.0593],[99.126,10.0725],[99.1552,10.0651],[99.1828,10.0367],[99.1732,10.0277],[99.1803,10.0175],[99.1764,10.0078],[99.1606,10.0114],[99.1507,9.9878],[99.1611,9.9456],[99.1628,9.8472],[99.1475,9.8425],[99.1395,9.8259],[99.1103,9.8318],[99.1059,9.8086],[99.0891,9.809],[99.0869,9.8423],[99.0806,9.8425],[99.0481,9.8219],[99.03,9.7998],[98.9966,9.7828],[98.9925,9.7969],[98.9827,9.7935],[98.9757,9.8025]]],[[[99.1914,10.0531],[99.1844,10.0503],[99.1869,10.0575],[99.1914,10.0531]]]]}},{"type":"Feature","properties":{"province":"Chumphon","district":"MuangChumphon","hasc":"TH.CP.CH"},"geometry":{"type":"MultiPolygon","coordinates":[[[[99.3022,10.3201],[99.3003,10.3167],[99.2992,10.3172],[99.2997,10.3211],[99.3022,10.3201]]],[[[99.2939,10.3478],[99.2953,10.35],[99.2967,10.3489],[99.2953,10.3469],[99.2939,10.3478]]],[[[99.3099,10.3617],[99.3078,10.3611],[99.3114,10.3658],[99.3117,10.3643],[99.3099,10.3617]]],[[[99.321,10.374],[99.3219,10.3781],[99.3239,10.3794],[99.3247,10.3778],[99.3222,10.3725],[99.321,10.374]]],[[[99.2825,10.3238],[99.2803,10.32],[99.2794,10.3231],[99.2836,10.3289],[99.2844,10.3261],[99.2825,10.3238]]],[[[99.2758,10.4182],[99.284,10.41],[99.2859,10.3681],[99.2786,10.3553],[99.2549,10.363],[99.2392,10.3438],[99.2056,10.3719],[99.1643,10.3657],[99.1468,10.3441],[99.1544,10.3317],[99.1483,10.3109],[99.1353,10.3242],[99.1034,10.3256],[99.0439,10.3904],[99.0243,10.3962],[99.0176,10.422],[99.0055,10.4308],[98.9832,10.4327],[98.9606,10.3786],[98.9303,10.3851],[98.9258,10.3958],[98.902,10.3975],[98.9052,10.4099],[98.8937,10.4162],[98.8955,10.4403],[98.8847,10.4577],[98.895,10.4825],[98.9114,10.4896],[98.9223,10.5112],[98.9454,10.5174],[98.9521,10.5347],[98.9674,10.536],[98.9866,10.551],[99.0405,10.5365],[99.0659,10.5516],[99.0698,10.569],[99.1021,10.5682],[99.1174,10.5586],[99.1273,10.58],[99.152,10.5914],[99.1739,10.587],[99.1903,10.5739],[99.2123,10.5744],[99.2261,10.5846],[99.2404,10.5806],[99.2527,10.5614],[99.2781,10.5533],[99.2742,10.5423],[99.2608,10.5363],[99.2406,10.5391],[99.243,10.509],[99.2678,10.5151],[99.2589,10.4992],[99.2333,10.4953],[99.2275,10.485],[99.2404,10.4491],[99.2758,10.4182]]],[[[99.2931,10.3882],[99.2922,10.3921],[99.2944,10.3931],[99.2942,10.3875],[99.2931,10.3882]]],[[[99.3583,10.4081],[99.3525,10.4003],[99.3519,10.3958],[99.3411,10.3897],[99.344,10.3963],[99.3514,10.4014],[99.3578,10.4097],[99.3583,10.4081]]],[[[99.3167,10.4244],[99.3139,10.4231],[99.3131,10.4236],[99.3172,10.4264],[99.318,10.425],[99.3167,10.4244]]],[[[99.2992,10.4484],[99.3033,10.4397],[99.2917,10.4344],[99.2883,10.4419],[99.2992,10.4484]]],[[[99.2525,10.4478],[99.2536,10.45],[99.2553,10.4494],[99.2539,10.4461],[99.2525,10.4478]]],[[[99.1656,10.3583],[99.1631,10.3583],[99.1642,10.3628],[99.1669,10.3606],[99.1656,10.3583]]]]}},{"type":"Feature","properties":{"province":"Chumphon","district":"Pathiu","hasc":"TH.CP.PA"},"geometry":{"type":"MultiPolygon","coordinates":[[[[99.3778,10.5544],[99.375,10.555],[99.3778,10.5561],[99.3811,10.5608],[99.3808,10.5569],[99.3778,10.5544]]],[[[99.2194,10.5823],[99.2123,10.5744],[99.2036,10.5783],[99.2057,10.6012],[99.232,10.6336],[99.2421,10.6722],[99.2205,10.6854],[99.2326,10.7136],[99.2312,10.7397],[99.2199,10.75],[99.2337,10.7628],[99.2212,10.7989],[99.2503,10.8308],[99.2757,10.8455],[99.2691,10.8692],[99.2437,10.8826],[99.2638,10.889],[99.2763,10.9112],[99.2554,10.9312],[99.2576,10.966],[99.281,10.9573],[99.2909,10.969],[99.3352,10.9651],[99.3459,10.975],[99.3753,10.972],[99.3822,10.9614],[99.4081,10.9549],[99.4701,10.992],[99.4963,10.9883],[99.4911,10.9382],[99.5197,10.8983],[99.5078,10.8839],[99.5099,10.8726],[99.4975,10.8611],[99.4968,10.8748],[99.4813,10.8878],[99.4675,10.8714],[99.4412,10.8708],[99.4132,10.7629],[99.3933,10.7436],[99.3802,10.7077],[99.3595,10.6915],[99.3602,10.6796],[99.3705,10.6764],[99.3588,10.6648],[99.3514,10.682],[99.339,10.6827],[99.316,10.6653],[99.2969,10.6188],[99.2815,10.6021],[99.2842,10.5828],[99.2736,10.5633],[99.2779,10.5511],[99.252,10.5619],[99.2367,10.583],[99.2194,10.5823]]],[[[99.4118,10.7021],[99.4111,10.6992],[99.4092,10.6975],[99.4075,10.6994],[99.4089,10.7036],[99.4111,10.7044],[99.4118,10.7021]]],[[[99.4172,10.4853],[99.4172,10.4867],[99.4181,10.4878],[99.4192,10.4858],[99.4178,10.4842],[99.4172,10.4853]]],[[[99.4231,10.4975],[99.42,10.4922],[99.4188,10.4915],[99.4192,10.4958],[99.4217,10.4989],[99.4231,10.4975]]],[[[99.4924,10.8206],[99.4917,10.8197],[99.4905,10.8231],[99.4925,10.8236],[99.4924,10.8206]]],[[[99.4922,10.8597],[99.4714,10.8353],[99.4864,10.8614],[99.4922,10.8597]]],[[[99.4878,10.8633],[99.4889,10.8656],[99.4903,10.8647],[99.4892,10.8628],[99.4878,10.8633]]]]}},{"type":"Feature","properties":{"province":"Chumphon","district":"Phato","hasc":"TH.CP.PH"},"geometry":{"type":"MultiPolygon","coordinates":[[[[98.7674,9.6802],[98.7662,9.6281],[98.7388,9.6011],[98.7219,9.6282],[98.697,9.6351],[98.6726,9.6543],[98.6537,9.6528],[98.6471,9.6632],[98.6597,9.6837],[98.6466,9.6919],[98.6505,9.7001],[98.6394,9.7132],[98.6422,9.7375],[98.6268,9.764],[98.6331,9.7674],[98.6326,9.7885],[98.6637,9.8073],[98.6827,9.8344],[98.6929,9.8327],[98.7214,9.8674],[98.722,9.8941],[98.7526,9.9185],[98.7558,9.9335],[98.7809,9.9503],[98.8146,9.9362],[98.83,9.9775],[98.8449,9.9936],[98.8646,9.9927],[98.8823,10.0042],[98.9071,9.9782],[98.929,9.9687],[98.9356,9.945],[98.9676,9.9341],[98.9632,9.9225],[98.982,9.8989],[98.9695,9.8926],[98.965,9.8785],[98.9716,9.8642],[98.9616,9.8398],[98.9669,9.8275],[98.9603,9.8183],[98.946,9.8231],[98.883,9.7899],[98.8854,9.7637],[98.9031,9.7457],[98.9015,9.7335],[98.8832,9.7256],[98.8712,9.7305],[98.845,9.7037],[98.8193,9.7026],[98.7914,9.6832],[98.7819,9.6921],[98.7674,9.6802]]]]}},{"type":"Feature","properties":{"province":"Chumphon","district":"Sawi","hasc":"TH.CP.SA"},"geometry":{"type":"MultiPolygon","coordinates":[[[[98.9201,10.0659],[98.9033,10.0544],[98.8927,10.0643],[98.8359,10.0658],[98.8636,10.0961],[98.8589,10.1288],[98.8681,10.1338],[98.8698,10.1549],[98.8891,10.1603],[98.8707,10.187],[98.9088,10.2655],[98.899,10.2779],[98.9034,10.2953],[98.9415,10.3445],[98.9427,10.3586],[98.9316,10.3647],[98.9378,10.3831],[98.9606,10.3786],[98.9832,10.4327],[98.9992,10.4326],[99.0176,10.422],[99.0243,10.3962],[99.0439,10.3904],[99.1034,10.3256],[99.1457,10.317],[99.1682,10.285],[99.163,10.279],[99.1889,10.2756],[99.1934,10.2659],[99.206,10.2713],[99.2038,10.2499],[99.2203,10.2273],[99.2395,10.2376],[99.2475,10.2325],[99.2134,10.2094],[99.1951,10.2147],[99.1835,10.1758],[99.1762,10.1723],[99.157,10.1854],[99.145,10.1562],[99.1135,10.1582],[99.1021,10.1515],[99.0858,10.1672],[99.0621,10.15],[99.0201,10.1361],[98.9941,10.1412],[98.9819,10.1202],[98.9436,10.0934],[98.931,10.1164],[98.9201,10.0659]]],[[[99.2222,10.2469],[99.225,10.25],[99.2261,10.2492],[99.2253,10.2472],[99.2222,10.2469]]],[[[99.2483,10.1986],[99.2472,10.2014],[99.2494,10.2025],[99.25,10.2],[99.2483,10.1986]]],[[[99.2481,10.2075],[99.2492,10.2092],[99.2506,10.2067],[99.2494,10.2058],[99.2481,10.2075]]],[[[99.2433,10.2208],[99.2419,10.2222],[99.2439,10.2228],[99.245,10.2214],[99.2433,10.2208]]],[[[99.2482,10.247],[99.2492,10.2479],[99.2501,10.2461],[99.2489,10.2456],[99.2482,10.247]]],[[[99.2581,10.2592],[99.2608,10.2583],[99.2615,10.2556],[99.2567,10.2487],[99.2567,10.2525],[99.2539,10.2519],[99.2531,10.2544],[99.2558,10.2597],[99.2581,10.2592]]],[[[99.2489,10.2953],[99.2481,10.2936],[99.2456,10.2967],[99.2483,10.2967],[99.2489,10.2953]]],[[[99.2269,10.2553],[99.2272,10.2536],[99.2256,10.2533],[99.2253,10.2553],[99.2278,10.2575],[99.2269,10.2553]]],[[[99.2356,10.2706],[99.2336,10.2689],[99.2328,10.2697],[99.2344,10.2739],[99.2356,10.2706]]]]}},{"type":"Feature","properties":{"province":"Chumphon","district":"ThaSae","hasc":"TH.CP.TS"},"geometry":{"type":"MultiPolygon","coordinates":[[[[99.0795,10.5693],[99.0698,10.569],[99.0659,10.5516],[99.0405,10.5365],[98.9918,10.5525],[98.9659,10.5359],[98.947,10.5537],[98.9413,10.5693],[98.9599,10.5837],[98.9651,10.6041],[98.9589,10.6161],[98.9453,10.6115],[98.9508,10.6371],[98.9402,10.649],[98.9282,10.6486],[98.9296,10.6728],[98.9096,10.6777],[98.9058,10.6904],[98.8944,10.6818],[98.8903,10.6956],[98.9144,10.7476],[98.8948,10.7561],[98.8893,10.774],[98.9054,10.7809],[98.9238,10.8266],[98.9363,10.8125],[98.9591,10.8117],[98.9732,10.8313],[98.9832,10.8312],[99.0111,10.856],[99.012,10.8716],[99.0008,10.8811],[99.0062,10.8924],[98.9996,10.9229],[99.024,10.9695],[99.0497,10.9616],[99.0576,10.9464],[99.0795,10.9538],[99.0939,10.9716],[99.1031,11.0126],[99.1302,11.0299],[99.1512,11.0328],[99.1492,11.0135],[99.2567,10.9676],[99.2554,10.9312],[99.2763,10.9112],[99.2638,10.889],[99.2437,10.8826],[99.2691,10.8692],[99.2753,10.842],[99.2503,10.8308],[99.2212,10.7989],[99.2337,10.7628],[99.2199,10.75],[99.2312,10.7397],[99.2326,10.7136],[99.2202,10.6871],[99.2403,10.6787],[99.2405,10.6503],[99.206,10.6019],[99.2028,10.5768],[99.1894,10.574],[99.1739,10.587],[99.1527,10.5915],[99.1273,10.58],[99.1174,10.5586],[99.1055,10.5674],[99.0795,10.5693]]]]}},{"type":"Feature","properties":{"province":"Chumphon","district":"ThungTako","hasc":"TH.CP.TT"},"geometry":{"type":"MultiPolygon","coordinates":[[[[99.1295,10.0743],[99.1188,10.0606],[99.1282,10.0283],[99.1233,10.0188],[99.0396,10.0504],[98.9861,10.0147],[98.9615,10.0203],[98.9442,10.0125],[98.939,10.0529],[98.922,10.0681],[98.9203,10.0898],[98.9285,10.0967],[98.931,10.1164],[98.9398,10.0944],[98.948,10.0949],[98.9679,10.1163],[98.9819,10.1202],[98.9941,10.1412],[99.0201,10.1361],[99.0621,10.15],[99.0858,10.1672],[99.1021,10.1515],[99.1135,10.1582],[99.145,10.1562],[99.1578,10.1855],[99.1768,10.1721],[99.172,10.1527],[99.1597,10.1469],[99.149,10.127],[99.1552,10.0651],[99.1295,10.0743]]],[[[99.1864,10.07],[99.1833,10.0694],[99.1828,10.07],[99.1853,10.0725],[99.1867,10.0719],[99.1864,10.07]]],[[[99.1789,10.146],[99.1805,10.1459],[99.1799,10.142],[99.1769,10.1408],[99.1771,10.1466],[99.1789,10.146]]],[[[99.2056,10.1478],[99.2031,10.1494],[99.2031,10.1511],[99.2047,10.1508],[99.2056,10.1478]]],[[[99.2189,10.1561],[99.2192,10.1533],[99.2175,10.1519],[99.2169,10.1558],[99.2189,10.1561]]]]}},{"type":"Feature","properties":{"province":"Kalasin","district":"HuaiMek","hasc":"TH.KL.HM"},"geometry":{"type":"MultiPolygon","coordinates":[[[[103.2953,16.514],[103.2264,16.5115],[103.2236,16.4925],[103.1842,16.4894],[103.1692,16.4754],[103.1611,16.4879],[103.1891,16.5506],[103.1701,16.605],[103.1977,16.6274],[103.192,16.6403],[103.1547,16.6421],[103.1611,16.6725],[103.1482,16.6997],[103.1605,16.7318],[103.1492,16.7445],[103.1535,16.76],[103.1733,16.769],[103.1934,16.7453],[103.1925,16.7318],[103.2067,16.7201],[103.2076,16.6972],[103.2146,16.695],[103.2139,16.6476],[103.2404,16.6308],[103.3185,16.6062],[103.3788,16.6158],[103.4084,16.6085],[103.3448,16.5668],[103.3291,16.5344],[103.352,16.5039],[103.2953,16.514]]]]}},{"type":"Feature","properties":{"province":"Kalasin","district":"HuaiPhung","hasc":"TH.KL.HP"},"geometry":{"type":"MultiPolygon","coordinates":[[[[103.9118,16.5714],[103.8811,16.5603],[103.8539,16.5745],[103.8275,16.61],[103.8238,16.627],[103.8046,16.6403],[103.8068,16.6489],[103.7961,16.663],[103.8052,16.6883],[103.7997,16.7241],[103.8154,16.7545],[103.9091,16.8001],[103.9372,16.7822],[103.941,16.7711],[103.954,16.774],[103.9488,16.7373],[103.9598,16.727],[103.9453,16.7134],[103.9489,16.658],[103.9561,16.639],[103.9696,16.6408],[103.9715,16.6327],[103.9641,16.6009],[103.943,16.5757],[103.9474,16.5539],[103.9118,16.5714]]]]}},{"type":"Feature","properties":{"province":"Kalasin","district":"K.DonChan","hasc":"TH.KL.DO"},"geometry":{"type":"MultiPolygon","coordinates":[[[[103.7078,16.3845],[103.6608,16.3828],[103.6739,16.3974],[103.6724,16.4108],[103.6809,16.4141],[103.6817,16.4244],[103.6574,16.448],[103.602,16.4675],[103.5954,16.4865],[103.651,16.4908],[103.6658,16.5062],[103.6703,16.5381],[103.6932,16.5433],[103.6947,16.5532],[103.7014,16.552],[103.6988,16.5652],[103.7055,16.5613],[103.7101,16.5697],[103.7176,16.5544],[103.7474,16.544],[103.8248,16.4676],[103.7397,16.4071],[103.7357,16.3955],[103.7078,16.3845]]]]}},{"type":"Feature","properties":{"province":"Kalasin","district":"K.KongChai","hasc":"TH.KL.CH"},"geometry":{"type":"MultiPolygon","coordinates":[[[[103.5139,16.3392],[103.5245,16.3161],[103.4964,16.2973],[103.4713,16.3114],[103.4607,16.3098],[103.4606,16.2589],[103.4999,16.2787],[103.5318,16.2708],[103.5516,16.2287],[103.5512,16.2121],[103.539,16.2099],[103.5434,16.2197],[103.5354,16.2178],[103.5214,16.1934],[103.5039,16.1985],[103.5056,16.2069],[103.496,16.2003],[103.4814,16.2062],[103.474,16.1894],[103.4548,16.18],[103.4507,16.1895],[103.4583,16.1896],[103.4469,16.1956],[103.453,16.2026],[103.4427,16.2038],[103.4509,16.2106],[103.4497,16.2251],[103.4405,16.2167],[103.435,16.2308],[103.4169,16.2375],[103.407,16.2546],[103.4137,16.2891],[103.4267,16.3141],[103.4582,16.3196],[103.484,16.3392],[103.5139,16.3392]]]]}},{"type":"Feature","properties":{"province":"Kalasin","district":"K.NaDu","hasc":"TH.KL.NK"},"geometry":{"type":"MultiPolygon","coordinates":[[[[103.9696,16.6408],[103.9621,16.6357],[103.9502,16.6487],[103.9454,16.7053],[103.9467,16.7162],[103.9598,16.7266],[103.9488,16.7378],[103.9585,16.8177],[103.9629,16.8219],[103.9716,16.809],[103.9824,16.8349],[103.9996,16.8349],[104.0298,16.8556],[104.0415,16.8388],[104.0493,16.8462],[104.068,16.8352],[104.0787,16.8112],[104.0948,16.8095],[104.0971,16.7871],[104.0683,16.7403],[104.0391,16.7289],[104.041,16.7192],[104.0235,16.6935],[103.9813,16.6684],[103.9696,16.6408]]]]}},{"type":"Feature","properties":{"province":"Kalasin","district":"K.SamChai","hasc":"TH.KL.SC"},"geometry":{"type":"MultiPolygon","coordinates":[[[[103.5196,17.0325],[103.5448,17.0408],[103.5526,17.0344],[103.5951,16.9585],[103.5998,16.945],[103.5905,16.9217],[103.5956,16.888],[103.5894,16.8703],[103.5972,16.8597],[103.5947,16.8362],[103.5748,16.8232],[103.5662,16.7823],[103.5468,16.7669],[103.4796,16.7595],[103.4702,16.7714],[103.4482,16.7752],[103.4205,16.8017],[103.4481,16.8261],[103.4453,16.8458],[103.4723,16.8732],[103.4863,16.9015],[103.4933,16.9016],[103.4957,16.9255],[103.4889,16.9398],[103.4963,16.9679],[103.5218,16.9963],[103.5196,17.0325]]]]}},{"type":"Feature","properties":{"province":"Kalasin","district":"Kamalasai","hasc":"TH.KL.KA"},"geometry":{"type":"MultiPolygon","coordinates":[[[[103.5507,16.2137],[103.5516,16.2287],[103.5318,16.2708],[103.4999,16.2787],[103.4606,16.2589],[103.4607,16.3098],[103.4713,16.3114],[103.496,16.2971],[103.5245,16.3161],[103.5139,16.3392],[103.5231,16.3462],[103.544,16.3312],[103.5605,16.3318],[103.5571,16.3466],[103.59,16.3685],[103.6283,16.3689],[103.6693,16.3862],[103.7078,16.3845],[103.681,16.2935],[103.6832,16.2833],[103.6896,16.2852],[103.6877,16.2722],[103.6933,16.2726],[103.6863,16.2382],[103.7065,16.22],[103.6928,16.2231],[103.6997,16.2158],[103.688,16.2092],[103.6877,16.216],[103.676,16.2101],[103.6664,16.2195],[103.6657,16.2067],[103.6781,16.2004],[103.6638,16.191],[103.655,16.2021],[103.6532,16.1873],[103.6459,16.1913],[103.6397,16.185],[103.6187,16.2158],[103.6024,16.2131],[103.6149,16.2132],[103.6213,16.2029],[103.6009,16.191],[103.5989,16.2007],[103.5914,16.1927],[103.553,16.2019],[103.5625,16.216],[103.5507,16.2137]]]]}},{"type":"Feature","properties":{"province":"Kalasin","district":"KhamMuang","hasc":"TH.KL.KM"},"geometry":{"type":"MultiPolygon","coordinates":[[[[103.6828,16.8078],[103.6731,16.77],[103.634,16.7716],[103.6481,16.7951],[103.6337,16.8038],[103.6353,16.8274],[103.6089,16.8216],[103.5919,16.8463],[103.5972,16.8597],[103.5895,16.8694],[103.5956,16.888],[103.5905,16.9217],[103.5998,16.945],[103.5951,16.9585],[103.5526,17.0344],[103.5448,17.0408],[103.5196,17.0325],[103.51,17.0417],[103.539,17.0634],[103.5506,17.0866],[103.5766,17.0898],[103.5802,17.0996],[103.6226,17.0908],[103.6543,17.0452],[103.6501,17.0206],[103.6744,17.018],[103.6812,17.0294],[103.6974,17.0315],[103.7316,17.0043],[103.726,16.9799],[103.7381,16.9877],[103.7449,16.9703],[103.7662,16.9625],[103.7522,16.9215],[103.7348,16.9113],[103.7284,16.8776],[103.7161,16.8698],[103.7156,16.8573],[103.6888,16.8523],[103.6794,16.8204],[103.6828,16.8078]]]]}},{"type":"Feature","properties":{"province":"Kalasin","district":"KhaoWong","hasc":"TH.KL.KW"},"geometry":{"type":"MultiPolygon","coordinates":[[[[104.1868,16.6567],[104.1788,16.6457],[104.1814,16.6137],[104.1695,16.618],[104.1579,16.6092],[104.1339,16.6108],[104.128,16.5977],[104.0147,16.674],[103.9932,16.6764],[104.0235,16.6935],[104.041,16.7192],[104.0398,16.7295],[104.069,16.7409],[104.0821,16.7562],[104.0893,16.7839],[104.0971,16.7871],[104.1221,16.756],[104.1394,16.7549],[104.1352,16.733],[104.1534,16.7153],[104.1563,16.6984],[104.173,16.6947],[104.1648,16.6791],[104.1904,16.6668],[104.1868,16.6567]]]]}},{"type":"Feature","properties":{"province":"Kalasin","district":"Kuchinarai","hasc":"TH.KL.KU"},"geometry":{"type":"MultiPolygon","coordinates":[[[[104.043,16.4005],[104.0405,16.4347],[104.0328,16.4413],[103.9961,16.4429],[103.9809,16.43],[103.9511,16.4407],[103.9308,16.4329],[103.9172,16.437],[103.9132,16.4506],[103.9022,16.445],[103.8686,16.4683],[103.8399,16.4607],[103.8142,16.4779],[103.8356,16.4866],[103.86,16.512],[103.8807,16.5126],[103.8834,16.538],[103.8941,16.5486],[103.8914,16.5581],[103.8811,16.5603],[103.8879,16.5655],[103.9158,16.572],[103.9474,16.5539],[103.9429,16.5753],[103.9643,16.6013],[103.974,16.6585],[103.9936,16.676],[104.0147,16.674],[104.1266,16.598],[104.1339,16.6108],[104.1579,16.6092],[104.1695,16.618],[104.1805,16.6134],[104.1808,16.596],[104.2086,16.5814],[104.2104,16.5623],[104.2279,16.5493],[104.2243,16.527],[104.2431,16.5133],[104.2409,16.4903],[104.2296,16.4718],[104.2413,16.4535],[104.24,16.4265],[104.2228,16.4354],[104.1919,16.4283],[104.1735,16.444],[104.1494,16.4364],[104.1388,16.4224],[104.0743,16.4086],[104.0689,16.397],[104.0479,16.3864],[104.043,16.4005]]]]}},{"type":"Feature","properties":{"province":"Kalasin","district":"MuangKalasin","hasc":"TH.KL.KL"},"geometry":{"type":"MultiPolygon","coordinates":[[[[103.5572,16.3458],[103.5605,16.3318],[103.544,16.3312],[103.5235,16.3463],[103.5139,16.3392],[103.4975,16.3544],[103.5063,16.3604],[103.5023,16.3695],[103.4879,16.3749],[103.4844,16.3944],[103.456,16.4279],[103.4586,16.4611],[103.4518,16.4725],[103.4565,16.4905],[103.4756,16.508],[103.4748,16.5381],[103.4675,16.5423],[103.4563,16.5345],[103.4595,16.5571],[103.4437,16.5605],[103.44,16.5839],[103.4223,16.594],[103.4162,16.611],[103.4284,16.6214],[103.4473,16.6157],[103.4579,16.6309],[103.4436,16.6591],[103.4675,16.673],[103.4983,16.6553],[103.5699,16.6609],[103.5816,16.6555],[103.5949,16.6316],[103.6281,16.6222],[103.6455,16.631],[103.6644,16.6273],[103.6709,16.6057],[103.6634,16.5955],[103.6782,16.5743],[103.6911,16.5936],[103.7069,16.5888],[103.7101,16.5697],[103.7055,16.5613],[103.6988,16.5652],[103.7012,16.5515],[103.6703,16.5381],[103.6658,16.5062],[103.651,16.4908],[103.5954,16.4865],[103.602,16.4675],[103.6574,16.448],[103.6817,16.4244],[103.6809,16.4141],[103.6724,16.4108],[103.6739,16.3974],[103.6515,16.3769],[103.59,16.3685],[103.5572,16.3458]]]]}},{"type":"Feature","properties":{"province":"Kalasin","district":"NaMon","hasc":"TH.KL.NM"},"geometry":{"type":"MultiPolygon","coordinates":[[[[103.8464,16.5903],[103.8535,16.5748],[103.8914,16.5581],[103.8941,16.5486],[103.8836,16.5384],[103.8803,16.5123],[103.86,16.512],[103.8353,16.4863],[103.8142,16.4792],[103.7474,16.544],[103.7135,16.5581],[103.7069,16.5888],[103.6911,16.5936],[103.7311,16.6775],[103.7395,16.669],[103.7729,16.6732],[103.7905,16.6494],[103.8235,16.6273],[103.8277,16.6096],[103.8464,16.5903]]]]}},{"type":"Feature","properties":{"province":"Kalasin","district":"NongKungSi","hasc":"TH.KL.NS"},"geometry":{"type":"MultiPolygon","coordinates":[[[[103.4072,16.6091],[103.3774,16.6157],[103.3185,16.6062],[103.254,16.6232],[103.2142,16.6472],[103.2185,16.6591],[103.2101,16.6693],[103.2173,16.679],[103.2068,16.7197],[103.1939,16.7294],[103.1957,16.7414],[103.1733,16.769],[103.1848,16.7855],[103.1881,16.8171],[103.1751,16.8453],[103.177,16.862],[103.204,16.8716],[103.2234,16.8468],[103.2445,16.8373],[103.2568,16.8086],[103.2974,16.8153],[103.3194,16.803],[103.3503,16.8257],[103.3879,16.8302],[103.4018,16.8514],[103.412,16.8484],[103.4254,16.8205],[103.4126,16.8066],[103.4415,16.7883],[103.4482,16.7752],[103.4698,16.7716],[103.4819,16.7594],[103.459,16.6907],[103.4675,16.673],[103.4436,16.6591],[103.4565,16.6276],[103.4441,16.6121],[103.4312,16.6217],[103.4171,16.6153],[103.4167,16.606],[103.4072,16.6091]]]]}},{"type":"Feature","properties":{"province":"Kalasin","district":"RongKham","hasc":"TH.KL.RK"},"geometry":{"type":"MultiPolygon","coordinates":[[[[103.7065,16.2208],[103.6863,16.2382],[103.6933,16.2726],[103.6877,16.2722],[103.6896,16.2852],[103.6832,16.2833],[103.681,16.2931],[103.701,16.3753],[103.7301,16.342],[103.7271,16.3269],[103.7586,16.2958],[103.7563,16.265],[103.7383,16.2453],[103.736,16.2209],[103.7065,16.2208]]]]}},{"type":"Feature","properties":{"province":"Kalasin","district":"Sahatsakhan","hasc":"TH.KL.SA"},"geometry":{"type":"MultiPolygon","coordinates":[[[[103.5246,16.6527],[103.4979,16.6554],[103.4596,16.679],[103.4636,16.7129],[103.4819,16.7594],[103.5468,16.7669],[103.5662,16.7823],[103.5664,16.8022],[103.5861,16.8355],[103.5933,16.8376],[103.6098,16.8214],[103.6341,16.8287],[103.6337,16.8038],[103.6481,16.7951],[103.634,16.7716],[103.6731,16.77],[103.6421,16.7593],[103.6386,16.7494],[103.6682,16.7397],[103.6994,16.7157],[103.6656,16.6848],[103.6547,16.6533],[103.6644,16.6273],[103.6455,16.631],[103.6291,16.622],[103.5962,16.631],[103.5816,16.6555],[103.569,16.6612],[103.5246,16.6527]]]]}},{"type":"Feature","properties":{"province":"Kalasin","district":"Somdet","hasc":"TH.KL.SO"},"geometry":{"type":"MultiPolygon","coordinates":[[[[103.6904,16.5923],[103.6786,16.5743],[103.6669,16.5858],[103.6632,16.5977],[103.6706,16.6088],[103.6548,16.6565],[103.6709,16.6958],[103.6994,16.7157],[103.6392,16.7538],[103.6782,16.7759],[103.6888,16.8523],[103.7156,16.8573],[103.7161,16.8698],[103.7284,16.8776],[103.7348,16.9113],[103.7522,16.9215],[103.7552,16.9442],[103.7717,16.966],[103.7852,16.9571],[103.7914,16.9388],[103.7725,16.9226],[103.7838,16.9207],[103.7925,16.886],[103.8109,16.8844],[103.8127,16.8753],[103.8393,16.8658],[103.8385,16.8483],[103.8465,16.839],[103.8722,16.8304],[103.8751,16.817],[103.9084,16.8001],[103.8151,16.7541],[103.7997,16.7237],[103.8052,16.6883],[103.7961,16.663],[103.8043,16.6416],[103.7729,16.6732],[103.7395,16.669],[103.7293,16.6772],[103.6904,16.5923]]]]}},{"type":"Feature","properties":{"province":"Kalasin","district":"ThaKhantho","hasc":"TH.KL.TK"},"geometry":{"type":"MultiPolygon","coordinates":[[[[103.4022,16.8516],[103.3879,16.8302],[103.3503,16.8257],[103.3194,16.803],[103.2974,16.8153],[103.2568,16.8086],[103.2445,16.8373],[103.2234,16.8468],[103.2036,16.8717],[103.1785,16.8621],[103.1412,16.8669],[103.1501,16.8572],[103.1487,16.8432],[103.1283,16.819],[103.1161,16.8172],[103.1047,16.8394],[103.1165,16.8527],[103.1262,16.8918],[103.1237,16.9003],[103.1013,16.9117],[103.1022,16.9324],[103.1138,16.9394],[103.1197,16.9605],[103.1615,16.9447],[103.1775,16.9539],[103.1845,16.9461],[103.2012,16.9472],[103.2221,16.966],[103.2309,16.9566],[103.2537,16.9596],[103.2891,16.9239],[103.3428,16.9224],[103.3732,16.9015],[103.3866,16.9021],[103.414,16.8641],[103.4022,16.8516]]]]}},{"type":"Feature","properties":{"province":"Kalasin","district":"YangTalat","hasc":"TH.KL.YT"},"geometry":{"type":"MultiPolygon","coordinates":[[[[103.4246,16.3125],[103.4127,16.2834],[103.3964,16.2961],[103.3568,16.3043],[103.3471,16.3572],[103.3031,16.3677],[103.2932,16.3936],[103.2666,16.3764],[103.1785,16.3611],[103.1654,16.3896],[103.1869,16.4341],[103.1856,16.447],[103.1681,16.4653],[103.1717,16.4801],[103.1842,16.4894],[103.2228,16.4921],[103.2256,16.511],[103.2591,16.5163],[103.352,16.5039],[103.3291,16.5344],[103.345,16.5672],[103.4071,16.6079],[103.4167,16.606],[103.4315,16.5842],[103.4398,16.5842],[103.444,16.5601],[103.4595,16.5571],[103.4527,16.542],[103.4568,16.5338],[103.4662,16.542],[103.4747,16.5385],[103.4756,16.508],[103.4565,16.4905],[103.4518,16.4725],[103.4586,16.4607],[103.4532,16.4398],[103.4844,16.3944],[103.4879,16.3749],[103.5061,16.3632],[103.4977,16.354],[103.5139,16.3392],[103.484,16.3392],[103.4594,16.3202],[103.4246,16.3125]]]]}},{"type":"Feature","properties":{"province":"KamphaengPhet","district":"K.BungSamakki","hasc":"TH.KP.BS"},"geometry":{"type":"MultiPolygon","coordinates":[[[[100.0177,16.1503],[99.9801,16.1096],[99.929,16.1345],[99.8811,16.12],[99.8623,16.1647],[99.8785,16.1748],[99.8857,16.2225],[99.912,16.2529],[99.9279,16.2549],[99.9393,16.2871],[99.9976,16.3535],[100.0069,16.3346],[100.0231,16.3366],[100.0288,16.3303],[100.0011,16.2873],[100.0088,16.2847],[100.0105,16.2726],[100.0213,16.2795],[100.0318,16.2751],[100.0232,16.2482],[100.0568,16.2269],[100.0425,16.2142],[100.0454,16.2021],[100.0238,16.1841],[100.0389,16.1567],[100.0177,16.1503]]]]}},{"type":"Feature","properties":{"province":"KamphaengPhet","district":"K.KoSamPiNakhon","hasc":"TH.KP.KN"},"geometry":{"type":"MultiPolygon","coordinates":[[[[99.4408,16.5546],[99.4234,16.5294],[99.3761,16.5342],[99.338,16.5278],[99.2963,16.5633],[99.2573,16.5657],[99.2455,16.6216],[99.247,16.6614],[99.2727,16.6686],[99.2735,16.683],[99.283,16.6878],[99.283,16.7078],[99.2976,16.7278],[99.3129,16.7228],[99.329,16.6909],[99.3513,16.694],[99.3671,16.6805],[99.3822,16.6564],[99.3688,16.6326],[99.4077,16.6367],[99.4346,16.6256],[99.4659,16.5732],[99.4408,16.5546]]]]}},{"type":"Feature","properties":{"province":"KamphaengPhet","district":"KhanuWoralaksaburi","hasc":"TH.KP.KW"},"geometry":{"type":"MultiPolygon","coordinates":[[[[99.586,15.8975],[99.557,15.9058],[99.5399,15.9243],[99.5274,15.9176],[99.5238,15.9244],[99.5022,15.9275],[99.48,15.9212],[99.4775,15.8998],[99.447,15.9014],[99.4281,15.9185],[99.4098,15.9106],[99.3736,15.916],[99.3575,15.9262],[99.3297,15.9118],[99.3269,15.9221],[99.3096,15.9261],[99.3072,15.9339],[99.3175,15.9435],[99.3123,15.9559],[99.3168,15.9875],[99.3296,15.9928],[99.3447,15.9797],[99.3643,15.9856],[99.3838,15.9805],[99.4057,15.9902],[99.4178,15.9793],[99.4312,15.979],[99.4376,15.9667],[99.4781,15.966],[99.5173,16.0046],[99.5491,16.0849],[99.5723,16.1153],[99.6217,16.1182],[99.6487,16.1418],[99.7036,16.1242],[99.7215,16.1323],[99.8336,16.1347],[99.8575,16.1415],[99.8475,16.1576],[99.8623,16.1647],[99.8811,16.12],[99.929,16.1345],[99.9801,16.1096],[99.934,16.0515],[99.8886,16.0483],[99.8452,16.0151],[99.8465,15.9787],[99.8256,15.949],[99.8081,15.9402],[99.8052,15.9197],[99.7873,15.9272],[99.7701,15.9195],[99.7723,15.8994],[99.7514,15.8808],[99.7431,15.8571],[99.7098,15.8783],[99.6591,15.8566],[99.6329,15.884],[99.6168,15.8861],[99.6056,15.8981],[99.586,15.8975]]]]}},{"type":"Feature","properties":{"province":"KamphaengPhet","district":"KlongKhlung","hasc":"TH.KP.KK"},"geometry":{"type":"MultiPolygon","coordinates":[[[[99.7812,16.1352],[99.7583,16.1288],[99.7196,16.1321],[99.7036,16.1242],[99.6594,16.1395],[99.6527,16.1721],[99.6211,16.1658],[99.5788,16.1724],[99.5714,16.1626],[99.552,16.1612],[99.5315,16.1477],[99.5096,16.1488],[99.4919,16.1589],[99.471,16.1879],[99.4381,16.1891],[99.4244,16.1989],[99.4248,16.209],[99.4423,16.2267],[99.471,16.2382],[99.4965,16.2931],[99.5257,16.3085],[99.5219,16.2959],[99.5346,16.2731],[99.5821,16.3002],[99.6369,16.2972],[99.7035,16.3208],[99.7407,16.3433],[99.7709,16.3459],[99.7746,16.3053],[99.7564,16.288],[99.7805,16.2737],[99.8217,16.2667],[99.8302,16.2724],[99.8796,16.2562],[99.8967,16.2354],[99.8801,16.2072],[99.8778,16.1735],[99.8479,16.1594],[99.8575,16.1415],[99.8199,16.1333],[99.7812,16.1352]]]]}},{"type":"Feature","properties":{"province":"KamphaengPhet","district":"KlongLan","hasc":"TH.KP.KL"},"geometry":{"type":"MultiPolygon","coordinates":[[[[99.4248,16.1432],[99.4192,16.1038],[99.4318,16.0896],[99.3993,16.0725],[99.3959,16.0634],[99.3911,16.0732],[99.353,16.0552],[99.322,16.0681],[99.3144,16.0513],[99.3085,16.0562],[99.3018,16.0467],[99.2531,16.0297],[99.2459,16.0409],[99.2288,16.0415],[99.2206,16.0589],[99.1728,16.1056],[99.1564,16.1039],[99.1453,16.0872],[99.1254,16.0937],[99.1087,16.0845],[99.1089,16.0987],[99.0945,16.1019],[99.0798,16.1246],[99.0512,16.1353],[99.0513,16.1582],[99.0685,16.1639],[99.0838,16.2112],[99.0505,16.2562],[99.0427,16.2904],[99.054,16.3078],[99.0534,16.3272],[99.0429,16.3383],[99.0427,16.3723],[99.0364,16.3828],[99.0173,16.385],[99.0239,16.4269],[99.0132,16.4476],[98.9962,16.4525],[98.9878,16.4715],[98.99,16.4919],[99.0029,16.4979],[99.0301,16.4724],[99.0573,16.4801],[99.0858,16.4703],[99.1086,16.4798],[99.1241,16.4735],[99.1415,16.499],[99.1751,16.5089],[99.1688,16.5095],[99.1717,16.5199],[99.1812,16.5308],[99.1919,16.529],[99.1917,16.5373],[99.2189,16.5276],[99.2061,16.5077],[99.233,16.5041],[99.2317,16.4901],[99.2448,16.4847],[99.2574,16.4619],[99.296,16.4426],[99.3103,16.422],[99.3067,16.398],[99.3593,16.3764],[99.3654,16.3618],[99.3568,16.353],[99.3561,16.335],[99.3645,16.3274],[99.3489,16.3016],[99.3497,16.284],[99.376,16.2564],[99.4008,16.2531],[99.4285,16.2228],[99.4238,16.1999],[99.4466,16.187],[99.4235,16.1694],[99.4248,16.1432]]]]}},{"type":"Feature","properties":{"province":"KamphaengPhet","district":"LanKrabu","hasc":"TH.KP.LK"},"geometry":{"type":"MultiPolygon","coordinates":[[[[100.0118,16.5693],[100.022,16.559],[100.036,16.5127],[100.0211,16.5071],[100.0021,16.4847],[99.9829,16.4874],[99.9685,16.5151],[99.9288,16.5174],[99.938,16.5266],[99.9304,16.5402],[99.9135,16.5331],[99.8847,16.5364],[99.8648,16.5272],[99.7712,16.5392],[99.7456,16.5823],[99.7381,16.6434],[99.7612,16.6811],[99.8036,16.6903],[99.8163,16.7192],[99.8301,16.7223],[99.8458,16.7136],[99.8577,16.7349],[99.8611,16.726],[99.8977,16.7243],[99.9118,16.6056],[99.9504,16.5883],[99.9613,16.5709],[100.0081,16.5839],[100.0175,16.5799],[100.0118,16.5693]]]]}},{"type":"Feature","properties":{"province":"KamphaengPhet","district":"MueangKamphaengPhet","hasc":"TH.KP.KP"},"geometry":{"type":"MultiPolygon","coordinates":[[[[99.4942,16.2849],[99.471,16.2382],[99.4295,16.2179],[99.4008,16.2531],[99.376,16.2564],[99.3497,16.284],[99.3489,16.3016],[99.3645,16.3274],[99.3561,16.335],[99.3568,16.353],[99.3654,16.3618],[99.3593,16.3764],[99.3067,16.398],[99.3103,16.422],[99.296,16.4426],[99.2574,16.4619],[99.2448,16.4847],[99.2317,16.4901],[99.233,16.5041],[99.2061,16.5077],[99.2245,16.5304],[99.2415,16.5321],[99.2573,16.5657],[99.2963,16.5633],[99.338,16.5278],[99.4306,16.5329],[99.4374,16.5519],[99.4659,16.5732],[99.424,16.6334],[99.3688,16.6326],[99.3822,16.6564],[99.3913,16.6489],[99.4663,16.6434],[99.4554,16.6197],[99.4789,16.5661],[99.5334,16.6038],[99.543,16.5896],[99.5644,16.5891],[99.6019,16.5593],[99.6351,16.5482],[99.6449,16.5253],[99.6861,16.5312],[99.7111,16.52],[99.7435,16.53],[99.7568,16.518],[99.7678,16.4709],[99.7586,16.4699],[99.7449,16.4521],[99.715,16.4448],[99.7081,16.4217],[99.7362,16.3804],[99.7612,16.3649],[99.7731,16.3464],[99.7407,16.3433],[99.7035,16.3208],[99.6369,16.2972],[99.5821,16.3002],[99.5384,16.2739],[99.5258,16.2822],[99.5257,16.3085],[99.4969,16.2936],[99.4942,16.2849]]]]}},{"type":"Feature","properties":{"province":"KamphaengPhet","district":"PangSilaThong","hasc":"TH.KP.PS"},"geometry":{"type":"MultiPolygon","coordinates":[[[[99.5373,16.0545],[99.5173,16.0046],[99.4751,15.9651],[99.4376,15.9667],[99.4312,15.979],[99.4178,15.9793],[99.4057,15.9902],[99.3838,15.9805],[99.3643,15.9856],[99.3447,15.9797],[99.3296,15.9928],[99.3147,15.9862],[99.3175,15.9435],[99.3072,15.9339],[99.321,15.919],[99.3112,15.9178],[99.3093,15.9038],[99.2903,15.9044],[99.2918,15.8918],[99.2088,15.948],[99.2044,15.9357],[99.1952,15.9444],[99.1876,15.9281],[99.1732,15.9364],[99.1744,15.9278],[99.1482,15.9076],[99.1291,15.911],[99.0962,15.8817],[99.0888,15.8848],[99.0863,15.9076],[99.098,15.9293],[99.0754,15.9588],[99.0898,15.9794],[99.0845,16.0251],[99.0877,16.0411],[99.1151,16.0588],[99.1169,16.0742],[99.1087,16.0845],[99.121,16.0929],[99.1453,16.0872],[99.1564,16.1039],[99.1734,16.1054],[99.2206,16.0589],[99.2288,16.0415],[99.2459,16.0409],[99.2531,16.0297],[99.3018,16.0467],[99.3085,16.0562],[99.3144,16.0513],[99.322,16.0681],[99.353,16.0552],[99.3911,16.0732],[99.3959,16.0634],[99.3993,16.0725],[99.4313,16.0884],[99.4192,16.1038],[99.4264,16.1336],[99.4235,16.1694],[99.4464,16.1879],[99.471,16.1879],[99.4933,16.1574],[99.5143,16.1481],[99.5714,16.1626],[99.5788,16.1724],[99.6211,16.1658],[99.6547,16.1719],[99.6594,16.1395],[99.6487,16.1418],[99.6217,16.1182],[99.5723,16.1153],[99.5373,16.0545]]]]}},{"type":"Feature","properties":{"province":"KamphaengPhet","district":"PhranKratai","hasc":"TH.KP.PK"},"geometry":{"type":"MultiPolygon","coordinates":[[[[99.7692,16.5437],[99.7725,16.529],[99.7614,16.5234],[99.7435,16.53],[99.7104,16.5199],[99.6691,16.5325],[99.6449,16.5253],[99.6351,16.5482],[99.6019,16.5593],[99.5644,16.5891],[99.543,16.5896],[99.5334,16.6038],[99.4789,16.5661],[99.4554,16.6197],[99.4663,16.6434],[99.3913,16.6489],[99.354,16.6927],[99.329,16.6909],[99.3129,16.7228],[99.2976,16.7278],[99.3061,16.7654],[99.2923,16.7812],[99.3164,16.7932],[99.3249,16.8116],[99.3711,16.8018],[99.3858,16.8071],[99.3879,16.8247],[99.3761,16.8428],[99.3842,16.866],[99.443,16.8834],[99.4584,16.8757],[99.4684,16.8957],[99.4905,16.9068],[99.5116,16.8826],[99.5158,16.8661],[99.5802,16.853],[99.5789,16.8241],[99.6239,16.7567],[99.6767,16.7271],[99.6957,16.7298],[99.6966,16.715],[99.7363,16.7346],[99.7286,16.7232],[99.7325,16.7077],[99.7707,16.6812],[99.7599,16.6799],[99.7378,16.6418],[99.7456,16.5823],[99.7692,16.5437]]]]}},{"type":"Feature","properties":{"province":"KamphaengPhet","district":"SaiNgam","hasc":"TH.KP.SN"},"geometry":{"type":"MultiPolygon","coordinates":[[[[99.7708,16.3485],[99.7612,16.3649],[99.7362,16.3804],[99.7083,16.4199],[99.715,16.4448],[99.7449,16.4521],[99.7586,16.4699],[99.7678,16.4709],[99.7568,16.518],[99.7465,16.5291],[99.7625,16.5236],[99.7767,16.5402],[99.8648,16.5272],[99.8847,16.5364],[99.9135,16.5331],[99.9304,16.5402],[99.938,16.5266],[99.9288,16.5174],[99.9685,16.5151],[99.9719,16.4987],[99.9908,16.4849],[100.0032,16.4851],[100.0211,16.5071],[100.036,16.5127],[100.0356,16.4996],[99.9956,16.4364],[99.9961,16.4054],[99.9845,16.3769],[99.9967,16.3568],[99.9888,16.3498],[99.9621,16.3656],[99.7708,16.3485]]]]}},{"type":"Feature","properties":{"province":"KamphaengPhet","district":"SaiThongWatthana","hasc":"TH.KP.ST"},"geometry":{"type":"MultiPolygon","coordinates":[[[[99.9697,16.3204],[99.9359,16.2821],[99.9279,16.2549],[99.912,16.2529],[99.8967,16.2354],[99.8796,16.2562],[99.8302,16.2724],[99.8217,16.2667],[99.7805,16.2737],[99.7564,16.288],[99.7746,16.3053],[99.7709,16.3459],[99.7943,16.3531],[99.8196,16.3494],[99.8894,16.3625],[99.9656,16.3651],[99.9861,16.349],[99.9976,16.3535],[99.9697,16.3204]]]]}},{"type":"Feature","properties":{"province":"Kanchanaburi","district":"BoPhloi","hasc":"TH.KN.BP"},"geometry":{"type":"MultiPolygon","coordinates":[[[[99.5827,14.2632],[99.5884,14.2517],[99.5639,14.2171],[99.5747,14.1649],[99.5659,14.1317],[99.5744,14.0956],[99.6067,14.0827],[99.5801,14.0586],[99.5523,14.0862],[99.5584,14.1118],[99.5483,14.1186],[99.5388,14.1464],[99.4871,14.1388],[99.4576,14.1466],[99.4382,14.1925],[99.3997,14.2016],[99.3837,14.2242],[99.341,14.2429],[99.3368,14.2622],[99.3627,14.2834],[99.3587,14.3007],[99.3672,14.3115],[99.3534,14.3367],[99.3615,14.3442],[99.3569,14.3553],[99.3226,14.3975],[99.3227,14.4455],[99.3107,14.4606],[99.3066,14.5244],[99.2797,14.5655],[99.2785,14.6204],[99.2913,14.624],[99.2924,14.6151],[99.3091,14.6037],[99.323,14.6114],[99.3914,14.6171],[99.4333,14.5464],[99.4739,14.5304],[99.5127,14.5333],[99.5452,14.5671],[99.5657,14.5697],[99.59,14.5883],[99.5998,14.573],[99.5958,14.5413],[99.5432,14.3776],[99.5502,14.3575],[99.544,14.3275],[99.5905,14.3033],[99.5827,14.2632]]]]}},{"type":"Feature","properties":{"province":"Kanchanaburi","district":"DanMakhamTia","hasc":"TH.KN.DM"},"geometry":{"type":"MultiPolygon","coordinates":[[[[99.4673,13.8132],[99.4698,13.7974],[99.4555,13.7812],[99.4155,13.7733],[99.3537,13.7464],[99.3112,13.7491],[99.299,13.7401],[99.2851,13.7602],[99.2669,13.7419],[99.2235,13.7489],[99.2002,13.7279],[99.1771,13.7349],[99.1823,13.7637],[99.2033,13.8022],[99.2088,13.8291],[99.2027,13.8435],[99.2184,13.8857],[99.2461,13.919],[99.2681,13.9315],[99.294,13.9136],[99.3326,13.9031],[99.3335,13.9288],[99.3473,13.9375],[99.365,13.9367],[99.3733,13.9521],[99.4034,13.932],[99.4154,13.9402],[99.4335,13.9256],[99.4492,13.9288],[99.4552,13.9093],[99.4732,13.8961],[99.4812,13.9076],[99.509,13.906],[99.4959,13.8548],[99.4673,13.8132]]]]}},{"type":"Feature","properties":{"province":"Kanchanaburi","district":"HuaiKraChao","hasc":"TH.KN.HK"},"geometry":{"type":"MultiPolygon","coordinates":[[[[99.8243,14.3022],[99.8226,14.2655],[99.76,14.259],[99.7376,14.2704],[99.6617,14.2387],[99.6432,14.2456],[99.5843,14.2859],[99.5883,14.3055],[99.544,14.3275],[99.5502,14.3575],[99.5432,14.3776],[99.5714,14.4653],[99.5963,14.4634],[99.6519,14.4137],[99.6761,14.4164],[99.6989,14.3899],[99.7215,14.3802],[99.7802,14.4043],[99.8009,14.3744],[99.8181,14.3764],[99.8217,14.3479],[99.8149,14.336],[99.8243,14.3022]]]]}},{"type":"Feature","properties":{"province":"Kanchanaburi","district":"LaoKhwan","hasc":"TH.KN.LK"},"geometry":{"type":"MultiPolygon","coordinates":[[[[99.8105,14.3759],[99.7893,14.3841],[99.7765,14.4045],[99.7215,14.3802],[99.6989,14.3899],[99.6761,14.4164],[99.6519,14.4137],[99.5963,14.4634],[99.5733,14.468],[99.5998,14.573],[99.59,14.5883],[99.5657,14.5697],[99.5548,14.5715],[99.533,14.5562],[99.5231,14.5599],[99.5321,14.5967],[99.5408,14.5986],[99.5222,14.6244],[99.5231,14.6355],[99.5443,14.6513],[99.5108,14.684],[99.5113,14.7008],[99.5433,14.7151],[99.5527,14.727],[99.5408,14.7453],[99.5499,14.7664],[99.5482,14.8006],[99.5697,14.7826],[99.5808,14.7889],[99.6163,14.7808],[99.6502,14.803],[99.7294,14.7486],[99.757,14.7418],[99.7831,14.7461],[99.797,14.7377],[99.7964,14.725],[99.776,14.7058],[99.7961,14.6953],[99.8334,14.6174],[99.8077,14.6114],[99.7984,14.588],[99.8223,14.5726],[99.8125,14.5438],[99.8215,14.5019],[99.8164,14.4384],[99.8247,14.4107],[99.8181,14.3764],[99.8105,14.3759]]]]}},{"type":"Feature","properties":{"province":"Kanchanaburi","district":"MuangKanchanaburi","hasc":"TH.KN.KA"},"geometry":{"type":"MultiPolygon","coordinates":[[[[99.1602,13.731],[99.1564,13.7532],[99.1255,13.7683],[99.1242,13.8109],[99.1177,13.8265],[99.1038,13.8347],[99.1127,13.8877],[99.1052,13.8939],[99.0829,13.8906],[99.0639,13.9261],[99.0235,13.946],[99.0703,13.9879],[99.0798,13.9815],[99.0759,13.9697],[99.112,13.9221],[99.1266,13.9301],[99.1607,13.9174],[99.1717,13.921],[99.1772,13.9484],[99.1884,13.9462],[99.2394,13.9798],[99.262,13.9583],[99.2805,13.9596],[99.2797,13.9828],[99.3081,13.9889],[99.3198,14.0547],[99.3071,14.0804],[99.3005,14.1279],[99.2912,14.1335],[99.2623,14.1275],[99.2299,14.1603],[99.2069,14.1544],[99.1954,14.1606],[99.196,14.1749],[99.1755,14.198],[99.1483,14.2028],[99.1385,14.2226],[99.1055,14.248],[99.084,14.2892],[99.0806,14.3122],[99.1283,14.281],[99.1343,14.2863],[99.131,14.2996],[99.152,14.3009],[99.1608,14.2884],[99.1735,14.2896],[99.1888,14.3082],[99.2447,14.3442],[99.263,14.3364],[99.2827,14.3435],[99.3226,14.3262],[99.349,14.286],[99.3627,14.2834],[99.3368,14.2622],[99.341,14.2429],[99.3837,14.2242],[99.3997,14.2016],[99.4382,14.1925],[99.4576,14.1466],[99.4871,14.1388],[99.5388,14.1464],[99.5483,14.1186],[99.5584,14.1118],[99.5523,14.0862],[99.5792,14.0615],[99.5852,14.0213],[99.5771,14.0066],[99.557,14.0009],[99.5492,13.9734],[99.5059,13.9046],[99.4812,13.9076],[99.4708,13.897],[99.454,13.911],[99.4492,13.9288],[99.4335,13.9256],[99.4154,13.9402],[99.4034,13.932],[99.3733,13.9521],[99.365,13.9367],[99.3473,13.9375],[99.3335,13.9288],[99.3326,13.9031],[99.294,13.9136],[99.2712,13.9309],[99.248,13.9206],[99.2184,13.8857],[99.2027,13.8435],[99.2088,13.8291],[99.2033,13.8022],[99.1761,13.739],[99.1649,13.7249],[99.1602,13.731]]]]}},{"type":"Feature","properties":{"province":"Kanchanaburi","district":"NongPrue","hasc":"TH.KN.NP"},"geometry":{"type":"MultiPolygon","coordinates":[[[[99.5314,14.5544],[99.5105,14.5324],[99.4561,14.5332],[99.4216,14.5597],[99.4233,14.5692],[99.3914,14.6171],[99.3045,14.6073],[99.3185,14.6338],[99.3633,14.662],[99.363,14.6703],[99.3169,14.6862],[99.2751,14.6754],[99.2896,14.686],[99.2879,14.7429],[99.2715,14.7657],[99.2736,14.7853],[99.2405,14.826],[99.2633,14.8351],[99.2844,14.8265],[99.2946,14.8322],[99.3106,14.8117],[99.332,14.8049],[99.3439,14.7829],[99.3786,14.7644],[99.4235,14.78],[99.4373,14.7743],[99.4617,14.72],[99.4622,14.6968],[99.5113,14.7008],[99.5117,14.6817],[99.5437,14.6542],[99.5231,14.6355],[99.5222,14.6244],[99.5408,14.5986],[99.5321,14.5967],[99.5256,14.5745],[99.5231,14.5599],[99.5314,14.5544]]]]}},{"type":"Feature","properties":{"province":"Kanchanaburi","district":"PhanomThuan","hasc":"TH.KN.PT"},"geometry":{"type":"MultiPolygon","coordinates":[[[[99.7028,14.0288],[99.6914,14.0186],[99.6655,14.0223],[99.6605,14.0587],[99.6377,14.0898],[99.6067,14.0827],[99.5744,14.0956],[99.5659,14.1317],[99.5743,14.1706],[99.5639,14.2171],[99.5884,14.2517],[99.5843,14.2859],[99.6617,14.2387],[99.7376,14.2704],[99.76,14.259],[99.8226,14.2655],[99.8215,14.2247],[99.8121,14.2271],[99.8058,14.206],[99.7853,14.1901],[99.7684,14.1987],[99.7587,14.1815],[99.7469,14.1847],[99.732,14.1455],[99.7312,14.1],[99.7719,14.0862],[99.7551,14.082],[99.7513,14.0508],[99.7028,14.0288]]]]}},{"type":"Feature","properties":{"province":"Kanchanaburi","district":"SaiYok","hasc":"TH.KN.SY"},"geometry":{"type":"MultiPolygon","coordinates":[[[[99.0232,13.9515],[99.0017,14.0175],[98.9745,14.0309],[98.9708,14.0798],[98.9619,14.0948],[98.9461,14.0915],[98.9225,14.11],[98.9012,14.1076],[98.8791,14.1235],[98.8714,14.1442],[98.8307,14.1742],[98.8142,14.175],[98.7187,14.2434],[98.7002,14.2725],[98.684,14.2724],[98.6305,14.3148],[98.6153,14.3117],[98.6016,14.3238],[98.5994,14.3665],[98.5929,14.3746],[98.5791,14.369],[98.5597,14.4016],[98.561,14.4152],[98.551,14.4209],[98.552,14.4326],[98.5362,14.4432],[98.5664,14.4959],[98.585,14.4948],[98.6025,14.5164],[98.6101,14.5136],[98.6242,14.5266],[98.6374,14.5194],[98.6558,14.542],[98.7127,14.5166],[98.7193,14.5018],[98.7403,14.52],[98.7567,14.5158],[98.8271,14.566],[98.8973,14.5113],[98.9208,14.5253],[98.9364,14.4835],[98.9845,14.4408],[99.0082,14.4325],[99.0033,14.4243],[99.0098,14.4118],[99.024,14.403],[99.0773,14.3229],[99.0998,14.2573],[99.1385,14.2226],[99.1483,14.2028],[99.1755,14.198],[99.196,14.1749],[99.2013,14.1559],[99.2299,14.1603],[99.2577,14.1295],[99.2946,14.133],[99.3047,14.1217],[99.306,14.0857],[99.3183,14.0639],[99.321,14.0336],[99.3081,13.9889],[99.2797,13.9828],[99.2805,13.9596],[99.262,13.9583],[99.2419,13.9794],[99.2305,13.9772],[99.1884,13.9462],[99.1772,13.9484],[99.1733,13.9238],[99.1607,13.9174],[99.1354,13.9299],[99.107,13.9239],[99.0759,13.9697],[99.0798,13.9815],[99.0723,13.9875],[99.0515,13.977],[99.0482,13.964],[99.0273,13.9481],[99.0232,13.9515]]]]}},{"type":"Feature","properties":{"province":"Kanchanaburi","district":"SangkhlaBuri","hasc":"TH.KN.SB"},"geometry":{"type":"MultiPolygon","coordinates":[[[[98.8344,15.3444],[98.8418,15.3465],[98.8675,15.328],[98.8914,15.2837],[98.8804,15.2687],[98.8548,15.2629],[98.8192,15.2344],[98.8188,15.2161],[98.7841,15.2077],[98.773,15.1873],[98.7357,15.1619],[98.7315,15.1469],[98.7016,15.1518],[98.7016,15.1166],[98.6571,15.0822],[98.6466,15.0263],[98.6343,15.0096],[98.6644,14.9603],[98.6621,14.9486],[98.651,14.949],[98.6449,14.936],[98.6611,14.9034],[98.6418,14.897],[98.6311,14.8595],[98.6239,14.8572],[98.6095,14.8951],[98.596,14.8985],[98.5876,14.8905],[98.5661,14.9109],[98.5475,14.9074],[98.5183,14.8802],[98.5016,14.8759],[98.4924,14.8824],[98.4574,14.867],[98.4362,14.9309],[98.4245,14.9256],[98.4128,14.9314],[98.4117,14.9108],[98.3946,14.9344],[98.3826,14.9303],[98.3772,14.9503],[98.3482,14.9266],[98.3496,14.9055],[98.3282,14.8882],[98.3097,14.893],[98.3095,14.9083],[98.2997,14.9194],[98.2556,14.9139],[98.245,14.9212],[98.2441,14.9369],[98.2322,14.9442],[98.233,14.9656],[98.2099,14.9811],[98.2143,15.0201],[98.2346,15.0407],[98.2128,15.0744],[98.1857,15.0976],[98.1838,15.1123],[98.196,15.1336],[98.1917,15.1489],[98.214,15.1758],[98.1994,15.2297],[98.2102,15.2335],[98.2369,15.2186],[98.2586,15.2224],[98.2713,15.2481],[98.3061,15.2786],[98.2982,15.2986],[98.3059,15.3114],[98.3735,15.2817],[98.4094,15.2528],[98.4225,15.2702],[98.4165,15.2937],[98.3987,15.3035],[98.4218,15.321],[98.4174,15.3483],[98.4229,15.3582],[98.4397,15.3574],[98.4719,15.3711],[98.4872,15.3861],[98.5405,15.3663],[98.5481,15.3412],[98.5599,15.3306],[98.5813,15.3636],[98.5898,15.4384],[98.5831,15.523],[98.5574,15.5996],[98.5768,15.6587],[98.5851,15.6589],[98.5907,15.6444],[98.6209,15.6393],[98.6264,15.6253],[98.6433,15.6366],[98.6496,15.6319],[98.6627,15.5974],[98.7251,15.5163],[98.7178,15.5049],[98.7051,15.5085],[98.7052,15.4981],[98.7584,15.4723],[98.755,15.4407],[98.7775,15.4239],[98.8344,15.3444]]]]}},{"type":"Feature","properties":{"province":"Kanchanaburi","district":"SiSawat","hasc":"TH.KN.SS"},"geometry":{"type":"MultiPolygon","coordinates":[[[[99.3569,14.3553],[99.3615,14.3442],[99.3534,14.3367],[99.3672,14.3115],[99.3587,14.3007],[99.3604,14.2863],[99.349,14.286],[99.3226,14.3262],[99.2827,14.3435],[99.263,14.3364],[99.2447,14.3442],[99.1888,14.3082],[99.1772,14.291],[99.1608,14.2884],[99.152,14.3009],[99.131,14.2996],[99.1343,14.2863],[99.1257,14.2815],[99.0813,14.3142],[99.024,14.403],[99.0098,14.4118],[99.0033,14.4243],[99.0082,14.4325],[98.9619,14.4574],[98.9273,14.4995],[98.9208,14.5253],[98.9385,14.5331],[98.9227,14.5583],[98.9352,14.5696],[98.9358,14.5981],[98.9171,14.6026],[98.8873,14.6382],[98.8883,14.6548],[98.8718,14.6996],[98.908,14.7476],[98.9042,14.7643],[98.9132,14.7684],[98.943,14.758],[98.9555,14.7616],[98.9636,14.7749],[98.9671,14.7887],[98.9592,14.8003],[98.971,14.8213],[98.9664,14.8263],[98.9768,14.8609],[98.9713,14.8622],[98.974,14.9155],[98.9632,14.9675],[98.9716,14.9744],[98.9683,14.9954],[98.9764,15.0214],[98.9912,15.0307],[99.002,15.0717],[99.0304,15.0481],[99.0694,15.0462],[99.078,15.0378],[99.1153,15.0444],[99.12,15.0538],[99.1431,15.0508],[99.1476,15.0461],[99.1362,15.0371],[99.1623,15.0148],[99.1831,15.0168],[99.1919,15.0257],[99.2047,15.013],[99.2337,15.0113],[99.257,14.9867],[99.2835,14.9959],[99.3132,14.966],[99.3219,14.9472],[99.3122,14.9329],[99.3227,14.9186],[99.3148,14.8837],[99.2833,14.8595],[99.2946,14.8322],[99.2844,14.8265],[99.2576,14.8343],[99.2408,14.8209],[99.2736,14.7853],[99.2715,14.7657],[99.2879,14.7429],[99.2896,14.686],[99.2751,14.6754],[99.3242,14.6854],[99.3606,14.6732],[99.3646,14.6645],[99.3185,14.6338],[99.3178,14.6231],[99.3028,14.61],[99.2913,14.624],[99.2785,14.6204],[99.2765,14.5955],[99.2797,14.5655],[99.3066,14.5244],[99.3107,14.4606],[99.3227,14.4455],[99.3226,14.3975],[99.3569,14.3553]]]]}},{"type":"Feature","properties":{"province":"Kanchanaburi","district":"ThaMaka","hasc":"TH.KN.TM"},"geometry":{"type":"MultiPolygon","coordinates":[[[[99.8216,13.8586],[99.8273,13.8525],[99.8177,13.843],[99.8116,13.8079],[99.8033,13.8074],[99.7936,13.8214],[99.7497,13.8319],[99.741,13.8258],[99.7102,13.8277],[99.6669,13.8452],[99.707,13.8733],[99.7204,13.9004],[99.7144,13.9357],[99.7254,13.9497],[99.723,13.9771],[99.7116,13.9905],[99.6955,13.993],[99.6968,14.0203],[99.7107,14.0376],[99.7513,14.0508],[99.7564,14.0838],[99.7895,14.0994],[99.8107,14.0794],[99.812,14.0647],[99.8442,14.0584],[99.8512,14.0468],[99.8544,14.0413],[99.8306,13.9986],[99.8457,13.9973],[99.8542,13.9698],[99.8702,13.9624],[99.8779,13.9483],[99.8569,13.9193],[99.8379,13.8647],[99.8244,13.8655],[99.8216,13.8586]]]]}},{"type":"Feature","properties":{"province":"Kanchanaburi","district":"ThaMuang","hasc":"TH.KN.TH"},"geometry":{"type":"MultiPolygon","coordinates":[[[[99.6092,13.799],[99.5907,13.779],[99.546,13.7575],[99.5051,13.7659],[99.4673,13.8132],[99.4959,13.8548],[99.509,13.906],[99.5492,13.9734],[99.557,14.0009],[99.5771,14.0066],[99.5852,14.0213],[99.5801,14.0586],[99.6067,14.0827],[99.6346,14.0912],[99.6605,14.0587],[99.6634,14.0245],[99.6759,14.0178],[99.6968,14.0203],[99.6955,13.993],[99.7205,13.9826],[99.7254,13.9497],[99.7149,13.9387],[99.7204,13.9004],[99.707,13.8733],[99.6752,13.8556],[99.6363,13.812],[99.6092,13.799]]]]}},{"type":"Feature","properties":{"province":"Kanchanaburi","district":"ThongPhaPhum","hasc":"TH.KN.TP"},"geometry":{"type":"MultiPolygon","coordinates":[[[[98.5255,14.4621],[98.5143,14.4751],[98.4927,14.5391],[98.463,14.5294],[98.4566,14.5551],[98.4606,14.5772],[98.4369,14.6124],[98.385,14.6495],[98.3696,14.6643],[98.3667,14.6855],[98.3393,14.7091],[98.3281,14.7062],[98.3092,14.7309],[98.2974,14.7666],[98.2861,14.7727],[98.2785,14.7949],[98.2508,14.8266],[98.2642,14.854],[98.2338,14.8882],[98.2522,14.9148],[98.2659,14.9186],[98.2997,14.9194],[98.3127,14.8902],[98.3394,14.8924],[98.3398,14.9036],[98.3496,14.9055],[98.3482,14.9266],[98.3772,14.9503],[98.3826,14.9303],[98.3946,14.9344],[98.4117,14.9108],[98.4128,14.9314],[98.4245,14.9256],[98.4362,14.9309],[98.4574,14.867],[98.4924,14.8824],[98.5016,14.8759],[98.5183,14.8802],[98.5475,14.9074],[98.5661,14.9109],[98.5876,14.8905],[98.596,14.8985],[98.6095,14.8951],[98.6239,14.8572],[98.6311,14.8595],[98.6418,14.897],[98.6611,14.9034],[98.6449,14.936],[98.651,14.949],[98.6621,14.9486],[98.6644,14.9603],[98.6347,15.0117],[98.6466,15.0263],[98.6571,15.0822],[98.7016,15.1166],[98.7016,15.1518],[98.7315,15.1469],[98.7357,15.1619],[98.773,15.1873],[98.7841,15.2077],[98.8188,15.2161],[98.8192,15.2344],[98.8548,15.2629],[98.8894,15.2741],[98.9139,15.266],[98.9249,15.2451],[98.9544,15.2471],[98.9714,15.1919],[99.0025,15.1608],[99.0073,15.1441],[98.999,15.1053],[99.011,15.0865],[98.9912,15.0307],[98.9764,15.0214],[98.9683,14.9954],[98.9716,14.9744],[98.9632,14.9675],[98.974,14.9155],[98.9713,14.8622],[98.9768,14.8609],[98.9664,14.8263],[98.971,14.8213],[98.9592,14.8003],[98.9671,14.7887],[98.9535,14.76],[98.9042,14.7643],[98.908,14.7476],[98.8718,14.6996],[98.8883,14.6548],[98.8873,14.6382],[98.9171,14.6026],[98.9358,14.5981],[98.9352,14.5696],[98.9227,14.5583],[98.9376,14.5307],[98.9013,14.5099],[98.8247,14.5658],[98.7567,14.5158],[98.7403,14.52],[98.7193,14.5018],[98.7127,14.5166],[98.6558,14.542],[98.6374,14.5194],[98.6242,14.5266],[98.6101,14.5136],[98.6025,14.5164],[98.585,14.4948],[98.5664,14.4959],[98.5362,14.4432],[98.5255,14.4621]]]]}},{"type":"Feature","properties":{"province":"KhonKaen","district":"BanFang","hasc":"TH.KK.FA"},"geometry":{"type":"MultiPolygon","coordinates":[[[[102.6276,16.3624],[102.5996,16.3484],[102.5587,16.3416],[102.5284,16.3411],[102.5201,16.3506],[102.5523,16.3871],[102.555,16.439],[102.5771,16.5084],[102.5849,16.5723],[102.579,16.6348],[102.6248,16.6612],[102.6889,16.6508],[102.7006,16.6309],[102.6881,16.6156],[102.691,16.6006],[102.6323,16.5349],[102.6513,16.5105],[102.6444,16.4912],[102.6476,16.471],[102.6729,16.4463],[102.6953,16.396],[102.6789,16.3679],[102.6698,16.3754],[102.6276,16.3624]]]]}},{"type":"Feature","properties":{"province":"KhonKaen","district":"BanPhai","hasc":"TH.KK.PH"},"geometry":{"type":"MultiPolygon","coordinates":[[[[102.8495,15.9431],[102.8216,15.8963],[102.7971,15.8911],[102.7836,15.8744],[102.7711,15.8762],[102.766,15.8829],[102.7714,15.8965],[102.7608,15.9122],[102.7703,15.9665],[102.7107,15.9992],[102.7193,16.0277],[102.6825,16.0297],[102.6831,16.0383],[102.6403,16.0464],[102.6548,16.0701],[102.6546,16.0987],[102.6413,16.1156],[102.6412,16.1375],[102.6471,16.1561],[102.6639,16.1636],[102.6606,16.1756],[102.6753,16.1771],[102.6708,16.1852],[102.6835,16.1847],[102.6927,16.1687],[102.6877,16.1443],[102.7387,16.1402],[102.7464,16.1239],[102.7526,16.1429],[102.7651,16.139],[102.778,16.1514],[102.8127,16.1501],[102.8305,16.1587],[102.8566,16.1262],[102.8698,16.1233],[102.8511,16.0686],[102.8619,16.0586],[102.861,16.0392],[102.8962,16.0239],[102.8855,16.0117],[102.9052,15.9886],[102.8889,15.9847],[102.8855,15.9737],[102.8682,15.9656],[102.8495,15.9431]]]]}},{"type":"Feature","properties":{"province":"KhonKaen","district":"Chonnabot","hasc":"TH.KK.CH"},"geometry":{"type":"MultiPolygon","coordinates":[[[[102.639,15.9433],[102.6555,15.904],[102.632,15.9057],[102.6077,15.911],[102.5927,15.932],[102.5749,15.9304],[102.5578,15.9563],[102.5299,15.9746],[102.5027,15.9785],[102.4802,15.9592],[102.445,15.974],[102.4266,15.9968],[102.4367,16.0027],[102.4319,16.0075],[102.4404,16.0135],[102.4341,16.0161],[102.4381,16.0261],[102.4556,16.0267],[102.4475,16.0516],[102.466,16.0581],[102.4826,16.0494],[102.5011,16.0863],[102.5023,16.076],[102.5143,16.0759],[102.5185,16.0861],[102.5424,16.0713],[102.5515,16.0754],[102.54,16.0785],[102.5438,16.0828],[102.5838,16.0867],[102.5718,16.0969],[102.575,16.1057],[102.5869,16.106],[102.5781,16.1116],[102.588,16.128],[102.596,16.1186],[102.6183,16.1323],[102.6231,16.1247],[102.6255,16.1401],[102.6364,16.1439],[102.6413,16.1156],[102.6545,16.0991],[102.6546,16.0687],[102.6278,16.025],[102.6034,16.0025],[102.639,15.9433]]]]}},{"type":"Feature","properties":{"province":"KhonKaen","district":"ChumPhae","hasc":"TH.KK.CP"},"geometry":{"type":"MultiPolygon","coordinates":[[[[102.1812,16.4979],[102.1747,16.4894],[102.1599,16.5014],[102.1254,16.4925],[102.0699,16.4923],[102.0758,16.5008],[102.046,16.5067],[102.0349,16.5181],[102.0347,16.5401],[102.027,16.5435],[102.0255,16.5567],[101.9915,16.5652],[101.9941,16.5819],[101.9804,16.5868],[101.9855,16.5953],[101.9782,16.6117],[101.9536,16.622],[101.9609,16.6699],[101.943,16.6837],[101.9374,16.7459],[101.9526,16.7552],[101.9585,16.7944],[101.9462,16.8513],[101.9964,16.8386],[102.0128,16.869],[102.0415,16.8573],[102.0433,16.8401],[102.0168,16.7896],[102.0192,16.744],[102.0128,16.7413],[102.0087,16.7164],[102.0265,16.6831],[102.0789,16.6543],[102.103,16.6481],[102.1134,16.6527],[102.1263,16.6305],[102.1377,16.6212],[102.1617,16.6229],[102.1616,16.6046],[102.1771,16.6027],[102.191,16.5884],[102.2023,16.5881],[102.2144,16.6013],[102.2764,16.6133],[102.2865,16.6003],[102.3131,16.5904],[102.3161,16.5797],[102.2892,16.5727],[102.2826,16.552],[102.2955,16.4581],[102.2697,16.4535],[102.2459,16.4671],[102.2391,16.4822],[102.2292,16.482],[102.2157,16.4993],[102.1946,16.4968],[102.1856,16.5046],[102.1812,16.4979]]]]}},{"type":"Feature","properties":{"province":"KhonKaen","district":"K.BanHaet","hasc":"TH.KK.HT"},"geometry":{"type":"MultiPolygon","coordinates":[[[[102.6878,16.1449],[102.6928,16.1683],[102.6741,16.1947],[102.6835,16.1976],[102.6658,16.2096],[102.6751,16.2172],[102.6691,16.2274],[102.6793,16.2288],[102.6789,16.2348],[102.6881,16.2215],[102.6959,16.2264],[102.6894,16.243],[102.6982,16.2381],[102.7324,16.2468],[102.7474,16.2412],[102.7649,16.2721],[102.7638,16.2875],[102.7751,16.2969],[102.7779,16.283],[102.7969,16.2822],[102.8321,16.2571],[102.8371,16.224],[102.8484,16.2163],[102.8497,16.1781],[102.8599,16.1627],[102.8472,16.1432],[102.831,16.1587],[102.8127,16.1501],[102.778,16.1514],[102.7651,16.139],[102.7526,16.1429],[102.747,16.1238],[102.7387,16.1402],[102.6878,16.1449]]]]}},{"type":"Feature","properties":{"province":"KhonKaen","district":"K.KhokPhoCha","hasc":"TH.KK.KP"},"geometry":{"type":"MultiPolygon","coordinates":[[[[102.319,16.1167],[102.3479,16.1597],[102.3753,16.1582],[102.4022,16.1322],[102.4523,16.1278],[102.4477,16.1044],[102.462,16.0834],[102.4941,16.0742],[102.4916,16.0621],[102.483,16.061],[102.4817,16.049],[102.466,16.0581],[102.4481,16.0523],[102.4556,16.0267],[102.4352,16.0227],[102.4348,16.013],[102.4404,16.0135],[102.4283,15.9915],[102.4143,15.9927],[102.4122,15.9804],[102.3942,15.9842],[102.3914,15.976],[102.3874,15.9953],[102.3575,16.0036],[102.3458,16.0336],[102.3299,16.0292],[102.3152,16.0407],[102.305,16.0369],[102.2833,16.0702],[102.2868,16.0856],[102.319,16.1167]]]]}},{"type":"Feature","properties":{"province":"KhonKaen","district":"K.NonSila","hasc":"TH.KK.NS"},"geometry":{"type":"MultiPolygon","coordinates":[[[[102.7114,16.0296],[102.7193,16.0277],[102.7107,15.9992],[102.7703,15.9665],[102.7608,15.9127],[102.7688,15.89],[102.6555,15.904],[102.6381,15.9499],[102.6034,16.002],[102.6403,16.0464],[102.6831,16.0383],[102.6825,16.0297],[102.7114,16.0296]]]]}},{"type":"Feature","properties":{"province":"KhonKaen","district":"K.NongNaKham","hasc":"TH.KK.NK"},"geometry":{"type":"MultiPolygon","coordinates":[[[[102.3959,16.7443],[102.3605,16.7385],[102.3423,16.7565],[102.2928,16.774],[102.279,16.7922],[102.2719,16.8259],[102.2301,16.8419],[102.2323,16.8508],[102.2155,16.8596],[102.2373,16.8775],[102.2521,16.876],[102.2563,16.8925],[102.2976,16.8894],[102.293,16.882],[102.3044,16.8839],[102.3043,16.8733],[102.3258,16.865],[102.3181,16.8526],[102.332,16.8528],[102.3333,16.8462],[102.3254,16.8441],[102.3409,16.835],[102.3367,16.8287],[102.3447,16.8152],[102.353,16.8278],[102.3629,16.8143],[102.3788,16.8081],[102.3791,16.8147],[102.4337,16.7865],[102.4246,16.7438],[102.3959,16.7443]]]]}},{"type":"Feature","properties":{"province":"KhonKaen","district":"K.SamSung","hasc":"TH.KK.SA"},"geometry":{"type":"MultiPolygon","coordinates":[[[[103.0518,16.4964],[103.0408,16.4897],[103.0347,16.4998],[103.0227,16.4746],[102.9609,16.5173],[102.961,16.5404],[102.9981,16.5541],[103.0077,16.5649],[103.0024,16.6072],[103.0452,16.6235],[103.1079,16.6255],[103.1525,16.6396],[103.1554,16.609],[103.123,16.5905],[103.121,16.5647],[103.1066,16.5525],[103.0871,16.5137],[103.0518,16.4964]]]]}},{"type":"Feature","properties":{"province":"KhonKaen","district":"KhaoSuanKwang","hasc":"TH.KK.KS"},"geometry":{"type":"MultiPolygon","coordinates":[[[[102.903,16.8498],[102.9258,16.8341],[102.9126,16.8162],[102.9091,16.794],[102.8651,16.8048],[102.8417,16.7995],[102.8245,16.8119],[102.8099,16.8089],[102.7865,16.8278],[102.7702,16.8144],[102.7578,16.832],[102.7338,16.8158],[102.7257,16.8235],[102.722,16.8371],[102.737,16.8477],[102.7266,16.8921],[102.7452,16.9133],[102.7365,16.9259],[102.7413,16.9348],[102.7106,16.9569],[102.6832,16.9583],[102.6707,16.9912],[102.6816,17.0133],[102.6799,17.0431],[102.701,17.069],[102.7022,17.0869],[102.7106,17.0842],[102.7248,17.0463],[102.752,17.0389],[102.7897,17.0128],[102.8037,16.9846],[102.827,16.9707],[102.8061,16.9532],[102.8218,16.936],[102.8109,16.913],[102.8231,16.8643],[102.8426,16.8669],[102.8617,16.8817],[102.8849,16.8729],[102.903,16.8498]]]]}},{"type":"Feature","properties":{"province":"KhonKaen","district":"Kranuan","hasc":"TH.KK.KR"},"geometry":{"type":"MultiPolygon","coordinates":[[[[103.0503,16.6241],[103.0024,16.6072],[102.9941,16.6359],[102.9865,16.7133],[103.0108,16.7249],[103.0052,16.7384],[102.9903,16.739],[102.9908,16.7474],[103.0173,16.7784],[103.0195,16.7964],[103.0111,16.8069],[103.0136,16.8218],[103.002,16.8267],[103.0052,16.8461],[102.9979,16.8636],[103.0607,16.8872],[103.0761,16.9004],[103.0847,16.8974],[103.1022,16.9118],[103.1262,16.8918],[103.1165,16.8527],[103.1047,16.8394],[103.1075,16.8253],[103.1254,16.8176],[103.1398,16.8297],[103.1504,16.8555],[103.1412,16.8669],[103.177,16.862],[103.1751,16.8453],[103.188,16.818],[103.185,16.7864],[103.1485,16.7526],[103.1605,16.7318],[103.1482,16.6997],[103.1611,16.6725],[103.1547,16.6421],[103.1079,16.6255],[103.0503,16.6241]]]]}},{"type":"Feature","properties":{"province":"KhonKaen","district":"ManchaKhiri","hasc":"TH.KK.MA"},"geometry":{"type":"MultiPolygon","coordinates":[[[[102.5844,16.1135],[102.5781,16.1112],[102.5869,16.106],[102.575,16.1057],[102.5718,16.0969],[102.5838,16.0867],[102.5438,16.0828],[102.54,16.0785],[102.5515,16.0754],[102.5424,16.0713],[102.5185,16.0861],[102.5143,16.0759],[102.5023,16.076],[102.5015,16.0864],[102.4941,16.0742],[102.4611,16.0844],[102.4467,16.1074],[102.4523,16.1278],[102.4035,16.1318],[102.3787,16.1566],[102.3479,16.1597],[102.4163,16.2482],[102.4131,16.2667],[102.4218,16.2972],[102.4459,16.3402],[102.4499,16.3755],[102.461,16.3905],[102.4791,16.3844],[102.4966,16.3594],[102.5309,16.3392],[102.5393,16.3026],[102.5736,16.3118],[102.6019,16.2824],[102.6196,16.2831],[102.6763,16.2578],[102.6959,16.2281],[102.6881,16.2215],[102.6789,16.2348],[102.6689,16.227],[102.6751,16.2172],[102.6658,16.2096],[102.6815,16.2005],[102.6741,16.1947],[102.685,16.1856],[102.6708,16.1852],[102.6756,16.1779],[102.669,16.1729],[102.6606,16.1756],[102.6639,16.1636],[102.6471,16.1561],[102.6411,16.1353],[102.6359,16.1441],[102.6262,16.1408],[102.628,16.1274],[102.6183,16.1323],[102.5974,16.1186],[102.5884,16.1282],[102.5844,16.1135]]]]}},{"type":"Feature","properties":{"province":"KhonKaen","district":"MuangKhonKaen","hasc":"TH.KK.KK"},"geometry":{"type":"MultiPolygon","coordinates":[[[[102.8467,16.2173],[102.8371,16.224],[102.8321,16.2571],[102.7969,16.2822],[102.7776,16.2834],[102.7812,16.3058],[102.7748,16.32],[102.7816,16.3251],[102.7855,16.3199],[102.7906,16.3297],[102.7155,16.3393],[102.6785,16.3668],[102.6959,16.4023],[102.6727,16.4467],[102.6476,16.471],[102.6444,16.4912],[102.6513,16.5105],[102.6323,16.5353],[102.691,16.6006],[102.6881,16.6156],[102.7006,16.6309],[102.7252,16.6358],[102.7493,16.6084],[102.7668,16.6052],[102.797,16.6257],[102.8192,16.6229],[102.847,16.6325],[102.8609,16.6214],[102.8487,16.615],[102.8514,16.6012],[102.8625,16.5974],[102.866,16.6031],[102.861,16.5842],[102.8737,16.5928],[102.8861,16.5828],[102.8764,16.5804],[102.8837,16.568],[102.8757,16.567],[102.8839,16.5597],[102.8745,16.5568],[102.8884,16.5389],[102.8982,16.5385],[102.891,16.5321],[102.9066,16.5295],[102.9046,16.5446],[102.9607,16.5412],[102.9666,16.5079],[103.0012,16.494],[103.0227,16.4746],[102.9554,16.4503],[102.9646,16.4282],[102.9771,16.4224],[102.9601,16.4234],[102.9586,16.4115],[102.9487,16.4071],[102.9591,16.3991],[102.9523,16.3883],[102.9381,16.3873],[102.9397,16.3755],[102.9226,16.3758],[102.9296,16.3651],[102.9191,16.3675],[102.9074,16.3563],[102.9112,16.3478],[102.8983,16.3476],[102.8965,16.3127],[102.8508,16.2746],[102.8466,16.2325],[102.8521,16.2198],[102.8467,16.2173]]]]}},{"type":"Feature","properties":{"province":"KhonKaen","district":"NamPhong","hasc":"TH.KK.NA"},"geometry":{"type":"MultiPolygon","coordinates":[[[[102.8793,16.5528],[102.8751,16.5585],[102.8837,16.5615],[102.8757,16.567],[102.8837,16.568],[102.8763,16.5799],[102.8861,16.5828],[102.8737,16.5928],[102.861,16.5842],[102.8682,16.5937],[102.8653,16.6037],[102.8625,16.5974],[102.8512,16.6016],[102.8487,16.6155],[102.8609,16.6205],[102.855,16.6283],[102.8427,16.6336],[102.8192,16.6229],[102.797,16.6257],[102.7663,16.6052],[102.7493,16.6084],[102.7247,16.6359],[102.7399,16.7072],[102.7549,16.7218],[102.724,16.7493],[102.7344,16.7601],[102.7274,16.778],[102.736,16.7934],[102.7338,16.8158],[102.7578,16.832],[102.7702,16.8144],[102.7865,16.8278],[102.8099,16.8089],[102.8245,16.8119],[102.8417,16.7995],[102.8651,16.8048],[102.9091,16.794],[102.9126,16.8162],[102.926,16.8343],[102.9779,16.8454],[102.9978,16.8621],[103.0052,16.8461],[103.002,16.8267],[103.0136,16.8218],[103.0111,16.8069],[103.0195,16.7964],[103.0173,16.7784],[102.9907,16.747],[102.9903,16.739],[103.0052,16.7384],[103.0108,16.7244],[102.99,16.7201],[102.9858,16.7084],[103.0079,16.5653],[102.9664,16.5405],[102.9042,16.5444],[102.906,16.5291],[102.891,16.5321],[102.8982,16.5385],[102.8884,16.5389],[102.8793,16.5528]]]]}},{"type":"Feature","properties":{"province":"KhonKaen","district":"NongRua","hasc":"TH.KK.NR"},"geometry":{"type":"MultiPolygon","coordinates":[[[[102.4589,16.3916],[102.4164,16.4224],[102.4031,16.466],[102.3968,16.4576],[102.4017,16.4453],[102.3852,16.4441],[102.3756,16.4347],[102.3675,16.4369],[102.367,16.4517],[102.3376,16.4435],[102.3216,16.4445],[102.3197,16.4547],[102.3029,16.444],[102.286,16.452],[102.2969,16.4627],[102.2881,16.4852],[102.2931,16.5097],[102.2828,16.5322],[102.284,16.5595],[102.3261,16.5612],[102.3821,16.5816],[102.4009,16.5767],[102.4269,16.6011],[102.4371,16.6013],[102.4512,16.5966],[102.4713,16.5425],[102.5197,16.5368],[102.525,16.5533],[102.5338,16.5493],[102.5345,16.5563],[102.5501,16.5543],[102.5574,16.5618],[102.5441,16.5987],[102.5773,16.6259],[102.5849,16.5723],[102.5483,16.376],[102.5177,16.3508],[102.4966,16.3594],[102.4791,16.3844],[102.4589,16.3916]]]]}},{"type":"Feature","properties":{"province":"KhonKaen","district":"NongSongHong","hasc":"TH.KK.NH"},"geometry":{"type":"MultiPolygon","coordinates":[[[[102.8363,15.6345],[102.8069,15.631],[102.7734,15.6524],[102.7639,15.6513],[102.7486,15.6689],[102.7183,15.6645],[102.7103,15.685],[102.6918,15.7017],[102.7006,15.719],[102.6815,15.7268],[102.6739,15.7631],[102.6752,15.7764],[102.6895,15.7833],[102.7057,15.8172],[102.6963,15.8356],[102.7019,15.8498],[102.6934,15.8698],[102.6964,15.9022],[102.7682,15.8904],[102.7678,15.8792],[102.7836,15.8744],[102.7806,15.8678],[102.7946,15.8566],[102.8157,15.8592],[102.8409,15.8497],[102.8702,15.855],[102.9024,15.8354],[102.9108,15.8065],[102.9264,15.819],[102.9333,15.8136],[102.9328,15.794],[102.8982,15.7859],[102.88,15.7674],[102.8819,15.6914],[102.8739,15.6625],[102.8685,15.6484],[102.8363,15.6345]]]]}},{"type":"Feature","properties":{"province":"KhonKaen","district":"Phon","hasc":"TH.KK.PN"},"geometry":{"type":"MultiPolygon","coordinates":[[[[102.5086,15.7248],[102.4578,15.7165],[102.4584,15.7726],[102.4802,15.7854],[102.5124,15.7884],[102.5018,15.8365],[102.5254,15.8624],[102.5012,15.8793],[102.5368,15.8721],[102.5719,15.9331],[102.5924,15.9323],[102.6119,15.9092],[102.6972,15.9017],[102.6934,15.8698],[102.7019,15.8498],[102.6963,15.8356],[102.7057,15.8177],[102.6895,15.7833],[102.675,15.776],[102.6818,15.7275],[102.6742,15.7175],[102.6404,15.7142],[102.6123,15.7274],[102.5994,15.7115],[102.5635,15.7051],[102.5363,15.7095],[102.5086,15.7248]]]]}},{"type":"Feature","properties":{"province":"KhonKaen","district":"PhraYun","hasc":"TH.KK.PY"},"geometry":{"type":"MultiPolygon","coordinates":[[[[102.7786,16.29],[102.7751,16.2969],[102.7638,16.2875],[102.7649,16.2721],[102.7474,16.2412],[102.7139,16.2462],[102.6968,16.2383],[102.6515,16.2716],[102.6019,16.2824],[102.5732,16.312],[102.5393,16.3026],[102.5284,16.3411],[102.5992,16.3483],[102.6703,16.3753],[102.7151,16.3395],[102.7906,16.3297],[102.7855,16.3199],[102.7816,16.3251],[102.7748,16.32],[102.7786,16.29]]]]}},{"type":"Feature","properties":{"province":"KhonKaen","district":"PhuWiang","hasc":"TH.KK.PW"},"geometry":{"type":"MultiPolygon","coordinates":[[[[102.2843,16.5605],[102.2896,16.573],[102.317,16.5818],[102.3106,16.5935],[102.2865,16.6003],[102.2773,16.6133],[102.2834,16.6317],[102.3259,16.6368],[102.3448,16.6541],[102.3656,16.714],[102.3605,16.7385],[102.4229,16.7423],[102.4337,16.7865],[102.4977,16.8003],[102.543,16.779],[102.6138,16.7661],[102.6115,16.7113],[102.5663,16.6493],[102.5676,16.6238],[102.5441,16.5987],[102.5586,16.5675],[102.5509,16.5547],[102.5358,16.5568],[102.528,16.5483],[102.525,16.5533],[102.5197,16.5368],[102.4717,16.5423],[102.4512,16.5966],[102.4371,16.6013],[102.4269,16.6011],[102.4009,16.5767],[102.3821,16.5816],[102.3261,16.5612],[102.2843,16.5605]]]]}},{"type":"Feature","properties":{"province":"KhonKaen","district":"PhupaMan","hasc":"TH.KK.PP"},"geometry":{"type":"MultiPolygon","coordinates":[[[[101.9514,16.6331],[101.9078,16.6263],[101.8916,16.6428],[101.8752,16.6407],[101.8565,16.6478],[101.8546,16.6554],[101.8313,16.6565],[101.8244,16.6484],[101.8075,16.6508],[101.7761,16.6268],[101.7806,16.645],[101.7664,16.6534],[101.7557,16.6504],[101.7497,16.6667],[101.7737,16.6851],[101.7737,16.6999],[101.7895,16.7207],[101.7801,16.7375],[101.7895,16.7484],[101.7874,16.7609],[101.8633,16.789],[101.8802,16.8083],[101.9071,16.8129],[101.9508,16.8395],[101.9584,16.794],[101.9526,16.7552],[101.9374,16.7459],[101.943,16.6837],[101.9609,16.6699],[101.9514,16.6331]]]]}},{"type":"Feature","properties":{"province":"KhonKaen","district":"PuaiNoi","hasc":"TH.KK.PU"},"geometry":{"type":"MultiPolygon","coordinates":[[[[102.7839,15.8746],[102.7971,15.8911],[102.822,15.8966],[102.8307,15.919],[102.8663,15.9637],[102.8848,15.973],[102.8945,15.9887],[102.9052,15.9886],[102.908,15.9693],[102.8969,15.9562],[102.8924,15.9313],[102.9086,15.8957],[102.9296,15.8777],[102.9334,15.8549],[102.9234,15.8321],[102.9264,15.819],[102.916,15.8081],[102.9105,15.8068],[102.9032,15.8343],[102.8877,15.8476],[102.8675,15.8558],[102.8409,15.8497],[102.8157,15.8592],[102.7946,15.8566],[102.7806,15.8678],[102.7839,15.8746]]]]}},{"type":"Feature","properties":{"province":"KhonKaen","district":"SiChomphu","hasc":"TH.KK.SI"},"geometry":{"type":"MultiPolygon","coordinates":[[[[102.161,16.6223],[102.1377,16.6212],[102.113,16.6529],[102.103,16.6481],[102.0622,16.6611],[102.0257,16.6836],[102.0107,16.7076],[102.0202,16.7569],[102.0168,16.7896],[102.0433,16.8401],[102.0415,16.8573],[102.0473,16.8669],[102.0623,16.8698],[102.0583,16.8752],[102.0713,16.8892],[102.0729,16.883],[102.0835,16.8873],[102.1011,16.8802],[102.0984,16.8886],[102.1061,16.8954],[102.1266,16.8787],[102.1574,16.8794],[102.1728,16.8633],[102.1828,16.8699],[102.19,16.856],[102.2051,16.8609],[102.2327,16.85],[102.2265,16.8028],[102.2385,16.7695],[102.2366,16.7456],[102.2081,16.6916],[102.2044,16.659],[102.1671,16.6366],[102.161,16.6223]]]]}},{"type":"Feature","properties":{"province":"KhonKaen","district":"UbolRatana","hasc":"TH.KK.UB"},"geometry":{"type":"MultiPolygon","coordinates":[[[[102.624,16.6605],[102.5839,16.6423],[102.5773,16.6259],[102.5676,16.6238],[102.5663,16.6493],[102.6116,16.7117],[102.6168,16.8058],[102.6422,16.8795],[102.6809,16.958],[102.7102,16.957],[102.7411,16.9352],[102.7365,16.9259],[102.7453,16.9146],[102.7266,16.8921],[102.737,16.8473],[102.7218,16.8362],[102.7337,16.8166],[102.736,16.7934],[102.7275,16.7785],[102.7341,16.7588],[102.7239,16.7498],[102.7549,16.7214],[102.7399,16.7072],[102.7247,16.6359],[102.7006,16.6309],[102.6885,16.651],[102.624,16.6605]]]]}},{"type":"Feature","properties":{"province":"KhonKaen","district":"WaengNoi","hasc":"TH.KK.WN"},"geometry":{"type":"MultiPolygon","coordinates":[[[[102.4628,15.7773],[102.4578,15.7165],[102.4214,15.6945],[102.4058,15.7001],[102.3802,15.7307],[102.3599,15.7333],[102.3654,15.7639],[102.3291,15.7988],[102.3278,15.8207],[102.3214,15.8246],[102.326,15.8327],[102.3173,15.8459],[102.3221,15.8647],[102.3393,15.8722],[102.3519,15.8993],[102.4024,15.8616],[102.4198,15.8571],[102.4554,15.875],[102.5012,15.8793],[102.5254,15.8624],[102.5018,15.8365],[102.5121,15.7875],[102.4628,15.7773]]]]}},{"type":"Feature","properties":{"province":"KhonKaen","district":"WaengYai","hasc":"TH.KK.WY"},"geometry":{"type":"MultiPolygon","coordinates":[[[[102.5365,15.8719],[102.503,15.8797],[102.4554,15.875],[102.4221,15.857],[102.4032,15.8611],[102.3551,15.8975],[102.3638,15.9257],[102.357,15.9278],[102.3763,15.9436],[102.3666,15.9624],[102.3856,15.9833],[102.3919,15.9759],[102.3942,15.9842],[102.4118,15.9802],[102.422,15.9956],[102.445,15.974],[102.4798,15.9592],[102.5027,15.9785],[102.5299,15.9746],[102.5581,15.956],[102.5719,15.9331],[102.5365,15.8719]]]]}},{"type":"Feature","properties":{"province":"KhonKaen","district":"WiangKao","hasc":"NA"},"geometry":{"type":"MultiPolygon","coordinates":[[[[102.2773,16.6133],[102.214,16.6011],[102.2014,16.5879],[102.1612,16.6054],[102.1668,16.6362],[102.2044,16.659],[102.2081,16.6916],[102.2368,16.746],[102.2385,16.7695],[102.2265,16.8028],[102.2301,16.8419],[102.2644,16.8327],[102.2864,16.7793],[102.3427,16.7563],[102.3641,16.7292],[102.3498,16.6601],[102.3259,16.6368],[102.2848,16.6329],[102.2773,16.6133]]]]}},{"type":"Feature","properties":{"province":"Krabi","district":"AoLuk","hasc":"TH.KR.AL"},"geometry":{"type":"MultiPolygon","coordinates":[[[[98.6343,8.2304],[98.634,8.2323],[98.6355,8.2323],[98.6358,8.2298],[98.6343,8.2304]]],[[[98.6124,8.2353],[98.6135,8.2357],[98.6137,8.2347],[98.6126,8.234],[98.6124,8.2353]]],[[[98.6407,8.2476],[98.6437,8.2444],[98.6436,8.2423],[98.6423,8.2433],[98.6406,8.2416],[98.6409,8.2402],[98.6429,8.2408],[98.6437,8.2308],[98.6418,8.2319],[98.6426,8.2338],[98.6409,8.2347],[98.6398,8.2436],[98.6379,8.2433],[98.6361,8.2457],[98.6368,8.249],[98.6373,8.2456],[98.6407,8.2476]]],[[[98.6128,8.2433],[98.6116,8.2444],[98.6129,8.2459],[98.6144,8.242],[98.6128,8.2433]]],[[[98.622,8.2886],[98.6414,8.2487],[98.624,8.2613],[98.622,8.2886]]],[[[98.6307,8.2805],[98.6293,8.2816],[98.6293,8.2819],[98.6309,8.2819],[98.6307,8.2805]]],[[[98.6166,8.2917],[98.6164,8.2938],[98.619,8.2927],[98.6187,8.2907],[98.6166,8.2917]]],[[[98.6167,8.3508],[98.6175,8.3525],[98.6189,8.3494],[98.6178,8.3494],[98.6167,8.3508]]],[[[98.6966,8.2887],[98.6997,8.2964],[98.7029,8.2986],[98.7021,8.2906],[98.6995,8.2886],[98.6966,8.2887]]],[[[98.6917,8.2929],[98.6936,8.2976],[98.6973,8.299],[98.6975,8.2969],[98.6947,8.2931],[98.6917,8.2929]]],[[[98.6966,8.3016],[98.6994,8.3037],[98.7011,8.3037],[98.6989,8.3001],[98.6966,8.3016]]],[[[98.6945,8.3372],[98.6921,8.3312],[98.7071,8.3148],[98.6852,8.3039],[98.6811,8.3106],[98.6799,8.297],[98.6494,8.2731],[98.6419,8.2922],[98.6357,8.2761],[98.6283,8.2824],[98.6241,8.2984],[98.6303,8.3003],[98.6257,8.313],[98.6379,8.3405],[98.6476,8.3383],[98.6342,8.3428],[98.6396,8.3506],[98.6353,8.3696],[98.686,8.3838],[98.6676,8.3863],[98.6665,8.3966],[98.6661,8.3897],[98.6455,8.4089],[98.6653,8.4269],[98.6702,8.4593],[98.6489,8.4811],[98.6728,8.5118],[98.698,8.5847],[98.7349,8.5544],[98.7767,8.5636],[98.7522,8.4965],[98.7673,8.4798],[98.7566,8.4555],[98.7784,8.437],[98.7969,8.4435],[98.812,8.4358],[98.819,8.4208],[98.887,8.4205],[98.9049,8.4068],[98.9277,8.4044],[98.9248,8.3559],[98.9079,8.3161],[98.9068,8.2925],[98.8604,8.27],[98.8499,8.2859],[98.8326,8.2886],[98.7832,8.2631],[98.7434,8.255],[98.729,8.2554],[98.7337,8.2706],[98.7292,8.2663],[98.7239,8.2794],[98.7192,8.2766],[98.7276,8.2585],[98.716,8.2206],[98.708,8.2244],[98.7194,8.2514],[98.7065,8.2885],[98.7134,8.3097],[98.697,8.33],[98.7185,8.3417],[98.7125,8.3466],[98.7158,8.3389],[98.6954,8.3304],[98.6945,8.3372]]],[[[98.6119,8.3528],[98.6114,8.3539],[98.6142,8.3544],[98.6133,8.3517],[98.6119,8.3528]]],[[[98.6495,8.3721],[98.6475,8.3729],[98.6467,8.3744],[98.6515,8.3741],[98.6514,8.3723],[98.6495,8.3721]]],[[[98.6886,8.2028],[98.688,8.2037],[98.6916,8.2054],[98.6905,8.2037],[98.6886,8.2028]]],[[[98.6906,8.2076],[98.6903,8.2089],[98.6916,8.2094],[98.692,8.2064],[98.6906,8.2076]]],[[[98.687,8.2116],[98.6876,8.2136],[98.6879,8.2137],[98.6877,8.21],[98.687,8.2116]]],[[[98.7051,8.2437],[98.7038,8.2456],[98.7043,8.2473],[98.7062,8.2415],[98.7051,8.2437]]],[[[98.7074,8.2375],[98.7085,8.2383],[98.7099,8.2378],[98.709,8.2361],[98.7074,8.2375]]]]}},{"type":"Feature","properties":{"province":"Krabi","district":"KhaoPhanom","hasc":"TH.KR.KP"},"geometry":{"type":"MultiPolygon","coordinates":[[[[99.3124,8.2338],[99.3218,8.2086],[99.3062,8.1895],[99.3071,8.1742],[99.2901,8.1649],[99.2968,8.132],[99.2564,8.122],[99.2308,8.1334],[99.2176,8.1285],[99.215,8.1525],[99.2238,8.1577],[99.2225,8.1698],[99.181,8.1571],[99.1715,8.1611],[99.1681,8.1765],[99.1345,8.1996],[99.1237,8.1897],[99.0227,8.1574],[99.0125,8.1632],[99.0187,8.2173],[98.997,8.2188],[98.9827,8.2337],[98.945,8.2211],[98.9381,8.2291],[98.9346,8.2704],[98.9243,8.2799],[98.9152,8.2766],[98.9075,8.2887],[98.9079,8.3161],[98.9248,8.3559],[98.9262,8.4489],[98.9402,8.456],[98.9392,8.4371],[98.947,8.4252],[98.9711,8.4161],[99.0381,8.3637],[99.1281,8.3656],[99.2081,8.3368],[99.263,8.3019],[99.2759,8.3007],[99.2991,8.3153],[99.2989,8.3066],[99.3304,8.291],[99.3356,8.2692],[99.3124,8.2338]]]]}},{"type":"Feature","properties":{"province":"Krabi","district":"KhlongThom","hasc":"TH.KR.KT"},"geometry":{"type":"MultiPolygon","coordinates":[[[[99.1899,7.6502],[99.1926,7.6512],[99.1928,7.6483],[99.1899,7.6488],[99.1899,7.6502]]],[[[99.193,7.6892],[99.1894,7.6817],[99.1867,7.6883],[99.193,7.6892]]],[[[99.2012,7.6871],[99.2016,7.6894],[99.2027,7.6903],[99.2033,7.6873],[99.2018,7.6859],[99.2012,7.6871]]],[[[99.2322,7.7033],[99.2319,7.7022],[99.2293,7.7038],[99.2295,7.7043],[99.2322,7.7033]]],[[[99.1838,7.675],[99.1846,7.677],[99.1859,7.6765],[99.1855,7.6747],[99.1838,7.675]]],[[[99.1337,7.7433],[99.1332,7.7441],[99.1347,7.746],[99.1358,7.7424],[99.1337,7.7433]]],[[[99.1363,7.7443],[99.1358,7.7492],[99.1363,7.7503],[99.1381,7.7463],[99.137,7.7434],[99.1363,7.7443]]],[[[99.1367,7.754],[99.1322,7.7439],[99.1275,7.7539],[99.1339,7.77],[99.1367,7.754]]],[[[99.2908,7.8092],[99.3042,7.8079],[99.3022,7.7891],[99.2886,7.7698],[99.2927,7.7586],[99.3068,7.7548],[99.3076,7.7009],[99.2566,7.6593],[99.2433,7.6771],[99.2549,7.6888],[99.2544,7.7065],[99.2541,7.6904],[99.2463,7.6853],[99.2317,7.6947],[99.2381,7.7068],[99.2294,7.705],[99.2436,7.6829],[99.2273,7.6712],[99.2135,7.6777],[99.2003,7.6687],[99.2031,7.6964],[99.2116,7.7024],[99.2086,7.7085],[99.2107,7.7],[99.1965,7.6911],[99.19,7.7031],[99.213,7.7419],[99.2042,7.7374],[99.1969,7.7117],[99.1858,7.7028],[99.1834,7.7098],[99.1955,7.7304],[99.1788,7.7031],[99.1694,7.7283],[99.1381,7.7511],[99.1379,7.7816],[99.1749,7.8076],[99.1486,7.7989],[99.1339,7.7843],[99.1287,7.8182],[99.1172,7.8263],[99.1023,7.8199],[99.0971,7.8303],[99.1028,7.8431],[99.0804,7.8412],[99.0739,7.8603],[99.0649,7.8555],[99.0789,7.89],[99.0957,7.8996],[99.0805,7.8946],[99.0866,7.9233],[99.0971,7.9315],[99.1148,7.9311],[99.0953,7.9325],[99.1086,7.9399],[99.0964,7.9369],[99.07,7.9175],[99.0818,7.9401],[99.1031,7.9517],[99.1032,7.9672],[99.1125,7.9683],[99.0986,7.9717],[99.1044,7.9781],[99.1003,8.0258],[99.0907,8.0321],[99.0899,8.0438],[99.1074,8.0863],[99.0916,8.1144],[99.1156,8.1313],[99.1236,8.1602],[99.1574,8.1791],[99.1681,8.1765],[99.1715,8.1611],[99.181,8.1571],[99.2238,8.1681],[99.2238,8.1577],[99.215,8.1525],[99.2191,8.128],[99.2111,8.0982],[99.232,8.0702],[99.2646,8.0595],[99.2673,8.032],[99.2886,8.0062],[99.278,7.9825],[99.3019,7.9828],[99.3063,7.9604],[99.3328,7.9366],[99.334,7.9194],[99.3212,7.9197],[99.3031,7.9004],[99.3068,7.8883],[99.3173,7.8849],[99.2787,7.852],[99.2949,7.8242],[99.2908,7.8092]]],[[[99.0936,7.93],[99.0931,7.9289],[99.0917,7.9281],[99.0931,7.9306],[99.0936,7.93]]]]}},{"type":"Feature","properties":{"province":"Krabi","district":"KoLanta","hasc":"TH.KR.KL"},"geometry":{"type":"MultiPolygon","coordinates":[[[[99.2162,7.4024],[99.197,7.4003],[99.2002,7.4341],[99.2162,7.4024]]],[[[99.1268,7.5417],[99.1363,7.5338],[99.1344,7.525],[99.1168,7.5426],[99.1268,7.5417]]],[[[99.1434,7.5589],[99.142,7.561],[99.1434,7.5629],[99.1461,7.5601],[99.145,7.5584],[99.1434,7.5589]]],[[[99.1414,7.5732],[99.14,7.5783],[99.1408,7.58],[99.1433,7.5734],[99.1426,7.5719],[99.1414,7.5732]]],[[[99.1473,7.5923],[99.1471,7.5817],[99.1407,7.5925],[99.1473,7.5923]]],[[[99.1478,7.6114],[99.1489,7.6172],[99.1497,7.6172],[99.1519,7.6142],[99.1508,7.6081],[99.1478,7.6114]]],[[[99.144,7.6399],[99.1464,7.6153],[99.1389,7.6389],[99.144,7.6399]]],[[[99.1265,7.7411],[99.1301,7.7324],[99.1214,7.7378],[99.1265,7.7411]]],[[[99.1124,7.6881],[99.1112,7.6907],[99.1128,7.6925],[99.114,7.6885],[99.1124,7.6881]]],[[[99.1183,7.6969],[99.1161,7.7039],[99.1139,7.7053],[99.115,7.7067],[99.1131,7.71],[99.1133,7.7142],[99.1172,7.7108],[99.1214,7.7006],[99.1194,7.6958],[99.1183,7.6969]]],[[[99.1163,7.7226],[99.1178,7.7219],[99.1167,7.7192],[99.1157,7.7212],[99.1163,7.7226]]],[[[99.1065,7.7431],[99.1089,7.7106],[99.0994,7.6931],[99.0669,7.6944],[99.0498,7.7232],[99.0633,7.6983],[99.0408,7.7037],[99.0202,7.7644],[99.0239,7.7711],[99.0449,7.7713],[99.0442,7.7586],[99.0494,7.77],[99.0227,7.7804],[99.0308,7.7974],[99.0172,7.8222],[99.019,7.8293],[99.0335,7.8219],[99.0483,7.8533],[99.0797,7.8387],[99.0994,7.843],[99.1017,7.8192],[99.1171,7.8254],[99.1284,7.8165],[99.13,7.7833],[99.1256,7.7714],[99.1115,7.767],[99.1161,7.7597],[99.1017,7.7645],[99.0992,7.7875],[99.1,7.7646],[99.1159,7.7531],[99.1107,7.7259],[99.1065,7.7431]]],[[[99.1285,7.7417],[99.125,7.7447],[99.1256,7.7497],[99.1294,7.7433],[99.1296,7.7412],[99.1285,7.7417]]],[[[99.0436,7.5489],[99.0308,7.5797],[99.0322,7.631],[99.0201,7.649],[99.0252,7.6444],[99.0378,7.6513],[99.0482,7.6438],[99.0595,7.6128],[99.0658,7.6172],[99.0811,7.5961],[99.077,7.5607],[99.1119,7.4908],[99.1025,7.4697],[99.09,7.4738],[99.0673,7.4988],[99.0436,7.5489]]],[[[99.1164,7.4941],[99.1178,7.4988],[99.1209,7.4991],[99.1211,7.4945],[99.1168,7.4923],[99.1164,7.4941]]],[[[99.0985,7.5937],[99.0934,7.6024],[99.102,7.5993],[99.0985,7.5937]]],[[[99.0704,7.6875],[99.0955,7.6795],[99.1094,7.6863],[99.121,7.6726],[99.1308,7.648],[99.1189,7.6281],[99.1244,7.6093],[99.119,7.5869],[99.1163,7.5987],[99.0871,7.6068],[99.0852,7.613],[99.096,7.6157],[99.0833,7.6125],[99.0917,7.6019],[99.0881,7.5947],[99.0675,7.6092],[99.0728,7.6336],[99.085,7.6279],[99.0799,7.6256],[99.083,7.6358],[99.0758,7.6367],[99.065,7.6206],[99.0585,7.6223],[99.0569,7.6331],[99.0742,7.6525],[99.0641,7.6501],[99.0683,7.6599],[99.0562,7.6344],[99.0392,7.6539],[99.0395,7.6846],[99.0704,7.6875]]],[[[99.0193,7.6492],[99.0168,7.6506],[99.0167,7.6517],[99.0185,7.6509],[99.0193,7.6492]]],[[[99.0488,7.6921],[99.0466,7.6918],[99.0462,7.6897],[99.0439,7.6902],[99.0463,7.6928],[99.0488,7.6921]]],[[[99.1187,7.765],[99.1193,7.7677],[99.1224,7.7679],[99.1204,7.7635],[99.1187,7.765]]],[[[99.0711,7.8517],[99.0744,7.8434],[99.0647,7.8503],[99.0711,7.8517]]],[[[99.0261,7.7944],[99.0265,7.7919],[99.025,7.7914],[99.0233,7.795],[99.0261,7.7944]]],[[[99.0228,7.8332],[99.0198,7.8299],[99.0152,7.8299],[99.0166,7.8349],[99.021,7.8352],[99.0228,7.8332]]],[[[99.0559,7.8569],[99.0599,7.8532],[99.0495,7.854],[99.0559,7.8569]]]]}},{"type":"Feature","properties":{"province":"Krabi","district":"LamThap","hasc":"TH.KR.LT"},"geometry":{"type":"MultiPolygon","coordinates":[[[[99.3923,8.0614],[99.4044,8.0154],[99.4163,8.0006],[99.3982,7.9836],[99.3967,7.9537],[99.3853,7.9414],[99.3682,7.9464],[99.3567,7.9319],[99.3338,7.9285],[99.3247,7.9487],[99.3063,7.9604],[99.3019,7.9828],[99.278,7.9825],[99.2886,8.0062],[99.2673,8.032],[99.2661,8.0575],[99.2308,8.0711],[99.2115,8.0975],[99.2115,8.1099],[99.2289,8.1336],[99.2564,8.122],[99.3465,8.1353],[99.3852,8.1079],[99.3923,8.0614]]]]}},{"type":"Feature","properties":{"province":"Krabi","district":"MuangKrabi","hasc":"TH.KR.KR"},"geometry":{"type":"MultiPolygon","coordinates":[[[[98.8886,7.4235],[98.8887,7.4253],[98.89,7.4258],[98.8897,7.4227],[98.8886,7.4235]]],[[[98.8939,7.4289],[98.8944,7.4306],[98.895,7.4314],[98.8949,7.4274],[98.8939,7.4289]]],[[[98.8658,7.6159],[98.866,7.6128],[98.8649,7.6116],[98.8641,7.6153],[98.8622,7.6161],[98.8639,7.6172],[98.8658,7.6159]]],[[[98.9065,8.0315],[98.9075,8.0297],[98.9058,8.0288],[98.9054,8.0304],[98.9065,8.0315]]],[[[98.7673,7.684],[98.77,7.6764],[98.7618,7.682],[98.7673,7.684]]],[[[98.7743,7.7604],[98.7924,7.7289],[98.769,7.738],[98.7686,7.7173],[98.7572,7.7419],[98.7711,7.741],[98.7733,7.7486],[98.7607,7.7595],[98.7592,7.7656],[98.7655,7.7649],[98.7555,7.787],[98.7743,7.7604]]],[[[98.7755,7.8196],[98.7741,7.8148],[98.7703,7.8108],[98.7694,7.8122],[98.7732,7.8157],[98.7736,7.8206],[98.775,7.8213],[98.7755,7.8196]]],[[[98.7944,7.8139],[98.7924,7.8182],[98.7954,7.8194],[98.7982,7.8169],[98.7958,7.8129],[98.7944,7.8139]]],[[[98.7769,7.9469],[98.7781,7.9492],[98.7794,7.9503],[98.7803,7.9492],[98.7786,7.9464],[98.7778,7.9456],[98.7769,7.9469]]],[[[98.81,7.955],[98.8089,7.9486],[98.8025,7.9528],[98.81,7.955]]],[[[98.813,7.9713],[98.8083,7.9676],[98.8028,7.97],[98.8078,7.9747],[98.8122,7.9747],[98.813,7.9713]]],[[[98.8344,8.0044],[98.8356,8.0053],[98.8367,8.0052],[98.8342,8.0033],[98.8344,8.0044]]],[[[98.9422,8.0586],[98.9539,8.0494],[98.9501,8.0312],[98.9589,8.0243],[98.9515,8.0047],[98.9189,8.0363],[98.9225,8.0606],[98.9377,8.0646],[98.9336,8.0711],[98.9353,8.0619],[98.9217,8.0631],[98.9201,8.0785],[98.9197,8.0516],[98.9125,8.045],[98.8897,8.0615],[98.8806,8.0568],[98.8815,8.0721],[98.8776,8.0454],[98.8802,8.0541],[98.8914,8.0546],[98.903,8.0398],[98.8802,8.0202],[98.8598,8.0276],[98.8416,8.0102],[98.8432,8.0016],[98.8151,8.0397],[98.7969,8.0449],[98.7904,8.056],[98.7973,8.0486],[98.7726,8.0411],[98.7738,8.0247],[98.7655,8.0228],[98.7639,8.0401],[98.7376,8.0759],[98.7466,8.09],[98.7482,8.1213],[98.7571,8.1328],[98.7648,8.1302],[98.7506,8.1386],[98.7531,8.1492],[98.7649,8.1468],[98.761,8.1512],[98.7353,8.1358],[98.7514,8.1828],[98.7479,8.1994],[98.7569,8.2036],[98.7429,8.2098],[98.748,8.2165],[98.7408,8.2164],[98.7366,8.2308],[98.7436,8.2433],[98.7305,8.2381],[98.729,8.2554],[98.7832,8.2631],[98.8326,8.2886],[98.8499,8.2859],[98.8614,8.2701],[98.9068,8.2925],[98.9152,8.2766],[98.9243,8.2799],[98.9346,8.2704],[98.9443,8.2216],[98.9827,8.2337],[98.997,8.2188],[99.0187,8.2173],[99.0158,8.1727],[98.9942,8.121],[98.968,8.1002],[98.9617,8.0744],[98.9422,8.0586]]],[[[98.9161,8.0453],[98.9169,8.0464],[98.9196,8.048],[98.9186,8.0436],[98.9164,8.0435],[98.9161,8.0453]]],[[[98.9694,8.0553],[98.9649,8.0367],[98.9531,8.0305],[98.955,8.0497],[98.9439,8.0603],[98.9542,8.0686],[98.9694,8.0553]]],[[[98.7647,7.6553],[98.7647,7.6567],[98.7669,7.6542],[98.7652,7.6534],[98.7647,7.6553]]],[[[98.7689,7.676],[98.7648,7.6715],[98.762,7.6765],[98.7628,7.6774],[98.7628,7.6751],[98.7631,7.6776],[98.7689,7.676]]],[[[98.7673,7.6904],[98.767,7.6892],[98.7656,7.6942],[98.7659,7.6942],[98.7673,7.6904]]],[[[98.7654,7.6948],[98.7645,7.6964],[98.7645,7.6987],[98.7654,7.6987],[98.7654,7.6948]]],[[[98.6759,8.0483],[98.6754,8.0498],[98.6758,8.05],[98.6771,8.048],[98.6759,8.0483]]],[[[98.6785,8.0818],[98.683,8.08],[98.68,8.0778],[98.6777,8.0728],[98.6775,8.0758],[98.6751,8.0784],[98.6779,8.079],[98.6758,8.08],[98.6751,8.0826],[98.6775,8.0805],[98.6785,8.0818]]],[[[98.6866,8.0884],[98.6858,8.0884],[98.6856,8.0902],[98.6885,8.0886],[98.6866,8.0884]]],[[[98.6801,8.0987],[98.6816,8.0985],[98.6799,8.0968],[98.6797,8.0977],[98.6801,8.0987]]],[[[98.693,8.1027],[98.6958,8.1022],[98.6942,8.0997],[98.6903,8.0979],[98.6881,8.099],[98.6898,8.1033],[98.693,8.1027]]],[[[98.6816,8.1022],[98.6819,8.1044],[98.6839,8.1053],[98.6825,8.1008],[98.6816,8.1022]]],[[[98.706,8.1043],[98.7049,8.1079],[98.7072,8.1086],[98.7103,8.1071],[98.7097,8.1044],[98.706,8.1043]]],[[[98.6898,8.1071],[98.6893,8.1049],[98.687,8.1047],[98.6878,8.1081],[98.6898,8.1071]]],[[[98.7479,8.0544],[98.7479,8.0522],[98.7468,8.0522],[98.7465,8.0533],[98.7479,8.0544]]],[[[98.7097,8.1122],[98.7064,8.1111],[98.7058,8.1131],[98.7092,8.1144],[98.7097,8.1122]]],[[[98.7164,8.1447],[98.7178,8.1455],[98.7185,8.1439],[98.7168,8.1427],[98.7164,8.1447]]],[[[98.7349,8.1765],[98.7368,8.1768],[98.736,8.174],[98.7341,8.1746],[98.7349,8.1765]]],[[[98.7806,8.0319],[98.7814,8.0336],[98.7822,8.0339],[98.7823,8.0311],[98.7806,8.0319]]],[[[98.7819,8.0376],[98.7825,8.0386],[98.7827,8.0362],[98.7822,8.0364],[98.7819,8.0376]]],[[[98.9617,8.0774],[98.9619,8.0775],[98.962,8.0761],[98.9616,8.0769],[98.9617,8.0774]]],[[[98.6603,8.1165],[98.6611,8.117],[98.6628,8.115],[98.6611,8.1142],[98.6603,8.1165]]],[[[98.6777,8.1179],[98.6766,8.1155],[98.6743,8.1191],[98.6746,8.1192],[98.6777,8.1179]]],[[[98.6597,8.1182],[98.6598,8.1191],[98.6623,8.1195],[98.6618,8.1182],[98.6597,8.1182]]],[[[98.6817,8.1213],[98.6799,8.1176],[98.6786,8.1183],[98.678,8.1216],[98.6817,8.1213]]],[[[98.6694,8.1214],[98.6678,8.1228],[98.6725,8.1253],[98.6736,8.1232],[98.6694,8.1214]]],[[[98.6844,8.1281],[98.6836,8.1289],[98.6856,8.1305],[98.6875,8.1297],[98.6864,8.1272],[98.6844,8.1281]]],[[[98.7219,8.1822],[98.7231,8.1831],[98.7236,8.1814],[98.7222,8.1812],[98.7219,8.1822]]],[[[98.7299,8.184],[98.7308,8.1846],[98.732,8.1832],[98.7311,8.1825],[98.7299,8.184]]],[[[98.7259,8.1911],[98.7271,8.1919],[98.7276,8.1897],[98.7267,8.1899],[98.7259,8.1911]]],[[[98.7293,8.2092],[98.7287,8.2123],[98.7298,8.2123],[98.7304,8.2078],[98.7293,8.2092]]],[[[98.7237,8.2161],[98.7234,8.2192],[98.7273,8.2173],[98.7262,8.2142],[98.7245,8.2142],[98.7237,8.2161]]],[[[98.7311,8.2155],[98.7278,8.2166],[98.7286,8.2208],[98.7334,8.2183],[98.7311,8.2155]]]]}},{"type":"Feature","properties":{"province":"Krabi","district":"NuaKhlong","hasc":"TH.KR.NK"},"geometry":{"type":"MultiPolygon","coordinates":[[[[98.9814,7.7758],[98.9828,7.7775],[98.9844,7.7764],[98.9822,7.7747],[98.9814,7.7758]]],[[[98.9901,7.8051],[98.9881,7.8071],[98.9888,7.8097],[98.9941,7.8057],[98.9901,7.8051]]],[[[98.9577,7.8565],[98.9755,7.8483],[98.9839,7.8034],[98.993,7.7954],[98.9869,7.7825],[98.9612,7.8209],[98.9353,7.8383],[98.9395,7.8536],[98.9577,7.8565]]],[[[98.9923,7.8179],[98.982,7.8295],[98.9911,7.8428],[98.9923,7.8179]]],[[[98.9966,7.7964],[98.9934,7.8014],[98.9953,7.8041],[98.9969,7.803],[98.9983,7.797],[98.9966,7.7964]]],[[[99.0408,7.8558],[99.0411,7.8589],[99.0419,7.8594],[99.0425,7.8572],[99.0408,7.8558]]],[[[99.014,7.8841],[99.0227,7.8838],[99.0404,7.8608],[99.0316,7.8412],[99.0228,7.8444],[99.0188,7.8362],[99.0022,7.8714],[99.0059,7.8837],[99.014,7.8841]]],[[[99.0434,7.8666],[99.0421,7.869],[99.0437,7.8702],[99.0493,7.8688],[99.0447,7.8656],[99.0434,7.8666]]],[[[99.0473,7.8778],[99.0482,7.8764],[99.042,7.8762],[99.0394,7.8786],[99.0467,7.8797],[99.0473,7.8778]]],[[[99.0169,7.8856],[99.0147,7.885],[99.0144,7.8861],[99.0164,7.8872],[99.0169,7.8856]]],[[[99.0003,7.9227],[99.01,7.9158],[99.0111,7.9022],[99.0025,7.9064],[99.0003,7.9227]]],[[[98.9986,7.9328],[98.994,7.9396],[99.0008,7.9385],[98.9986,7.9328]]],[[[98.982,7.8441],[98.9803,7.8469],[98.9812,7.8482],[98.9841,7.8488],[98.9865,7.8467],[98.9844,7.8438],[98.982,7.8441]]],[[[98.9468,7.883],[98.9463,7.8849],[98.9473,7.8863],[98.9492,7.8832],[98.9478,7.882],[98.9468,7.883]]],[[[98.9867,7.9275],[99.0004,7.8983],[98.9919,7.8808],[98.9914,7.8497],[98.9678,7.9217],[98.9867,7.9275]]],[[[98.9931,7.9631],[98.9957,7.9502],[98.9848,7.9511],[98.9921,7.9413],[98.9728,7.9323],[98.9425,7.9874],[98.9511,7.9969],[98.9644,7.985],[98.9806,7.9908],[98.9747,7.9947],[98.9642,7.9869],[98.9572,8.0],[98.9711,8.0569],[98.9816,8.0636],[98.9692,8.0565],[98.9543,8.0682],[98.9628,8.0742],[98.9676,8.0996],[98.9935,8.1199],[99.0125,8.1632],[99.0339,8.1569],[99.1363,8.1993],[99.1584,8.1792],[99.1236,8.1602],[99.1156,8.1313],[99.0916,8.1144],[99.1074,8.0863],[99.0899,8.0438],[99.0907,8.0321],[99.1003,8.0258],[99.0996,7.9579],[99.0828,7.9497],[99.0743,7.9774],[99.0791,7.9551],[99.0652,7.9394],[99.0565,7.9065],[99.0275,7.8893],[99.0156,7.9253],[98.9932,7.9421],[98.9931,7.9631]]],[[[99.0536,7.8816],[99.044,7.8828],[99.0564,7.895],[99.0536,7.8816]]],[[[99.0743,7.9147],[99.08,7.9155],[99.0806,7.9033],[99.0668,7.8769],[99.0595,7.8764],[99.065,7.9181],[99.0743,7.9147]]],[[[99.0818,7.9106],[99.0812,7.9133],[99.0823,7.9142],[99.0835,7.9105],[99.0828,7.9094],[99.0818,7.9106]]],[[[99.0691,7.9341],[99.0665,7.9365],[99.0671,7.9398],[99.0772,7.9496],[99.0783,7.9449],[99.0752,7.9366],[99.0725,7.9336],[99.0691,7.9341]]],[[[99.0825,7.9475],[99.0831,7.9488],[99.0858,7.9495],[99.0833,7.9452],[99.0825,7.9475]]],[[[99.0869,7.9459],[99.0857,7.9467],[99.0873,7.9496],[99.0967,7.9541],[99.0929,7.9502],[99.0922,7.947],[99.0869,7.9459]]],[[[99.0931,7.9477],[99.0951,7.9512],[99.1011,7.9564],[99.1016,7.9526],[99.0961,7.9473],[99.0935,7.9464],[99.0931,7.9477]]]]}},{"type":"Feature","properties":{"province":"Krabi","district":"PlaiPhraya","hasc":"TH.KR.PP"},"geometry":{"type":"MultiPolygon","coordinates":[[[[98.8539,8.4227],[98.819,8.4208],[98.8033,8.4409],[98.7796,8.4366],[98.7566,8.4555],[98.7673,8.4798],[98.7522,8.4965],[98.777,8.563],[98.7598,8.5648],[98.7349,8.5544],[98.698,8.5847],[98.7067,8.5964],[98.7032,8.6321],[98.7221,8.6297],[98.7476,8.6744],[98.7604,8.6722],[98.7954,8.6404],[98.8002,8.6553],[98.8436,8.6549],[98.8593,8.6266],[98.888,8.6181],[98.9352,8.5619],[98.9332,8.5419],[98.9501,8.4903],[98.9444,8.4599],[98.9258,8.4481],[98.925,8.4087],[98.9069,8.4063],[98.8886,8.4202],[98.8539,8.4227]]]]}},{"type":"Feature","properties":{"province":"Lampang","district":"ChaeHom","hasc":"TH.LG.CH"},"geometry":{"type":"MultiPolygon","coordinates":[[[[99.5708,18.5017],[99.5708,18.5016],[99.5716,18.5012],[99.5708,18.5017]]],[[[99.6138,18.5295],[99.6116,18.5118],[99.5867,18.515],[99.5784,18.5037],[99.5421,18.5007],[99.5303,18.4882],[99.5091,18.4951],[99.5015,18.5274],[99.5163,18.5441],[99.5219,18.5677],[99.5089,18.643],[99.5247,18.6758],[99.5404,18.7736],[99.5307,18.7973],[99.5404,18.8382],[99.5279,18.8575],[99.5174,18.8597],[99.5163,18.8705],[99.5444,18.8669],[99.5579,18.8748],[99.5467,18.9143],[99.5543,18.945],[99.5709,18.9455],[99.5895,18.927],[99.5944,18.9022],[99.6146,18.8964],[99.6161,18.9133],[99.6489,18.9336],[99.6435,18.9382],[99.6474,18.9517],[99.6625,18.9509],[99.6695,18.9732],[99.7072,18.9844],[99.7112,18.9765],[99.7294,18.9817],[99.7561,18.9762],[99.7556,18.9607],[99.7747,18.9351],[99.7715,18.9279],[99.7569,18.9263],[99.7722,18.9081],[99.7819,18.9103],[99.7903,18.9021],[99.7892,18.8839],[99.8021,18.8793],[99.8066,18.8479],[99.8062,18.8067],[99.7961,18.7956],[99.7973,18.7555],[99.7792,18.7384],[99.7787,18.7045],[99.7608,18.6759],[99.7695,18.6517],[99.7615,18.6434],[99.7694,18.6329],[99.7528,18.6128],[99.7298,18.6119],[99.7214,18.6028],[99.6852,18.6086],[99.6735,18.5952],[99.6622,18.5959],[99.6433,18.5781],[99.6335,18.5422],[99.6138,18.5295]]]]}},{"type":"Feature","properties":{"province":"Lampang","district":"HangChat","hasc":"TH.LG.HC"},"geometry":{"type":"MultiPolygon","coordinates":[[[[99.2765,18.242],[99.2543,18.2134],[99.2311,18.2089],[99.2191,18.189],[99.2101,18.1884],[99.1675,18.2201],[99.1606,18.2475],[99.1207,18.2982],[99.1276,18.312],[99.1535,18.3141],[99.1549,18.3284],[99.171,18.3461],[99.1687,18.3732],[99.1907,18.3863],[99.2005,18.4193],[99.2232,18.4286],[99.239,18.4471],[99.2434,18.4769],[99.2582,18.4933],[99.2843,18.4981],[99.3,18.4877],[99.3293,18.4987],[99.3721,18.4678],[99.3784,18.4383],[99.3702,18.4307],[99.373,18.4128],[99.398,18.3878],[99.4217,18.3781],[99.4255,18.3392],[99.4358,18.3203],[99.4146,18.269],[99.4018,18.2706],[99.3925,18.2591],[99.3784,18.263],[99.3768,18.277],[99.3272,18.2958],[99.2903,18.29],[99.2899,18.2573],[99.2765,18.242]]]]}},{"type":"Feature","properties":{"province":"Lampang","district":"KoKha","hasc":"TH.LG.KK"},"geometry":{"type":"MultiPolygon","coordinates":[[[[99.4232,18.221],[99.4348,18.2159],[99.4248,18.1465],[99.4356,18.1263],[99.4304,18.1058],[99.4418,18.0807],[99.4262,18.0497],[99.4313,18.0308],[99.4435,18.0311],[99.4437,18.0221],[99.4233,18.0052],[99.3613,18.0108],[99.355,17.9914],[99.309,17.9781],[99.2776,17.979],[99.2884,18.0032],[99.28,18.0188],[99.2916,18.0279],[99.2947,18.0445],[99.2791,18.0456],[99.2777,18.052],[99.3036,18.0857],[99.294,18.0923],[99.2952,18.1053],[99.278,18.1416],[99.265,18.141],[99.2191,18.189],[99.2271,18.2041],[99.2525,18.212],[99.2716,18.2315],[99.2896,18.2561],[99.2903,18.29],[99.3253,18.2959],[99.3768,18.277],[99.3784,18.263],[99.3897,18.2591],[99.4018,18.2706],[99.4146,18.269],[99.4103,18.243],[99.4232,18.221]]]]}},{"type":"Feature","properties":{"province":"Lampang","district":"MaeMo","hasc":"TH.LG.MM"},"geometry":{"type":"MultiPolygon","coordinates":[[[[99.8803,18.5236],[99.8972,18.527],[99.9004,18.5459],[99.9238,18.5503],[99.9348,18.5608],[100.0314,18.5447],[100.0582,18.5245],[100.0505,18.4948],[100.0257,18.4677],[100.0229,18.446],[100.0058,18.4432],[100.0157,18.4359],[100.0073,18.4083],[99.989,18.3903],[99.9677,18.3918],[99.9703,18.3831],[99.9564,18.3739],[99.9523,18.354],[99.9409,18.3492],[99.9379,18.3267],[99.909,18.2791],[99.8595,18.2821],[99.8521,18.2543],[99.8346,18.2345],[99.8183,18.2317],[99.7918,18.1905],[99.7142,18.239],[99.705,18.2528],[99.6355,18.2585],[99.6254,18.2535],[99.6226,18.2762],[99.6343,18.2898],[99.6355,18.3197],[99.6623,18.3425],[99.6802,18.3966],[99.7199,18.432],[99.7198,18.4433],[99.7459,18.4756],[99.7755,18.5446],[99.7624,18.5576],[99.7397,18.5548],[99.719,18.5762],[99.729,18.5967],[99.7261,18.6103],[99.7528,18.6128],[99.7655,18.6221],[99.7694,18.6329],[99.7615,18.6434],[99.7695,18.6517],[99.7608,18.6759],[99.7783,18.66],[99.8391,18.6592],[99.7951,18.5643],[99.8235,18.5442],[99.824,18.5079],[99.8315,18.5025],[99.8616,18.5263],[99.8707,18.5186],[99.8803,18.5236]]]]}},{"type":"Feature","properties":{"province":"Lampang","district":"MaePhrik","hasc":"TH.LG.MP"},"geometry":{"type":"MultiPolygon","coordinates":[[[[99.1735,17.5084],[99.1708,17.474],[99.1773,17.4658],[99.1704,17.4479],[99.1907,17.4413],[99.1921,17.4292],[99.207,17.4222],[99.2141,17.3901],[99.2089,17.3687],[99.1778,17.3467],[99.1757,17.3365],[99.1549,17.336],[99.1429,17.3589],[99.1147,17.3689],[99.1102,17.3568],[99.0891,17.3748],[99.0775,17.3708],[99.0587,17.386],[99.0492,17.3839],[99.0339,17.4085],[99.0132,17.4126],[99.0149,17.4205],[98.9813,17.4657],[98.9607,17.4613],[98.9573,17.4729],[98.9471,17.4672],[98.9331,17.4729],[98.9234,17.5117],[98.9276,17.5212],[98.9071,17.543],[98.9124,17.5798],[98.8894,17.5885],[98.8829,17.6247],[98.9071,17.6471],[99.0005,17.6342],[99.0203,17.6136],[99.0611,17.6099],[99.0762,17.5942],[99.0838,17.5986],[99.1248,17.5727],[99.1528,17.5655],[99.1824,17.531],[99.1709,17.5176],[99.1735,17.5084]]]]}},{"type":"Feature","properties":{"province":"Lampang","district":"MaeTha","hasc":"TH.LG.MT"},"geometry":{"type":"MultiPolygon","coordinates":[[[[99.4267,18.0077],[99.4445,18.0259],[99.432,18.0297],[99.4262,18.0497],[99.4418,18.0807],[99.4304,18.1058],[99.4356,18.1263],[99.4248,18.1465],[99.4375,18.2232],[99.4742,18.2143],[99.4879,18.1863],[99.531,18.2009],[99.5423,18.1928],[99.5563,18.1975],[99.5805,18.2132],[99.6031,18.2418],[99.632,18.258],[99.705,18.2528],[99.7142,18.239],[99.7918,18.1905],[99.7553,18.1393],[99.7624,18.1203],[99.7407,18.1069],[99.7208,18.0678],[99.6913,18.0628],[99.6934,18.0543],[99.6709,18.0403],[99.6591,18.0384],[99.6519,18.0548],[99.634,18.0608],[99.6203,18.0469],[99.5883,18.0344],[99.5952,18.0063],[99.5659,17.9893],[99.5591,17.9719],[99.5244,17.9555],[99.4891,17.9187],[99.4199,17.9491],[99.4173,17.9662],[99.4047,17.9773],[99.4232,17.9853],[99.4267,18.0077]]]]}},{"type":"Feature","properties":{"province":"Lampang","district":"MuangLampang","hasc":"TH.LG.LA"},"geometry":{"type":"MultiPolygon","coordinates":[[[[99.4176,18.2777],[99.4358,18.3203],[99.4255,18.3392],[99.4217,18.3781],[99.3777,18.4046],[99.3703,18.4292],[99.3784,18.4383],[99.3721,18.4678],[99.3211,18.5032],[99.3186,18.5309],[99.3282,18.5409],[99.3345,18.5743],[99.367,18.5803],[99.394,18.5735],[99.4131,18.5647],[99.4154,18.5482],[99.4408,18.5509],[99.4616,18.5268],[99.5002,18.5289],[99.5091,18.4951],[99.5303,18.4882],[99.5421,18.5007],[99.5784,18.5037],[99.5867,18.515],[99.6116,18.5118],[99.6148,18.5317],[99.6402,18.5536],[99.6433,18.5781],[99.6645,18.5974],[99.6735,18.5952],[99.6852,18.6086],[99.7272,18.6066],[99.7214,18.571],[99.7397,18.5548],[99.7624,18.5576],[99.7755,18.5446],[99.7459,18.4756],[99.7198,18.4433],[99.7199,18.432],[99.6802,18.3966],[99.6623,18.3425],[99.6355,18.3197],[99.6343,18.2898],[99.6226,18.2762],[99.6254,18.2535],[99.5563,18.1975],[99.5423,18.1928],[99.531,18.2009],[99.4879,18.1863],[99.4742,18.2143],[99.4416,18.2239],[99.429,18.219],[99.4146,18.2281],[99.4099,18.2497],[99.4176,18.2777]],[[99.5716,18.5012],[99.5708,18.5016],[99.5708,18.5017],[99.5716,18.5012]]]]}},{"type":"Feature","properties":{"province":"Lampang","district":"MueangPan","hasc":"TH.LG.PA"},"geometry":{"type":"MultiPolygon","coordinates":[[[[99.3541,18.5789],[99.3503,18.5905],[99.36,18.6052],[99.329,18.6192],[99.3337,18.647],[99.3503,18.6538],[99.329,18.683],[99.3495,18.7316],[99.3726,18.7521],[99.3722,18.7783],[99.3523,18.8348],[99.3537,18.8447],[99.3872,18.866],[99.3924,18.8837],[99.3799,18.9203],[99.3878,18.9411],[99.377,18.9578],[99.3756,18.9811],[99.3968,18.9962],[99.4379,19.006],[99.4669,19.0343],[99.4856,19.0685],[99.5193,19.0774],[99.5283,19.0742],[99.5286,19.0601],[99.5459,19.0598],[99.5508,19.0524],[99.53,19.0238],[99.5498,18.9695],[99.5645,18.9553],[99.5606,18.9435],[99.5537,18.9443],[99.5467,18.9143],[99.5576,18.8742],[99.5444,18.8669],[99.5161,18.8694],[99.5408,18.8356],[99.5307,18.7973],[99.5404,18.7736],[99.535,18.7326],[99.5247,18.6758],[99.5089,18.643],[99.5218,18.5689],[99.5186,18.5499],[99.5038,18.528],[99.4644,18.5261],[99.4408,18.5509],[99.4154,18.5482],[99.4136,18.5638],[99.4033,18.57],[99.3541,18.5789]]]]}},{"type":"Feature","properties":{"province":"Lampang","district":"Ngao","hasc":"TH.LG.NG"},"geometry":{"type":"MultiPolygon","coordinates":[[[[100.0466,18.5308],[100.0314,18.5447],[99.9309,18.5607],[99.9238,18.5503],[99.9004,18.5459],[99.8945,18.5251],[99.8707,18.5186],[99.8607,18.526],[99.8303,18.5023],[99.8219,18.5115],[99.8278,18.5266],[99.8235,18.5442],[99.7958,18.5621],[99.8392,18.6579],[99.7783,18.66],[99.7608,18.6759],[99.7787,18.7045],[99.7792,18.7384],[99.7973,18.7555],[99.7961,18.7956],[99.8065,18.8085],[99.8021,18.8793],[99.7892,18.8839],[99.7903,18.9021],[99.7819,18.9103],[99.7722,18.9081],[99.7569,18.9263],[99.7715,18.9279],[99.7747,18.9351],[99.7556,18.9607],[99.7626,18.9798],[99.7568,19.0044],[99.7677,19.0147],[99.7539,19.0448],[99.7751,19.0623],[99.7962,19.0515],[99.8201,19.0598],[99.8227,19.0431],[99.8345,19.0385],[99.8313,19.0089],[99.84,18.9995],[99.885,18.9978],[99.8913,18.9862],[99.9082,18.981],[99.9126,18.9862],[99.9283,18.9771],[99.9475,18.9401],[99.9763,18.9176],[100.0183,18.8943],[100.0355,18.9003],[100.072,18.8635],[100.0635,18.8326],[100.0685,18.8153],[100.09,18.8256],[100.1236,18.7963],[100.1273,18.7826],[100.1028,18.7495],[100.0984,18.7275],[100.113,18.6697],[100.1014,18.6275],[100.1218,18.599],[100.1118,18.5881],[100.1094,18.5589],[100.0923,18.5711],[100.0775,18.5589],[100.0645,18.5592],[100.0572,18.5554],[100.053,18.5313],[100.0466,18.5308]]]]}},{"type":"Feature","properties":{"province":"Lampang","district":"SoemNgam","hasc":"TH.LG.SN"},"geometry":{"type":"MultiPolygon","coordinates":[[[[99.2796,17.9894],[99.2726,17.9819],[99.2578,17.9872],[99.2492,17.9744],[99.2005,17.9549],[99.2139,17.9301],[99.2157,17.9112],[99.2076,17.8974],[99.2124,17.8833],[99.1923,17.8794],[99.1845,17.859],[99.1479,17.8969],[99.1482,17.9094],[99.1077,17.9116],[99.1168,17.9447],[99.1033,17.9459],[99.096,17.9556],[99.1024,17.9991],[99.0718,18.0611],[99.0662,18.1391],[99.0533,18.1591],[99.0583,18.1731],[99.0388,18.198],[99.0226,18.2384],[99.0197,18.2512],[99.0307,18.2634],[99.0818,18.2672],[99.0932,18.2784],[99.1137,18.2652],[99.1207,18.2963],[99.144,18.273],[99.1662,18.2223],[99.1847,18.2012],[99.2244,18.1865],[99.265,18.141],[99.2764,18.1433],[99.304,18.0817],[99.2777,18.052],[99.2791,18.0456],[99.2947,18.0445],[99.2916,18.0279],[99.28,18.0188],[99.2884,18.0032],[99.2796,17.9894]]]]}},{"type":"Feature","properties":{"province":"Lampang","district":"SopPrap","hasc":"TH.LG.SP"},"geometry":{"type":"MultiPolygon","coordinates":[[[[99.4453,17.9389],[99.4852,17.9179],[99.477,17.8927],[99.423,17.8486],[99.4139,17.8236],[99.3954,17.8141],[99.3782,17.7794],[99.3617,17.767],[99.3504,17.7731],[99.3252,17.7635],[99.3111,17.7754],[99.3127,17.7835],[99.2847,17.7962],[99.2721,17.818],[99.2299,17.8486],[99.2273,17.8747],[99.2078,17.8948],[99.2139,17.9301],[99.2003,17.954],[99.2098,17.9634],[99.2492,17.9744],[99.2578,17.9872],[99.2846,17.976],[99.309,17.9781],[99.3568,17.9922],[99.3596,18.0098],[99.3786,18.0128],[99.4233,18.0052],[99.4232,17.9853],[99.4056,17.9785],[99.4053,17.972],[99.4173,17.9662],[99.4199,17.9491],[99.4453,17.9389]]]]}},{"type":"Feature","properties":{"province":"Lampang","district":"Thoen","hasc":"TH.LG.TH"},"geometry":{"type":"MultiPolygon","coordinates":[[[[99.4171,17.5771],[99.4166,17.569],[99.4368,17.5619],[99.4322,17.5467],[99.4406,17.5271],[99.4223,17.517],[99.4207,17.4857],[99.4075,17.4689],[99.4217,17.4412],[99.4437,17.4335],[99.4406,17.4192],[99.4314,17.4163],[99.4309,17.3909],[99.4429,17.3877],[99.4575,17.3666],[99.4711,17.3663],[99.4791,17.327],[99.4562,17.3074],[99.4571,17.2526],[99.4421,17.2499],[99.4408,17.2285],[99.4195,17.2243],[99.4207,17.217],[99.4013,17.2186],[99.3978,17.2068],[99.3744,17.2113],[99.3597,17.2468],[99.3416,17.2657],[99.3042,17.2717],[99.2979,17.3013],[99.2725,17.3477],[99.2714,17.3989],[99.2283,17.4041],[99.2141,17.3901],[99.207,17.4222],[99.1921,17.4292],[99.1907,17.4413],[99.1704,17.4479],[99.1773,17.4658],[99.1708,17.474],[99.1709,17.5176],[99.1825,17.5302],[99.1658,17.5547],[99.0517,17.6114],[99.0651,17.6426],[99.0657,17.6905],[99.0888,17.7024],[99.0866,17.7358],[99.1054,17.739],[99.1133,17.7658],[99.1267,17.7704],[99.1052,17.8111],[99.1367,17.8193],[99.1611,17.8066],[99.1755,17.8088],[99.1621,17.8448],[99.1837,17.8476],[99.1923,17.8794],[99.2107,17.8801],[99.2173,17.888],[99.2277,17.8737],[99.2299,17.8486],[99.2721,17.818],[99.2847,17.7962],[99.3127,17.7835],[99.3111,17.7754],[99.3252,17.7635],[99.3504,17.7731],[99.373,17.7699],[99.3867,17.7537],[99.3818,17.7425],[99.4005,17.7348],[99.4182,17.7042],[99.4509,17.7076],[99.4617,17.7308],[99.4736,17.7366],[99.4796,17.7227],[99.4717,17.689],[99.4778,17.6757],[99.4491,17.6431],[99.4551,17.5974],[99.4418,17.6079],[99.4277,17.6075],[99.4171,17.5771]]]]}},{"type":"Feature","properties":{"province":"Lampang","district":"WangNua","hasc":"TH.LG.WN"},"geometry":{"type":"MultiPolygon","coordinates":[[[[99.6177,18.9023],[99.6146,18.8964],[99.5944,18.9022],[99.5895,18.927],[99.5616,18.9471],[99.5637,18.9617],[99.5508,18.9675],[99.53,19.0238],[99.5511,19.0514],[99.5459,19.0598],[99.5286,19.0601],[99.5266,19.0682],[99.5412,19.0835],[99.5396,19.1081],[99.5615,19.136],[99.5513,19.1551],[99.5378,19.1603],[99.5495,19.2507],[99.5608,19.2563],[99.582,19.3089],[99.5772,19.326],[99.5829,19.3362],[99.5746,19.3446],[99.5827,19.3519],[99.5775,19.3873],[99.5648,19.4026],[99.5671,19.416],[99.6328,19.3819],[99.6781,19.3903],[99.6976,19.3788],[99.6942,19.3578],[99.7099,19.3384],[99.6996,19.3045],[99.7053,19.2426],[99.7309,19.179],[99.728,19.1676],[99.7596,19.1322],[99.7648,19.0893],[99.7758,19.0745],[99.7751,19.0623],[99.7539,19.0448],[99.7676,19.0157],[99.7568,19.0044],[99.7611,18.9764],[99.7294,18.9817],[99.7112,18.9765],[99.7072,18.9844],[99.6695,18.9732],[99.6625,18.9509],[99.6474,18.9517],[99.6435,18.9382],[99.6489,18.9336],[99.6161,18.9133],[99.6177,18.9023]]]]}},{"type":"Feature","properties":{"province":"Lamphun","district":"BanHong","hasc":"TH.LN.BH"},"geometry":{"type":"MultiPolygon","coordinates":[[[[98.785,18.18],[98.7866,18.2145],[98.7745,18.2291],[98.7785,18.2437],[98.7724,18.2542],[98.6667,18.3005],[98.6767,18.3125],[98.6746,18.3255],[98.7053,18.3336],[98.6826,18.3671],[98.6914,18.3894],[98.7173,18.3835],[98.7496,18.4045],[98.7955,18.4059],[98.815,18.3692],[98.839,18.3525],[98.8709,18.3433],[98.8727,18.3056],[98.9009,18.3004],[98.9079,18.291],[98.9063,18.273],[98.9655,18.2788],[98.9677,18.2635],[98.9499,18.2565],[98.9448,18.2453],[98.9664,18.2389],[98.9784,18.203],[98.9933,18.1863],[98.9887,18.1664],[98.977,18.1623],[98.9594,18.1701],[98.9538,18.1533],[98.93,18.1412],[98.9007,18.1471],[98.8276,18.1303],[98.8079,18.1359],[98.805,18.1558],[98.7934,18.1599],[98.785,18.18]]]]}},{"type":"Feature","properties":{"province":"Lamphun","district":"BanThi","hasc":"TH.LN.BT"},"geometry":{"type":"MultiPolygon","coordinates":[[[[99.234,18.6509],[99.2371,18.6156],[99.2235,18.5985],[99.2123,18.5971],[99.1992,18.6104],[99.1683,18.6165],[99.1422,18.6338],[99.1257,18.6286],[99.0856,18.6403],[99.0656,18.6277],[99.0539,18.6297],[99.0741,18.6771],[99.1252,18.6811],[99.1375,18.6993],[99.1574,18.7081],[99.1895,18.7052],[99.1906,18.6775],[99.2086,18.6575],[99.234,18.6509]]]]}},{"type":"Feature","properties":{"province":"Lamphun","district":"K.WiangNongLong","hasc":"TH.LN.WN"},"geometry":{"type":"MultiPolygon","coordinates":[[[[98.6977,18.4104],[98.6952,18.4171],[98.7118,18.4398],[98.7206,18.4323],[98.7286,18.444],[98.7452,18.4297],[98.767,18.4332],[98.7743,18.4434],[98.8009,18.4268],[98.8133,18.3938],[98.824,18.3874],[98.815,18.3692],[98.8017,18.4003],[98.7822,18.4079],[98.7496,18.4045],[98.7125,18.3833],[98.6914,18.3894],[98.7097,18.4096],[98.6977,18.4104]]]]}},{"type":"Feature","properties":{"province":"Lamphun","district":"Li","hasc":"TH.LN.LI"},"geometry":{"type":"MultiPolygon","coordinates":[[[[99.0337,17.6124],[99.0203,17.6136],[99.0005,17.6342],[98.9071,17.6471],[98.8829,17.6247],[98.881,17.6089],[98.8904,17.5872],[98.9121,17.5804],[98.9062,17.561],[98.9121,17.5344],[98.8839,17.509],[98.8814,17.49],[98.8597,17.5101],[98.8318,17.5135],[98.817,17.4988],[98.7978,17.4984],[98.7616,17.4809],[98.7516,17.467],[98.7186,17.4629],[98.6916,17.423],[98.6839,17.4597],[98.7061,17.4841],[98.707,17.5],[98.6978,17.513],[98.7034,17.554],[98.6945,17.5855],[98.6836,17.5955],[98.6933,17.6292],[98.6851,17.6635],[98.7244,17.6744],[98.7471,17.691],[98.7409,17.7067],[98.7262,17.7148],[98.7251,17.7262],[98.7049,17.7418],[98.706,17.7594],[98.6866,17.7894],[98.7274,17.7922],[98.7427,17.8032],[98.7641,17.8003],[98.7848,17.831],[98.7963,17.8213],[98.8002,17.7954],[98.8228,17.7954],[98.8565,17.8124],[98.8552,17.8467],[98.863,17.8542],[98.8726,17.8486],[98.8419,17.9637],[98.8333,17.9721],[98.835,17.9868],[98.8092,18.0069],[98.779,18.0014],[98.7947,18.0279],[98.7989,18.0561],[98.8149,18.0777],[98.7995,18.0859],[98.8105,18.1105],[98.8083,18.1364],[98.8276,18.1303],[98.9007,18.1471],[98.9268,18.1404],[98.9538,18.1533],[98.9594,18.1701],[98.9809,18.1397],[98.9767,18.1114],[98.9828,18.0855],[98.9711,18.0736],[98.9972,18.0436],[98.9901,17.9958],[99.0133,17.948],[99.0171,17.8864],[99.035,17.8641],[99.0266,17.8469],[99.0448,17.8416],[99.0584,17.813],[99.1049,17.8106],[99.1267,17.7704],[99.1133,17.7658],[99.1054,17.739],[99.0875,17.7374],[99.0888,17.7024],[99.0672,17.6921],[99.0632,17.681],[99.0604,17.6251],[99.0505,17.6106],[99.0337,17.6124]]]]}},{"type":"Feature","properties":{"province":"Lamphun","district":"MaeTha","hasc":"TH.LN.MT"},"geometry":{"type":"MultiPolygon","coordinates":[[[[99.0304,18.2615],[99.0197,18.2512],[99.0386,18.1987],[99.031,18.1892],[99.036,18.1728],[99.024,18.1606],[98.9891,18.1707],[98.9933,18.1863],[98.9784,18.203],[98.9664,18.2389],[98.9448,18.2453],[98.9699,18.2676],[98.9612,18.2859],[98.9369,18.2968],[98.923,18.3331],[98.9335,18.3509],[98.9299,18.3608],[98.9435,18.3719],[98.9339,18.3898],[98.944,18.3965],[98.9442,18.4269],[98.9955,18.4325],[99.0103,18.4625],[99.0275,18.4489],[99.0576,18.4431],[99.0854,18.4791],[99.1067,18.4781],[99.1256,18.4944],[99.1662,18.491],[99.2044,18.5325],[99.2276,18.5874],[99.2638,18.5702],[99.297,18.5364],[99.3186,18.5309],[99.3225,18.4993],[99.3,18.4877],[99.2843,18.4981],[99.259,18.4938],[99.2443,18.4783],[99.239,18.4471],[99.2232,18.4286],[99.2005,18.4193],[99.1907,18.3863],[99.1687,18.3732],[99.171,18.3461],[99.1549,18.3284],[99.1535,18.3141],[99.1239,18.3095],[99.1244,18.299],[99.1147,18.2921],[99.1161,18.2673],[99.1073,18.2641],[99.0909,18.2783],[99.0818,18.2672],[99.0643,18.2709],[99.0304,18.2615]]]]}},{"type":"Feature","properties":{"province":"Lamphun","district":"MuangLamphun","hasc":"TH.LN.LA"},"geometry":{"type":"MultiPolygon","coordinates":[[[[98.9847,18.4293],[98.9489,18.4305],[98.9578,18.4767],[98.9452,18.4954],[98.9446,18.5336],[98.9345,18.5527],[98.9709,18.6013],[98.9672,18.6138],[98.9793,18.6337],[99.0064,18.6427],[99.0133,18.6719],[99.0534,18.6664],[99.0741,18.6771],[99.0565,18.6285],[99.0849,18.6403],[99.1257,18.6286],[99.1422,18.6338],[99.1683,18.6165],[99.1992,18.6104],[99.2116,18.5971],[99.2235,18.5985],[99.2204,18.5906],[99.2276,18.5874],[99.2151,18.5702],[99.2072,18.5369],[99.1662,18.491],[99.1256,18.4944],[99.1067,18.4781],[99.0854,18.4791],[99.0576,18.4431],[99.0474,18.4501],[99.0289,18.4484],[99.0087,18.462],[98.997,18.4336],[98.9847,18.4293]]]]}},{"type":"Feature","properties":{"province":"Lamphun","district":"PaSang","hasc":"TH.LN.PS"},"geometry":{"type":"MultiPolygon","coordinates":[[[[98.8738,18.3087],[98.8717,18.3423],[98.815,18.3692],[98.824,18.3874],[98.8133,18.3938],[98.8009,18.4268],[98.7743,18.4434],[98.8152,18.4613],[98.8419,18.4864],[98.8494,18.5053],[98.8579,18.4981],[98.8693,18.513],[98.8831,18.5094],[98.9157,18.5328],[98.9413,18.5403],[98.9452,18.4954],[98.9579,18.476],[98.9506,18.4627],[98.9524,18.4351],[98.94,18.4207],[98.944,18.3965],[98.9339,18.3898],[98.9435,18.3719],[98.9299,18.3608],[98.9335,18.3509],[98.923,18.3331],[98.9369,18.2968],[98.9649,18.2794],[98.9072,18.2725],[98.9015,18.2998],[98.8837,18.2998],[98.8738,18.3087]]]]}},{"type":"Feature","properties":{"province":"Lamphun","district":"ThungHuaChang","hasc":"TH.LN.TH"},"geometry":{"type":"MultiPolygon","coordinates":[[[[99.0968,17.9735],[99.0986,17.9492],[99.1168,17.9447],[99.1077,17.9116],[99.1482,17.9094],[99.1479,17.8969],[99.1851,17.8582],[99.1837,17.8476],[99.1619,17.8442],[99.1761,17.8099],[99.1611,17.8066],[99.1367,17.8193],[99.1049,17.8106],[99.0635,17.8117],[99.0468,17.8288],[99.0448,17.8416],[99.027,17.8462],[99.035,17.8641],[99.0171,17.8864],[99.0133,17.948],[98.9901,17.9958],[98.9972,18.0436],[98.9711,18.0736],[98.9828,18.0855],[98.9767,18.1114],[98.9815,18.1376],[98.9628,18.1694],[98.9776,18.1623],[98.9961,18.17],[99.024,18.1606],[99.036,18.1728],[99.0319,18.1915],[99.0386,18.1987],[99.0456,18.194],[99.0583,18.1731],[99.0533,18.1591],[99.0662,18.1391],[99.0718,18.0611],[99.1024,17.9991],[99.0968,17.9735]]]]}},{"type":"Feature","properties":{"province":"Loei","district":"ChiangKhan","hasc":"TH.LE.CK"},"geometry":{"type":"MultiPolygon","coordinates":[[[[101.6858,17.7229],[101.6397,17.7266],[101.6319,17.7143],[101.6055,17.7087],[101.6062,17.6931],[101.595,17.6864],[101.5755,17.7381],[101.525,17.7696],[101.5437,17.7743],[101.5547,17.7878],[101.5809,17.7839],[101.5744,17.8015],[101.5543,17.812],[101.5797,17.867],[101.5955,17.8472],[101.6104,17.8594],[101.6249,17.8917],[101.6981,17.9105],[101.7139,17.9005],[101.7364,17.9192],[101.733,17.9481],[101.7602,18.0303],[101.7806,18.0641],[101.7824,18.0518],[101.7979,18.0461],[101.7944,18.0232],[101.8044,18.0205],[101.811,18.0043],[101.8311,18.0049],[101.8338,17.9612],[101.852,17.9494],[101.8427,17.9051],[101.8561,17.8876],[101.8407,17.8644],[101.8558,17.8441],[101.8515,17.8262],[101.8625,17.8067],[101.8584,17.7859],[101.8673,17.764],[101.8862,17.7628],[101.8759,17.7559],[101.8805,17.7434],[101.9038,17.727],[101.8763,17.7219],[101.8599,17.6983],[101.8254,17.6809],[101.7922,17.6899],[101.7346,17.688],[101.7248,17.7055],[101.7139,17.7054],[101.7082,17.726],[101.7034,17.7184],[101.6858,17.7229]]]]}},{"type":"Feature","properties":{"province":"Loei","district":"DanSai","hasc":"TH.LE.DS"},"geometry":{"type":"MultiPolygon","coordinates":[[[[101.2286,17.1273],[101.1994,17.118],[101.206,17.1039],[101.2021,17.0899],[101.1721,17.0522],[101.1696,17.0377],[101.1387,17.0311],[101.1166,17.0164],[101.1113,16.9988],[101.1168,16.9348],[101.1051,16.8968],[101.0953,16.8919],[101.0704,16.9027],[101.0711,16.9247],[101.0352,16.9304],[101.0289,16.9448],[101.0521,16.9574],[101.0417,16.9886],[101.0596,17.0272],[101.0519,17.0771],[101.0615,17.0849],[101.0639,17.1131],[101.0709,17.1147],[101.0799,17.1378],[101.0784,17.1768],[101.1109,17.2223],[101.1103,17.2343],[101.0842,17.2721],[101.1166,17.3027],[101.1238,17.3241],[101.1185,17.3745],[101.1062,17.389],[101.1161,17.4216],[101.1109,17.4789],[101.1368,17.4826],[101.133,17.4721],[101.1666,17.4668],[101.1726,17.4912],[101.1883,17.4949],[101.1861,17.5239],[101.2245,17.5316],[101.2415,17.5217],[101.2336,17.5107],[101.2658,17.4912],[101.2724,17.4514],[101.2575,17.439],[101.28,17.4216],[101.27,17.4156],[101.2789,17.3972],[101.2701,17.376],[101.2975,17.3509],[101.284,17.3401],[101.2775,17.3161],[101.2942,17.3065],[101.337,17.3072],[101.3658,17.2908],[101.3867,17.2582],[101.4123,17.2614],[101.4213,17.2304],[101.4199,17.2013],[101.455,17.1816],[101.448,17.1463],[101.4622,17.1229],[101.4581,17.0869],[101.4397,17.0717],[101.4052,17.0923],[101.3881,17.0786],[101.3747,17.0883],[101.3432,17.0856],[101.3305,17.0704],[101.3124,17.092],[101.2831,17.0824],[101.2798,17.0935],[101.2618,17.0884],[101.2286,17.1273]]]]}},{"type":"Feature","properties":{"province":"Loei","district":"K.Erawan","hasc":"TH.LE.ER"},"geometry":{"type":"MultiPolygon","coordinates":[[[[101.8536,17.4061],[101.8829,17.4181],[101.9693,17.3939],[101.9914,17.4017],[102.0198,17.3723],[102.0153,17.3565],[102.0223,17.3399],[101.9992,17.331],[101.9923,17.3115],[102.0163,17.2867],[102.0161,17.2776],[102.0289,17.2784],[102.0366,17.2599],[102.0549,17.2488],[102.0701,17.2537],[102.0611,17.2316],[102.0763,17.2098],[102.0572,17.203],[102.0091,17.215],[101.9987,17.2028],[102.0794,17.1875],[102.0503,17.1683],[102.047,17.1539],[102.0232,17.166],[102.0225,17.1312],[102.0077,17.1463],[101.968,17.1586],[101.9439,17.2106],[101.956,17.2365],[101.9431,17.2871],[101.9212,17.3241],[101.9003,17.3205],[101.8756,17.379],[101.8536,17.4061]]]]}},{"type":"Feature","properties":{"province":"Loei","district":"K.NongHin","hasc":"TH.LE.NO"},"geometry":{"type":"MultiPolygon","coordinates":[[[[101.9142,17.1317],[101.9126,17.0084],[101.9314,16.9998],[101.923,16.9911],[101.8914,16.9886],[101.8801,16.9795],[101.8422,17.0225],[101.809,17.0274],[101.7842,17.043],[101.7111,17.0067],[101.7178,17.0574],[101.7299,17.0534],[101.7343,17.0609],[101.7299,17.0777],[101.7371,17.1093],[101.7485,17.1278],[101.7646,17.1077],[101.77,17.124],[101.7596,17.1436],[101.7837,17.1627],[101.8005,17.1943],[101.8304,17.1733],[101.835,17.1597],[101.8283,17.155],[101.8375,17.145],[101.8473,17.1491],[101.8569,17.1379],[101.8942,17.1442],[101.9142,17.1317]]]]}},{"type":"Feature","properties":{"province":"Loei","district":"MuangLoei","hasc":"TH.LE.LO"},"geometry":{"type":"MultiPolygon","coordinates":[[[[101.8789,17.418],[101.8186,17.3842],[101.7989,17.3525],[101.7679,17.3481],[101.7655,17.38],[101.7284,17.3876],[101.6637,17.3687],[101.6567,17.3785],[101.6418,17.3563],[101.5775,17.4167],[101.5683,17.4424],[101.5514,17.4488],[101.5375,17.4386],[101.525,17.451],[101.5162,17.4609],[101.5144,17.4848],[101.4997,17.4969],[101.5172,17.5334],[101.5493,17.5485],[101.5356,17.5572],[101.5418,17.5858],[101.5788,17.6298],[101.5813,17.6587],[101.5922,17.6663],[101.595,17.6864],[101.6062,17.6931],[101.6055,17.7087],[101.6319,17.7143],[101.6419,17.7274],[101.6978,17.7246],[101.7029,17.7184],[101.7074,17.7264],[101.7139,17.7054],[101.7248,17.7055],[101.7346,17.688],[101.7922,17.6899],[101.8263,17.6809],[101.8599,17.6983],[101.8763,17.7219],[101.9017,17.7265],[101.9016,17.7035],[101.9138,17.6969],[101.9085,17.6756],[101.9183,17.661],[101.9102,17.6374],[101.8966,17.628],[101.9013,17.6124],[101.8819,17.606],[101.87,17.5899],[101.8748,17.5761],[101.8995,17.5555],[101.8856,17.5375],[101.8945,17.5207],[101.8796,17.5007],[101.8781,17.4722],[101.8912,17.4452],[101.8789,17.418]]]]}},{"type":"Feature","properties":{"province":"Loei","district":"NaDuang","hasc":"TH.LE.ND"},"geometry":{"type":"MultiPolygon","coordinates":[[[[101.9907,17.401],[101.9693,17.3939],[101.8808,17.418],[101.8912,17.4452],[101.8781,17.4722],[101.8796,17.5007],[101.8945,17.5207],[101.8856,17.5375],[101.8995,17.5555],[101.8748,17.5761],[101.8701,17.5906],[101.8819,17.606],[101.9013,17.6124],[101.8965,17.6276],[101.9102,17.6374],[101.9125,17.6514],[101.9512,17.6792],[101.9659,17.6604],[102.024,17.6359],[102.0327,17.6351],[102.0399,17.6492],[102.058,17.656],[102.0809,17.6444],[102.1095,17.6078],[102.124,17.5675],[102.1393,17.5555],[102.1433,17.5286],[102.1387,17.5074],[102.1301,17.5062],[102.1301,17.4901],[102.0943,17.4642],[102.0541,17.4485],[102.0338,17.4581],[101.9932,17.4573],[101.9866,17.435],[101.9944,17.4195],[101.9836,17.4103],[101.9907,17.401]]]]}},{"type":"Feature","properties":{"province":"Loei","district":"NaHaeo","hasc":"TH.LE.NH"},"geometry":{"type":"MultiPolygon","coordinates":[[[[101.12,17.312],[101.0858,17.2774],[101.0575,17.2784],[101.0283,17.3078],[101.0136,17.3121],[101.0088,17.3301],[100.9937,17.3386],[100.9562,17.3324],[100.917,17.34],[100.9146,17.3751],[100.9256,17.4173],[100.9163,17.4325],[100.9173,17.4491],[100.8958,17.4626],[100.8777,17.4481],[100.8586,17.4493],[100.836,17.4658],[100.8455,17.5004],[100.8746,17.5276],[100.8628,17.5457],[100.8825,17.5829],[100.9051,17.5916],[100.9296,17.5678],[100.9658,17.5726],[101.0058,17.5538],[101.0253,17.5552],[101.0415,17.539],[101.047,17.5428],[101.0488,17.527],[101.062,17.5247],[101.0632,17.5097],[101.0819,17.5001],[101.1043,17.5064],[101.0955,17.4937],[101.1084,17.4901],[101.1145,17.4755],[101.1091,17.4621],[101.1161,17.4212],[101.1062,17.389],[101.1185,17.3745],[101.12,17.312]]]]}},{"type":"Feature","properties":{"province":"Loei","district":"PakChom","hasc":"TH.LE.PC"},"geometry":{"type":"MultiPolygon","coordinates":[[[[101.8789,17.7506],[101.8764,17.7571],[101.8862,17.7628],[101.8662,17.7654],[101.8578,17.7909],[101.8624,17.8071],[101.8516,17.8253],[101.8558,17.8441],[101.8407,17.8644],[101.8561,17.8876],[101.8427,17.9051],[101.852,17.9494],[101.8338,17.9612],[101.8311,18.0049],[101.811,18.0043],[101.8044,18.0205],[101.7944,18.0232],[101.7979,18.0461],[101.7824,18.0518],[101.7806,18.0641],[101.7872,18.0694],[101.8284,18.0551],[101.8781,18.027],[101.9075,18.0281],[101.9587,18.0954],[102.0296,18.1478],[102.0479,18.1958],[102.0898,18.2178],[102.1087,18.2115],[102.1045,18.1598],[102.0891,18.1578],[102.0708,18.1406],[102.0562,18.0759],[102.0585,18.0375],[102.0413,18.0205],[102.0449,17.9871],[102.0291,17.9891],[102.0206,17.9804],[102.0278,17.9734],[102.0401,17.8825],[102.053,17.8669],[102.0525,17.8305],[102.0376,17.8036],[102.0467,17.787],[102.031,17.7831],[102.0182,17.7463],[102.0394,17.643],[102.0327,17.6351],[101.9981,17.6447],[101.9802,17.6596],[101.9655,17.6607],[101.9512,17.6792],[101.9125,17.6514],[101.9183,17.6615],[101.9085,17.6756],[101.9137,17.6974],[101.9016,17.7035],[101.9037,17.7275],[101.8789,17.7506]]]]}},{"type":"Feature","properties":{"province":"Loei","district":"PhaKhao","hasc":"TH.LE.PH"},"geometry":{"type":"MultiPolygon","coordinates":[[[[102.1091,17.0607],[102.1211,17.0559],[102.1291,17.0403],[102.1548,17.029],[102.1426,17.0113],[102.0988,17.002],[102.0977,16.9853],[102.0739,16.9627],[102.0611,16.9653],[102.0497,16.984],[102.0238,16.9784],[102.0116,16.9798],[102.0087,16.9879],[101.9985,16.9691],[101.9865,16.9666],[101.9704,17.013],[101.9648,17.0054],[101.9462,17.0103],[101.9314,16.9998],[101.9128,17.0071],[101.9137,17.1309],[101.9347,17.139],[101.9665,17.1376],[101.9839,17.152],[102.0046,17.1476],[102.0235,17.1296],[102.0926,17.1094],[102.1091,17.0607]]]]}},{"type":"Feature","properties":{"province":"Loei","district":"PhuKradung","hasc":"TH.LE.PK"},"geometry":{"type":"MultiPolygon","coordinates":[[[[101.9271,16.8284],[101.9066,16.8127],[101.8794,16.8078],[101.8633,16.789],[101.7757,16.7576],[101.726,16.7517],[101.6877,16.7954],[101.7023,16.8061],[101.7201,16.7971],[101.7226,16.8047],[101.6793,16.8589],[101.6908,16.934],[101.6782,16.9381],[101.6736,16.9569],[101.6889,16.9621],[101.7095,16.9853],[101.7111,17.0067],[101.7828,17.0431],[101.809,17.0274],[101.8422,17.0225],[101.8801,16.9795],[101.8914,16.9886],[101.923,16.9911],[101.9457,17.0101],[101.9643,17.0054],[101.9699,17.0131],[101.9865,16.9666],[101.9985,16.9691],[102.0045,16.9871],[102.0243,16.9783],[102.0505,16.9835],[102.0611,16.9653],[102.0326,16.949],[102.0479,16.9058],[102.0706,16.8917],[102.0581,16.8748],[102.0626,16.8701],[102.0473,16.8669],[102.0422,16.8571],[102.0128,16.869],[102.0018,16.8588],[102.0081,16.8539],[101.9969,16.8386],[101.9462,16.8513],[101.9508,16.8395],[101.9271,16.8284]]]]}},{"type":"Feature","properties":{"province":"Loei","district":"PhuLuang","hasc":"TH.LE.PL"},"geometry":{"type":"MultiPolygon","coordinates":[[[[101.7178,17.0574],[101.7085,17.0183],[101.7113,16.9879],[101.6889,16.9621],[101.6739,16.9573],[101.6772,16.9747],[101.6467,17.028],[101.6508,17.0385],[101.6308,17.0432],[101.6103,16.9989],[101.5695,16.9845],[101.5519,16.9939],[101.5363,17.0209],[101.5332,17.052],[101.5107,17.0561],[101.4885,17.0748],[101.5212,17.0842],[101.539,17.1105],[101.538,17.1346],[101.5266,17.142],[101.5477,17.1721],[101.5898,17.1765],[101.6088,17.1651],[101.6337,17.1716],[101.6499,17.192],[101.6848,17.1838],[101.694,17.1861],[101.6975,17.1995],[101.7339,17.2017],[101.7503,17.1823],[101.7894,17.174],[101.7596,17.1436],[101.77,17.124],[101.7649,17.1081],[101.7481,17.1276],[101.7299,17.0781],[101.733,17.0566],[101.7178,17.0574]]]]}},{"type":"Feature","properties":{"province":"Loei","district":"PhuRua","hasc":"TH.LE.PR"},"geometry":{"type":"MultiPolygon","coordinates":[[[[101.3958,17.2573],[101.3864,17.2585],[101.3648,17.2917],[101.337,17.3072],[101.2942,17.3065],[101.2775,17.3161],[101.284,17.3401],[101.2975,17.3509],[101.2701,17.376],[101.2789,17.3972],[101.27,17.4156],[101.28,17.4216],[101.2575,17.439],[101.2724,17.4514],[101.2658,17.4912],[101.2336,17.5107],[101.2415,17.5217],[101.2245,17.5316],[101.2346,17.5342],[101.2475,17.5563],[101.3159,17.5336],[101.3759,17.486],[101.4311,17.4815],[101.4493,17.4703],[101.4889,17.5101],[101.5144,17.4848],[101.5162,17.4609],[101.5375,17.4386],[101.5201,17.418],[101.5259,17.3929],[101.51,17.3632],[101.5386,17.3153],[101.5284,17.2968],[101.5366,17.2553],[101.5331,17.2078],[101.5119,17.1833],[101.5065,17.1609],[101.513,17.1514],[101.5083,17.1455],[101.5362,17.1373],[101.5404,17.1241],[101.5212,17.0842],[101.4838,17.07],[101.4721,17.0911],[101.4585,17.0903],[101.4624,17.1224],[101.448,17.1467],[101.455,17.1816],[101.4199,17.2013],[101.4213,17.2304],[101.4123,17.2614],[101.3958,17.2573]]]]}},{"type":"Feature","properties":{"province":"Loei","district":"ThaLi","hasc":"TH.LE.TL"},"geometry":{"type":"MultiPolygon","coordinates":[[[[101.5417,17.5854],[101.5356,17.5572],[101.5484,17.5515],[101.5464,17.5442],[101.5172,17.5334],[101.5009,17.4972],[101.4889,17.5101],[101.4493,17.4703],[101.4321,17.4813],[101.3696,17.488],[101.3159,17.5336],[101.2475,17.5563],[101.2728,17.6038],[101.3131,17.6329],[101.3158,17.6493],[101.3579,17.6618],[101.3904,17.6943],[101.4079,17.6807],[101.4136,17.7],[101.4368,17.7142],[101.4082,17.7239],[101.4094,17.7328],[101.4481,17.7267],[101.4837,17.7583],[101.4771,17.746],[101.4932,17.7431],[101.4865,17.7251],[101.4928,17.7224],[101.5078,17.755],[101.525,17.7696],[101.5755,17.7381],[101.595,17.6864],[101.5922,17.6663],[101.5812,17.6583],[101.5788,17.6298],[101.5417,17.5854]]]]}},{"type":"Feature","properties":{"province":"Loei","district":"WangSaphung","hasc":"TH.LE.WS"},"geometry":{"type":"MultiPolygon","coordinates":[[[[101.7989,17.1922],[101.79,17.1785],[101.774,17.1748],[101.749,17.183],[101.7339,17.2017],[101.6975,17.1995],[101.694,17.1861],[101.6848,17.1838],[101.6503,17.1921],[101.6337,17.1716],[101.6088,17.1651],[101.5898,17.1765],[101.5481,17.1723],[101.5276,17.145],[101.5293,17.1364],[101.5086,17.1452],[101.5094,17.1761],[101.533,17.2074],[101.5367,17.2454],[101.5284,17.2968],[101.5385,17.3157],[101.51,17.3623],[101.5258,17.3924],[101.5179,17.4088],[101.529,17.4349],[101.5505,17.4486],[101.5632,17.4463],[101.5778,17.4164],[101.6418,17.3563],[101.6567,17.3785],[101.6637,17.3687],[101.7284,17.3876],[101.7655,17.38],[101.7679,17.3481],[101.7989,17.3525],[101.8186,17.3842],[101.8536,17.4061],[101.8756,17.379],[101.9003,17.3205],[101.9212,17.3241],[101.9427,17.2879],[101.956,17.2365],[101.944,17.2101],[101.968,17.1586],[101.9835,17.1519],[101.9665,17.1376],[101.9142,17.1317],[101.8942,17.1442],[101.8564,17.138],[101.8473,17.1491],[101.8393,17.1444],[101.8295,17.1531],[101.8335,17.1663],[101.8196,17.1847],[101.7989,17.1922]]]]}},{"type":"Feature","properties":{"province":"LopBuri","district":"BanMi","hasc":"TH.LB.BM"},"geometry":{"type":"MultiPolygon","coordinates":[[[[100.5205,14.9298],[100.4764,14.9109],[100.427,14.9272],[100.4505,14.9427],[100.4487,14.9912],[100.4647,15.0019],[100.4721,15.0225],[100.4714,15.0293],[100.4233,15.0559],[100.4652,15.1128],[100.4746,15.108],[100.5079,15.1296],[100.5061,15.1556],[100.5317,15.1785],[100.54,15.1968],[100.5687,15.2213],[100.5904,15.2257],[100.5907,15.2443],[100.6044,15.2431],[100.6437,15.2203],[100.6498,15.2038],[100.647,15.1827],[100.5916,15.1529],[100.6262,15.1344],[100.6436,15.1],[100.6461,15.0644],[100.607,15.0002],[100.6235,14.9748],[100.623,14.9489],[100.6133,14.9349],[100.5918,14.9245],[100.5665,14.9396],[100.5512,14.931],[100.5205,14.9298]]]]}},{"type":"Feature","properties":{"province":"LopBuri","district":"ChaiBadan","hasc":"TH.LB.CB"},"geometry":{"type":"MultiPolygon","coordinates":[[[[101.0835,15.0497],[101.0617,15.0493],[101.0657,15.044],[101.0516,15.0222],[101.0399,15.0308],[100.9926,15.0203],[100.9561,15.0364],[100.9383,14.9967],[100.9141,14.9903],[100.901,14.9686],[100.8757,14.9707],[100.8714,14.9886],[100.8891,15.012],[100.8789,15.025],[100.891,15.0372],[100.9051,15.0379],[100.9283,15.074],[100.9251,15.0933],[100.9329,15.0999],[100.9374,15.1264],[100.9331,15.157],[100.954,15.1684],[100.9561,15.1819],[100.9778,15.2041],[100.9687,15.2248],[100.9835,15.248],[100.9544,15.2897],[100.9538,15.3097],[100.9842,15.3471],[100.9798,15.3833],[101.0101,15.3633],[101.0243,15.3376],[101.0709,15.3361],[101.0929,15.3506],[101.1067,15.3356],[101.1363,15.3248],[101.1909,15.3283],[101.2061,15.3186],[101.2253,15.3413],[101.2774,15.3604],[101.3066,15.3866],[101.3147,15.3679],[101.2898,15.3097],[101.2975,15.2654],[101.3112,15.2414],[101.3287,15.2512],[101.3354,15.2355],[101.3191,15.2248],[101.3264,15.2018],[101.354,15.1941],[101.358,15.1857],[101.3606,15.1433],[101.3521,15.1155],[101.3305,15.094],[101.3259,15.0684],[101.3477,15.0396],[101.3317,15.0363],[101.297,15.0562],[101.2265,15.0609],[101.2226,15.0751],[101.2469,15.1207],[101.2289,15.1367],[101.1956,15.1416],[101.1578,15.1337],[101.1188,15.1095],[101.1014,15.1239],[101.0862,15.0898],[101.0914,15.0685],[101.0835,15.0497]]]]}},{"type":"Feature","properties":{"province":"LopBuri","district":"KhokCharoen","hasc":"TH.LB.KC"},"geometry":{"type":"MultiPolygon","coordinates":[[[[100.8764,15.3546],[100.8607,15.3322],[100.8227,15.3335],[100.8057,15.3154],[100.7268,15.3407],[100.7365,15.3739],[100.712,15.4403],[100.7732,15.4645],[100.7714,15.4955],[100.7467,15.5123],[100.761,15.5215],[100.7917,15.5229],[100.814,15.4842],[100.854,15.4703],[100.8966,15.4738],[100.9494,15.445],[100.9612,15.4194],[100.9797,15.4118],[100.9842,15.3471],[100.9554,15.3136],[100.9544,15.2897],[100.935,15.2848],[100.9014,15.3605],[100.8755,15.3633],[100.8764,15.3546]]]]}},{"type":"Feature","properties":{"province":"LopBuri","district":"KhokSamrong","hasc":"TH.LB.KS"},"geometry":{"type":"MultiPolygon","coordinates":[[[[100.6096,15.0053],[100.6461,15.0644],[100.6436,15.1],[100.6308,15.1275],[100.6524,15.126],[100.6588,15.1624],[100.6857,15.1606],[100.7205,15.1819],[100.7433,15.1855],[100.7832,15.154],[100.7787,15.1379],[100.8089,15.1495],[100.8368,15.1452],[100.8474,15.1329],[100.8895,15.1269],[100.8746,15.1761],[100.8884,15.1811],[100.937,15.1642],[100.937,15.1238],[100.9251,15.0933],[100.9283,15.074],[100.9051,15.0379],[100.891,15.0372],[100.8789,15.025],[100.8887,15.0088],[100.8714,14.9886],[100.8757,14.9707],[100.8605,14.9374],[100.8849,14.892],[100.7645,14.904],[100.7429,14.9471],[100.7151,14.9596],[100.6846,14.9552],[100.6639,14.9394],[100.6133,14.9349],[100.623,14.9489],[100.6242,14.9723],[100.6096,15.0053]]]]}},{"type":"Feature","properties":{"province":"LopBuri","district":"LamSonThi","hasc":"TH.LB.LS"},"geometry":{"type":"MultiPolygon","coordinates":[[[[101.3405,15.0492],[101.3259,15.0684],[101.3305,15.094],[101.3521,15.1155],[101.3606,15.1433],[101.358,15.1857],[101.354,15.1941],[101.3264,15.2018],[101.3191,15.2248],[101.3354,15.2355],[101.3287,15.2512],[101.3112,15.2414],[101.2975,15.2654],[101.2898,15.3097],[101.3155,15.3731],[101.3043,15.3931],[101.3089,15.4333],[101.2994,15.4543],[101.3081,15.4713],[101.3055,15.5175],[101.2899,15.5298],[101.3044,15.5421],[101.312,15.5719],[101.3625,15.5801],[101.3719,15.5779],[101.3871,15.4828],[101.3772,15.3745],[101.3802,15.3463],[101.3864,15.3446],[101.3818,15.2909],[101.3898,15.2405],[101.3579,15.2501],[101.3687,15.2289],[101.3676,15.1907],[101.3757,15.189],[101.3955,15.1501],[101.3913,15.129],[101.4024,15.0674],[101.4147,15.0453],[101.3874,15.036],[101.3648,15.0448],[101.3477,15.0396],[101.3405,15.0492]]]]}},{"type":"Feature","properties":{"province":"LopBuri","district":"MuangLopBuri","hasc":"TH.LB.LB"},"geometry":{"type":"MultiPolygon","coordinates":[[[[100.567,14.6621],[100.5546,14.6598],[100.5501,14.6709],[100.5156,14.6603],[100.5105,14.6742],[100.5293,14.7093],[100.5173,14.7346],[100.5375,14.7482],[100.5631,14.7504],[100.5632,14.7672],[100.5798,14.7856],[100.5718,14.7882],[100.5714,14.8128],[100.5409,14.8138],[100.5375,14.8264],[100.558,14.8584],[100.5628,14.9393],[100.5918,14.9245],[100.6133,14.9349],[100.6639,14.9394],[100.6846,14.9552],[100.7151,14.9596],[100.7429,14.9471],[100.7645,14.904],[100.8849,14.892],[100.8895,14.8515],[100.901,14.8401],[100.8659,14.8329],[100.8673,14.8182],[100.8503,14.793],[100.8208,14.8035],[100.8072,14.7945],[100.7772,14.794],[100.7514,14.8067],[100.725,14.7567],[100.7122,14.748],[100.6931,14.7503],[100.657,14.7142],[100.6076,14.7225],[100.6065,14.7107],[100.6276,14.6771],[100.6165,14.6632],[100.6039,14.6537],[100.5836,14.664],[100.567,14.6621]]]]}},{"type":"Feature","properties":{"province":"LopBuri","district":"NongMuang","hasc":"TH.LB.NM"},"geometry":{"type":"MultiPolygon","coordinates":[[[[100.647,15.1827],[100.6437,15.2203],[100.5907,15.2443],[100.5939,15.2615],[100.5786,15.2675],[100.5901,15.2854],[100.6129,15.2934],[100.6234,15.3176],[100.6355,15.3213],[100.6304,15.3427],[100.6473,15.4026],[100.6445,15.4153],[100.6657,15.429],[100.712,15.4403],[100.7365,15.3739],[100.7268,15.3407],[100.8057,15.3154],[100.8251,15.2815],[100.8271,15.2651],[100.8146,15.24],[100.8195,15.234],[100.7874,15.2026],[100.7947,15.191],[100.7731,15.1623],[100.7513,15.1832],[100.7205,15.1819],[100.6857,15.1606],[100.6588,15.1624],[100.6524,15.126],[100.6308,15.1275],[100.5916,15.1529],[100.647,15.1827]]]]}},{"type":"Feature","properties":{"province":"LopBuri","district":"PhatthanaNikhom","hasc":"TH.LB.PN"},"geometry":{"type":"MultiPolygon","coordinates":[[[[100.8516,14.7952],[100.8673,14.8182],[100.8659,14.8329],[100.901,14.8401],[100.8895,14.8515],[100.8856,14.899],[100.8605,14.9374],[100.8707,14.964],[100.8757,14.9707],[100.901,14.9686],[100.9141,14.9903],[100.9383,14.9967],[100.9561,15.0364],[100.9926,15.0203],[101.0419,15.03],[101.0442,14.9899],[101.1053,15.0033],[101.1353,14.9963],[101.1785,15.015],[101.2237,14.9929],[101.2576,14.9888],[101.279,14.9699],[101.2771,14.9366],[101.2592,14.9116],[101.2438,14.9177],[101.2351,14.9394],[101.2265,14.9208],[101.1944,14.9198],[101.1544,14.8962],[101.0948,14.9046],[101.0918,14.8911],[101.0754,14.8775],[101.091,14.8459],[101.0849,14.8426],[101.081,14.8499],[101.0671,14.8389],[101.0706,14.8298],[101.0903,14.8294],[101.0789,14.8093],[101.0704,14.8129],[101.0742,14.7902],[101.064,14.7899],[101.0643,14.7831],[101.0081,14.8283],[100.9677,14.8309],[100.9561,14.8189],[100.9565,14.7811],[100.9588,14.767],[100.9722,14.756],[100.9648,14.7448],[100.9453,14.7401],[100.9021,14.7681],[100.8898,14.7709],[100.873,14.7615],[100.8608,14.7825],[100.8453,14.7916],[100.8516,14.7952]]]]}},{"type":"Feature","properties":{"province":"LopBuri","district":"SraBoth","hasc":"TH.LB.SB"},"geometry":{"type":"MultiPolygon","coordinates":[[[[100.8474,15.1329],[100.8368,15.1452],[100.8089,15.1495],[100.7787,15.1379],[100.7832,15.154],[100.7731,15.1623],[100.7947,15.191],[100.7874,15.2026],[100.8195,15.234],[100.8151,15.2422],[100.8271,15.2651],[100.8062,15.3175],[100.8227,15.3335],[100.8607,15.3322],[100.8777,15.3518],[100.8755,15.3633],[100.9014,15.3605],[100.935,15.2848],[100.9567,15.2892],[100.9679,15.2651],[100.9806,15.2578],[100.9824,15.2401],[100.9687,15.2248],[100.9778,15.2041],[100.9502,15.1663],[100.937,15.1642],[100.8884,15.1811],[100.8746,15.1761],[100.8895,15.1269],[100.8474,15.1329]]]]}},{"type":"Feature","properties":{"province":"LopBuri","district":"ThaLuang","hasc":"TH.LB.TL"},"geometry":{"type":"MultiPolygon","coordinates":[[[[101.2242,15.0771],[101.2285,15.06],[101.297,15.0562],[101.3317,15.0363],[101.3633,15.044],[101.3528,15.0266],[101.3497,14.9924],[101.3384,14.9887],[101.3344,14.977],[101.279,14.9699],[101.2576,14.9888],[101.2237,14.9929],[101.1785,15.015],[101.1353,14.9963],[101.1053,15.0033],[101.0699,14.9912],[101.0405,14.9923],[101.0431,15.0246],[101.0516,15.0222],[101.0657,15.044],[101.0617,15.0493],[101.0731,15.0446],[101.0881,15.0522],[101.0862,15.0898],[101.1014,15.1239],[101.1188,15.1095],[101.1758,15.1383],[101.2289,15.1367],[101.2469,15.1207],[101.2242,15.0771]]]]}},{"type":"Feature","properties":{"province":"LopBuri","district":"ThaWung","hasc":"TH.LB.TW"},"geometry":{"type":"MultiPolygon","coordinates":[[[[100.4795,14.7008],[100.4698,14.7147],[100.4897,14.7471],[100.4739,14.7612],[100.469,14.8348],[100.4593,14.8555],[100.4367,14.8701],[100.4403,14.8884],[100.4319,14.8979],[100.4303,14.9235],[100.4886,14.9117],[100.5191,14.9317],[100.5512,14.931],[100.5628,14.9393],[100.558,14.8584],[100.5375,14.8264],[100.5409,14.8138],[100.5714,14.8128],[100.5718,14.7882],[100.5798,14.7856],[100.5632,14.7672],[100.5631,14.7504],[100.5375,14.7482],[100.5173,14.7346],[100.5293,14.7093],[100.5177,14.6976],[100.5167,14.6797],[100.5043,14.68],[100.4965,14.6972],[100.4795,14.7008]]]]}},{"type":"Feature","properties":{"province":"MaeHongSon","district":"KhunYuam","hasc":"TH.MH.KY"},"geometry":{"type":"MultiPolygon","coordinates":[[[[98.0918,18.7855],[98.0935,18.7754],[98.1226,18.7729],[98.1218,18.7565],[98.0978,18.7372],[98.1084,18.7119],[98.1016,18.7012],[98.1056,18.6747],[98.0879,18.6676],[98.0731,18.6734],[98.0518,18.6607],[98.0007,18.651],[97.979,18.6263],[97.9688,18.6252],[97.9673,18.616],[97.9452,18.6231],[97.9364,18.612],[97.9192,18.6204],[97.8856,18.6073],[97.8636,18.621],[97.832,18.6001],[97.8181,18.6039],[97.784,18.5908],[97.7747,18.597],[97.7782,18.6148],[97.7719,18.6297],[97.7773,18.6889],[97.7555,18.733],[97.767,18.7568],[97.7571,18.7649],[97.7563,18.8055],[97.7435,18.823],[97.7517,18.8403],[97.7444,18.8785],[97.7082,18.8968],[97.6916,18.9136],[97.6927,18.9221],[97.6724,18.9302],[97.6712,18.9444],[97.6931,18.9454],[97.7111,18.9631],[97.7412,18.9764],[97.7388,19.0386],[97.763,19.036],[97.7729,19.0423],[97.7724,19.0696],[97.7957,19.0715],[97.814,19.0882],[97.8307,19.0892],[97.8412,19.0651],[97.8973,19.0453],[97.901,19.018],[97.9238,19.0204],[97.9451,19.0168],[97.9569,19.0043],[97.9676,19.0077],[97.9686,18.9783],[97.9575,18.964],[97.9744,18.9447],[98.0061,18.9512],[98.0226,18.9427],[98.0307,18.9571],[98.0487,18.9567],[98.0443,18.9647],[98.0545,18.9709],[98.0611,18.9426],[98.1033,18.9323],[98.1588,18.9354],[98.1586,18.9178],[98.1261,18.9059],[98.0905,18.8593],[98.0809,18.8162],[98.0918,18.7855]]]]}},{"type":"Feature","properties":{"province":"MaeHongSon","district":"MaeLaNoi","hasc":"TH.MH.ML"},"geometry":{"type":"MultiPolygon","coordinates":[[[[98.0545,18.3],[98.035,18.2848],[98.0141,18.2819],[98.0064,18.2691],[97.9938,18.2699],[97.9745,18.2916],[97.9526,18.2978],[97.9102,18.2802],[97.853,18.344],[97.8149,18.3561],[97.7994,18.3786],[97.8108,18.3912],[97.8085,18.4098],[97.7976,18.4157],[97.8056,18.4429],[97.7902,18.4424],[97.7805,18.4714],[97.7873,18.5285],[97.7867,18.538],[97.7678,18.5525],[97.7747,18.597],[97.7854,18.5907],[97.8181,18.6039],[97.8314,18.6],[97.8636,18.621],[97.8856,18.6073],[97.9192,18.6204],[97.9364,18.612],[97.9452,18.6231],[97.9673,18.616],[97.9688,18.6252],[97.979,18.6263],[98.0007,18.651],[98.0518,18.6607],[98.0731,18.6734],[98.0879,18.6676],[98.1065,18.6759],[98.1138,18.6683],[98.1071,18.6467],[98.1188,18.6331],[98.146,18.6372],[98.1843,18.6218],[98.1851,18.6079],[98.2118,18.606],[98.2142,18.589],[98.2295,18.584],[98.2373,18.5718],[98.2323,18.5547],[98.2104,18.5357],[98.1762,18.5453],[98.1718,18.524],[98.1236,18.5006],[98.1072,18.4562],[98.0843,18.4446],[98.0752,18.4268],[98.0834,18.4155],[98.0955,18.4189],[98.1286,18.4022],[98.125,18.3941],[98.1475,18.3608],[98.1724,18.3435],[98.16,18.3187],[98.124,18.3091],[98.1048,18.3184],[98.0955,18.3426],[98.0852,18.3441],[98.0638,18.3251],[98.0545,18.3]]]]}},{"type":"Feature","properties":{"province":"MaeHongSon","district":"MaeSariang","hasc":"TH.MH.MS"},"geometry":{"type":"MultiPolygon","coordinates":[[[[98.1687,18.2194],[98.168,18.2017],[98.1774,18.1882],[98.1673,18.1655],[98.1581,18.1634],[98.1617,18.1489],[98.1294,18.1497],[98.1099,18.1563],[98.1021,18.1681],[98.0908,18.1634],[98.0916,18.1518],[98.1236,18.1196],[98.1255,18.0904],[98.0904,18.0704],[98.0972,18.0547],[98.0883,18.0475],[98.0903,18.0354],[98.0769,18.0296],[98.0824,18.0163],[98.0589,17.9914],[98.0107,18.0243],[98.0078,18.0386],[97.9736,18.0671],[97.979,18.0833],[97.9671,18.0969],[97.9371,18.0846],[97.9247,18.0694],[97.9292,18.0511],[97.9208,18.0448],[97.9288,18.0386],[97.9243,18.0285],[97.9067,18.0233],[97.9196,18.0083],[97.8563,18.0163],[97.8269,17.9999],[97.8206,18.0142],[97.7978,18.0182],[97.7854,18.0105],[97.7376,18.0241],[97.7249,18.0127],[97.7077,18.0562],[97.6993,18.064],[97.687,18.06],[97.6936,18.0869],[97.6797,18.1114],[97.6769,18.1595],[97.6517,18.1771],[97.6104,18.2367],[97.6124,18.2495],[97.6411,18.279],[97.6273,18.3081],[97.6044,18.326],[97.5611,18.3377],[97.5511,18.3306],[97.5372,18.2847],[97.5019,18.2671],[97.4476,18.3314],[97.4431,18.3589],[97.4534,18.3881],[97.4419,18.4033],[97.4278,18.4067],[97.4196,18.4339],[97.3999,18.457],[97.3861,18.5062],[97.3488,18.5424],[97.3455,18.575],[97.3611,18.5937],[97.3637,18.5581],[97.4013,18.5617],[97.4228,18.5447],[97.4359,18.5034],[97.4488,18.4918],[97.4701,18.4948],[97.4848,18.5065],[97.5088,18.4886],[97.5214,18.4946],[97.5394,18.4876],[97.5515,18.526],[97.5669,18.5188],[97.5765,18.5314],[97.6059,18.5329],[97.6159,18.5415],[97.6226,18.5357],[97.6183,18.5576],[97.6274,18.5618],[97.6401,18.5555],[97.6589,18.5745],[97.7036,18.5662],[97.7242,18.5702],[97.7285,18.5802],[97.7705,18.5749],[97.7678,18.5525],[97.7867,18.538],[97.7805,18.4714],[97.7902,18.4424],[97.8056,18.4429],[97.7976,18.4157],[97.8085,18.4098],[97.8108,18.3912],[97.7994,18.3786],[97.8149,18.3561],[97.853,18.344],[97.909,18.2806],[97.9526,18.2978],[98.0058,18.2691],[98.0141,18.2819],[98.0538,18.2976],[98.0638,18.3251],[98.0845,18.3439],[98.0955,18.3426],[98.1048,18.3184],[98.1261,18.3087],[98.1569,18.3154],[98.1724,18.3435],[98.1742,18.298],[98.2035,18.2892],[98.1938,18.2826],[98.1464,18.2817],[98.137,18.2645],[98.1489,18.2253],[98.1687,18.2194]]]]}},{"type":"Feature","properties":{"province":"MaeHongSon","district":"MuangMaeHongSon","hasc":"TH.MH.MH"},"geometry":{"type":"MultiPolygon","coordinates":[[[[97.8305,19.0901],[97.8373,19.0922],[97.8413,19.1104],[97.8365,19.1341],[97.8463,19.1461],[97.8405,19.1695],[97.8461,19.1794],[97.8399,19.1943],[97.8488,19.2119],[97.8297,19.2349],[97.8196,19.2368],[97.8137,19.2509],[97.7862,19.2652],[97.8047,19.2863],[97.8254,19.28],[97.8356,19.2891],[97.846,19.2874],[97.8458,19.2953],[97.8338,19.3001],[97.8284,19.322],[97.8032,19.3493],[97.8071,19.3852],[97.7899,19.398],[97.8182,19.4122],[97.8634,19.4776],[97.8891,19.4981],[97.857,19.5306],[97.8638,19.5732],[97.9042,19.5756],[97.9463,19.5951],[97.9633,19.5904],[97.9791,19.6003],[97.9767,19.6315],[97.9869,19.6379],[98.0052,19.6303],[98.0359,19.6402],[98.0473,19.6369],[98.0674,19.6182],[98.069,19.5959],[98.095,19.5813],[98.104,19.5455],[98.1448,19.5329],[98.1572,19.4913],[98.2022,19.4657],[98.2128,19.4685],[98.2097,19.4602],[98.2251,19.4517],[98.2351,19.432],[98.2663,19.415],[98.2629,19.3897],[98.2459,19.3818],[98.2233,19.3928],[98.2008,19.3736],[98.1812,19.3804],[98.1588,19.3729],[98.1451,19.3391],[98.1259,19.3252],[98.1362,19.2764],[98.1294,19.2609],[98.1515,19.2657],[98.1676,19.2567],[98.1715,19.2208],[98.1604,19.1973],[98.1806,19.1758],[98.2029,19.169],[98.221,19.1516],[98.2457,19.1518],[98.2429,19.1245],[98.252,19.1064],[98.2277,19.0859],[98.2066,19.0466],[98.1917,19.0396],[98.1873,19.0142],[98.1653,18.9798],[98.1729,18.9461],[98.1675,18.9373],[98.1465,18.9312],[98.0605,18.9428],[98.0545,18.9709],[98.0443,18.9647],[98.0487,18.9567],[98.0307,18.9571],[98.0226,18.9427],[98.0061,18.9512],[97.9744,18.9447],[97.9575,18.964],[97.9686,18.9783],[97.9676,19.0077],[97.9569,19.0043],[97.9451,19.0168],[97.9238,19.0204],[97.901,19.018],[97.8973,19.0453],[97.8412,19.0651],[97.8305,19.0901]]]]}},{"type":"Feature","properties":{"province":"MaeHongSon","district":"Pai","hasc":"TH.MH.PA"},"geometry":{"type":"MultiPolygon","coordinates":[[[[98.5694,19.208],[98.5861,19.1856],[98.634,19.154],[98.6527,19.0896],[98.634,19.0604],[98.5944,19.0414],[98.5694,19.0436],[98.5472,19.0243],[98.5348,19.0229],[98.4544,19.0449],[98.4389,19.0453],[98.422,19.0261],[98.4028,19.0338],[98.3876,19.0585],[98.3736,19.0642],[98.3717,19.0838],[98.3538,19.0937],[98.3438,19.1494],[98.266,19.1511],[98.2543,19.1586],[98.2236,19.1507],[98.2029,19.169],[98.1806,19.1758],[98.1604,19.1973],[98.1715,19.2208],[98.1676,19.2567],[98.1515,19.2657],[98.1294,19.2609],[98.1362,19.2764],[98.1259,19.3245],[98.1451,19.3391],[98.1583,19.3723],[98.1812,19.3804],[98.2008,19.3736],[98.2233,19.3928],[98.2418,19.3809],[98.2981,19.402],[98.3173,19.391],[98.3408,19.3969],[98.315,19.4212],[98.326,19.4593],[98.3433,19.4777],[98.3403,19.5346],[98.3638,19.5548],[98.3643,19.5679],[98.3822,19.5908],[98.3728,19.6453],[98.3442,19.6592],[98.338,19.6759],[98.3113,19.685],[98.326,19.6948],[98.3727,19.6862],[98.3953,19.7009],[98.4169,19.6893],[98.4629,19.6943],[98.4711,19.6847],[98.4708,19.6595],[98.5403,19.6092],[98.5443,19.5568],[98.5671,19.5448],[98.5667,19.5141],[98.5947,19.4915],[98.6006,19.4678],[98.5863,19.4417],[98.5873,19.4138],[98.5957,19.4013],[98.5748,19.3877],[98.5823,19.3652],[98.5965,19.352],[98.5907,19.3306],[98.6026,19.3065],[98.596,19.286],[98.6055,19.2776],[98.5902,19.2516],[98.6,19.228],[98.5694,19.208]]]]}},{"type":"Feature","properties":{"province":"MaeHongSon","district":"PangMaPha","hasc":"TH.MH.PM"},"geometry":{"type":"MultiPolygon","coordinates":[[[[98.2841,19.6801],[98.3113,19.685],[98.3334,19.6779],[98.3442,19.6592],[98.3722,19.646],[98.3822,19.5901],[98.3643,19.5679],[98.3638,19.5548],[98.3403,19.5346],[98.3433,19.4777],[98.326,19.4593],[98.315,19.4212],[98.3406,19.3963],[98.3173,19.391],[98.2981,19.402],[98.2654,19.3879],[98.2655,19.4161],[98.2351,19.432],[98.2251,19.4517],[98.2097,19.4602],[98.2128,19.4685],[98.2022,19.4657],[98.1572,19.4913],[98.1563,19.5116],[98.1414,19.5361],[98.1044,19.545],[98.0946,19.5819],[98.069,19.5959],[98.067,19.6188],[98.0412,19.6392],[98.0483,19.6521],[98.035,19.6703],[98.038,19.6982],[98.0291,19.7195],[98.0353,19.7215],[98.0416,19.7626],[98.0387,19.8026],[98.0515,19.8113],[98.0594,19.7999],[98.0854,19.8075],[98.0849,19.7905],[98.1016,19.7702],[98.1395,19.784],[98.1851,19.7567],[98.1936,19.7361],[98.2207,19.7215],[98.2297,19.7246],[98.2392,19.7082],[98.2341,19.6916],[98.2484,19.6748],[98.2841,19.6801]]]]}},{"type":"Feature","properties":{"province":"MaeHongSon","district":"SopMoei","hasc":"TH.MH.SM"},"geometry":{"type":"MultiPolygon","coordinates":[[[[98.0207,17.925],[98.0185,17.9188],[98.012,17.9225],[98.012,17.8928],[98.0691,17.8523],[98.0751,17.8263],[98.0892,17.807],[98.1109,17.7929],[98.1339,17.7941],[98.1478,17.7754],[98.1366,17.7574],[98.1541,17.7287],[98.1461,17.6804],[98.0945,17.6355],[98.0636,17.6465],[98.0589,17.6607],[98.0416,17.6735],[98.0393,17.694],[98.0248,17.7109],[98.0283,17.7198],[98.0164,17.7309],[98.0159,17.7381],[98.0227,17.7365],[98.0129,17.7466],[98.0106,17.7672],[97.9978,17.7733],[97.9899,17.8093],[97.9768,17.821],[97.9831,17.836],[97.9713,17.8466],[97.9701,17.867],[97.9132,17.8532],[97.9,17.8308],[97.9055,17.8106],[97.8495,17.7782],[97.8178,17.785],[97.7963,17.775],[97.7881,17.783],[97.7645,17.7747],[97.7255,17.7965],[97.7184,17.8171],[97.7004,17.8174],[97.6763,17.8683],[97.6937,17.9243],[97.7374,17.9519],[97.7398,17.9799],[97.7249,18.0127],[97.7337,18.023],[97.7854,18.0105],[97.7978,18.0182],[97.8206,18.0142],[97.8269,17.9999],[97.8563,18.0163],[97.9196,18.0083],[97.9067,18.0233],[97.9243,18.0285],[97.9288,18.0386],[97.9208,18.0448],[97.9292,18.0511],[97.9247,18.0694],[97.9371,18.0846],[97.9671,18.0969],[97.979,18.0833],[97.9736,18.0671],[98.0078,18.0386],[98.0184,18.0163],[98.0452,18.0062],[98.0589,17.9914],[98.0726,17.9998],[98.0824,18.0163],[98.0767,18.0289],[98.09,18.0348],[98.0883,18.0475],[98.0971,18.054],[98.0904,18.0704],[98.1255,18.0904],[98.1236,18.1196],[98.0912,18.1525],[98.0964,18.1683],[98.1294,18.1497],[98.1637,18.1478],[98.1678,18.1168],[98.1918,18.1124],[98.2067,18.0872],[98.2208,18.087],[98.2319,18.0966],[98.2308,18.0878],[98.2429,18.0858],[98.2486,18.0745],[98.2682,18.0843],[98.2875,18.0822],[98.2902,18.0733],[98.2749,18.0424],[98.2655,18.0464],[98.2579,18.0345],[98.2347,18.025],[98.2453,17.9873],[98.1709,17.9718],[98.1448,17.934],[98.0903,17.9605],[98.0255,17.9352],[98.0207,17.925]]]]}},{"type":"Feature","properties":{"province":"MahaSarakham","district":"Borabu","hasc":"TH.MS.BO"},"geometry":{"type":"MultiPolygon","coordinates":[[[[103.1485,15.8593],[103.1188,15.8385],[103.0637,15.8766],[103.0505,15.8957],[103.0001,15.9145],[102.9456,15.9086],[102.9539,15.937],[102.9777,15.9478],[103.0111,15.9815],[103.0138,16.0163],[103.0302,16.0551],[103.0673,16.0594],[103.0517,16.1417],[103.0821,16.1437],[103.1202,16.169],[103.1346,16.1464],[103.1362,16.1217],[103.186,16.1501],[103.2182,16.1349],[103.2263,16.1196],[103.2091,16.0862],[103.2191,16.0816],[103.2396,16.0915],[103.2546,16.071],[103.2143,16.0425],[103.2085,16.0138],[103.2225,15.9915],[103.2501,15.9729],[103.2517,15.9484],[103.2665,15.9185],[103.2508,15.9052],[103.2527,15.895],[103.2444,15.8877],[103.2293,15.8904],[103.2244,15.8737],[103.1485,15.8593]]]]}},{"type":"Feature","properties":{"province":"MahaSarakham","district":"ChiangYun","hasc":"TH.MS.CY"},"geometry":{"type":"MultiPolygon","coordinates":[[[[103.1655,16.3878],[103.1779,16.3634],[103.1764,16.3455],[103.1863,16.3344],[103.1753,16.3155],[103.1162,16.3256],[103.1065,16.3481],[103.0837,16.3657],[103.0656,16.3655],[103.0338,16.3473],[102.9958,16.3457],[102.9802,16.363],[102.9783,16.3857],[102.9876,16.4079],[102.9796,16.4161],[102.9749,16.4124],[102.9772,16.4232],[102.9646,16.4282],[102.9547,16.4486],[103.021,16.4727],[103.0351,16.5],[103.0445,16.4898],[103.0892,16.5137],[103.1059,16.4852],[103.1338,16.461],[103.1536,16.4644],[103.1856,16.447],[103.1868,16.4336],[103.1655,16.3878]]]]}},{"type":"Feature","properties":{"province":"MahaSarakham","district":"K.ChunChom","hasc":"TH.MS.CC"},"geometry":{"type":"MultiPolygon","coordinates":[[[[103.1656,16.5025],[103.1607,16.4892],[103.1753,16.4574],[103.1531,16.4644],[103.135,16.4604],[103.1057,16.4856],[103.0981,16.5067],[103.0873,16.514],[103.0896,16.5263],[103.121,16.5647],[103.123,16.5905],[103.1554,16.609],[103.1527,16.6401],[103.1916,16.6404],[103.1974,16.6265],[103.1699,16.6041],[103.1892,16.551],[103.1656,16.5025]]]]}},{"type":"Feature","properties":{"province":"MahaSarakham","district":"K.KutRang","hasc":"TH.MS.KR"},"geometry":{"type":"MultiPolygon","coordinates":[[[[102.9052,15.9886],[102.8855,16.0117],[102.8962,16.0239],[102.861,16.0392],[102.8619,16.0586],[102.8511,16.0686],[102.8708,16.125],[102.9015,16.1245],[102.9088,16.1146],[102.946,16.0995],[102.9721,16.11],[103.006,16.1005],[103.0475,16.1698],[103.0564,16.1512],[103.0703,16.1479],[103.0511,16.1405],[103.0673,16.0594],[103.0302,16.0551],[103.0138,16.0163],[103.0111,15.9815],[102.9777,15.9478],[102.9539,15.937],[102.9456,15.9086],[102.9354,15.9054],[102.9021,15.9098],[102.8925,15.9308],[102.8969,15.9562],[102.908,15.9693],[102.9052,15.9886]]]]}},{"type":"Feature","properties":{"province":"MahaSarakham","district":"KaeDam","hasc":"TH.MS.KD"},"geometry":{"type":"MultiPolygon","coordinates":[[[[103.421,16.0025],[103.3633,15.9772],[103.3338,15.9802],[103.3458,16.0095],[103.3311,16.0293],[103.3307,16.0512],[103.3437,16.0641],[103.3311,16.0849],[103.3511,16.0937],[103.3503,16.1062],[103.3637,16.1169],[103.4019,16.1195],[103.4324,16.1073],[103.4577,16.1103],[103.4551,16.0797],[103.4726,16.0444],[103.4628,16.0223],[103.4659,16.0083],[103.421,16.0025]]]]}},{"type":"Feature","properties":{"province":"MahaSarakham","district":"Kantharawichai","hasc":"TH.MS.KA"},"geometry":{"type":"MultiPolygon","coordinates":[[[[103.2074,16.1969],[103.1812,16.185],[103.1463,16.1932],[103.1596,16.2227],[103.1537,16.236],[103.1624,16.2917],[103.1862,16.334],[103.1763,16.3459],[103.1776,16.3617],[103.2666,16.3764],[103.2932,16.3936],[103.3031,16.3677],[103.3471,16.3572],[103.3542,16.3062],[103.3964,16.2961],[103.4147,16.2806],[103.407,16.2546],[103.4215,16.2244],[103.4048,16.2428],[103.3979,16.2328],[103.3948,16.2393],[103.3853,16.227],[103.3661,16.2245],[103.3631,16.2142],[103.3545,16.2159],[103.3537,16.2248],[103.3458,16.214],[103.3178,16.2281],[103.3133,16.2239],[103.3249,16.217],[103.3208,16.2105],[103.3069,16.2168],[103.3042,16.227],[103.2811,16.2158],[103.2814,16.2295],[103.2724,16.231],[103.2707,16.2174],[103.2563,16.2145],[103.2598,16.2068],[103.2426,16.2022],[103.2373,16.1929],[103.2074,16.1969]]]]}},{"type":"Feature","properties":{"province":"MahaSarakham","district":"KosumPhisai","hasc":"TH.MS.KP"},"geometry":{"type":"MultiPolygon","coordinates":[[[[103.0396,16.1618],[103.0056,16.1004],[102.9721,16.11],[102.9404,16.1008],[102.9015,16.1245],[102.8581,16.1251],[102.8474,16.1423],[102.8601,16.16],[102.8456,16.2097],[102.8521,16.2198],[102.8491,16.2714],[102.8965,16.3127],[102.8983,16.3476],[102.9112,16.3478],[102.9074,16.3563],[102.9191,16.3675],[102.9296,16.3651],[102.9226,16.3758],[102.9397,16.3755],[102.9381,16.3873],[102.9523,16.3883],[102.9591,16.3991],[102.9487,16.4071],[102.9586,16.4115],[102.9609,16.424],[102.9876,16.4079],[102.9783,16.3857],[102.9884,16.3485],[103.0333,16.3472],[103.0656,16.3655],[103.0851,16.3655],[103.1065,16.3481],[103.1162,16.3256],[103.1774,16.3123],[103.1572,16.2725],[103.1612,16.2547],[103.1536,16.2356],[103.1596,16.2227],[103.1465,16.1924],[103.1327,16.1948],[103.135,16.1866],[103.1225,16.169],[103.0812,16.1434],[103.0568,16.1509],[103.0471,16.17],[103.0396,16.1618]]]]}},{"type":"Feature","properties":{"province":"MahaSarakham","district":"MuangMahaSarakam","hasc":"TH.MS.MS"},"geometry":{"type":"MultiPolygon","coordinates":[[[[103.2489,15.9741],[103.2225,15.9915],[103.2085,16.0138],[103.2141,16.0421],[103.254,16.0694],[103.2532,16.0787],[103.2387,16.0917],[103.2191,16.0816],[103.2091,16.0862],[103.2265,16.1223],[103.2036,16.1443],[103.1856,16.15],[103.1429,16.1205],[103.1325,16.1236],[103.1346,16.1464],[103.1195,16.1637],[103.135,16.1866],[103.1319,16.1943],[103.1686,16.193],[103.1807,16.185],[103.203,16.1999],[103.2365,16.1926],[103.2598,16.2068],[103.2563,16.2145],[103.2707,16.2174],[103.2724,16.231],[103.2814,16.2295],[103.282,16.2155],[103.3042,16.227],[103.3069,16.2168],[103.3222,16.2106],[103.3249,16.217],[103.3133,16.2239],[103.3187,16.2284],[103.3458,16.214],[103.3537,16.2248],[103.3545,16.2159],[103.3631,16.2142],[103.3665,16.2247],[103.3853,16.227],[103.3948,16.2393],[103.3979,16.2328],[103.4053,16.2428],[103.4193,16.2246],[103.4179,16.2371],[103.4347,16.2311],[103.4405,16.2167],[103.4494,16.2255],[103.4509,16.2106],[103.4427,16.2038],[103.453,16.2026],[103.4469,16.1956],[103.4583,16.1896],[103.4507,16.1895],[103.4548,16.18],[103.474,16.1894],[103.4814,16.2062],[103.496,16.2003],[103.5061,16.2068],[103.5043,16.193],[103.4877,16.1827],[103.4922,16.1699],[103.4826,16.1436],[103.4577,16.1103],[103.4328,16.1072],[103.4028,16.1194],[103.3659,16.1177],[103.3503,16.1062],[103.3507,16.0933],[103.3317,16.0862],[103.3437,16.0641],[103.3307,16.0512],[103.3311,16.0297],[103.3458,16.0095],[103.3338,15.9802],[103.2841,15.9621],[103.2489,15.9741]]]]}},{"type":"Feature","properties":{"province":"MahaSarakham","district":"NaChuak","hasc":"TH.MS.NC"},"geometry":{"type":"MultiPolygon","coordinates":[[[[103.0101,15.7005],[102.9996,15.738],[102.9902,15.731],[102.9789,15.7522],[102.943,15.7654],[102.932,15.7925],[102.9343,15.8115],[102.9216,15.822],[102.9335,15.8522],[102.9298,15.8773],[102.9029,15.9093],[102.9354,15.9054],[102.9653,15.9148],[103.0001,15.9145],[103.0517,15.895],[103.0637,15.8766],[103.1188,15.8385],[103.1516,15.8614],[103.1653,15.8489],[103.1779,15.8493],[103.1531,15.8203],[103.16,15.81],[103.1718,15.8143],[103.1921,15.7854],[103.1762,15.7777],[103.169,15.749],[103.1454,15.7331],[103.1262,15.6997],[103.0993,15.6994],[103.0822,15.7111],[103.0535,15.7012],[103.0101,15.7005]]]]}},{"type":"Feature","properties":{"province":"MahaSarakham","district":"NaDun","hasc":"TH.MS.ND"},"geometry":{"type":"MultiPolygon","coordinates":[[[[103.2867,15.6778],[103.25,15.6443],[103.2013,15.6559],[103.1768,15.6806],[103.1547,15.6786],[103.1511,15.6887],[103.1632,15.7079],[103.1328,15.698],[103.1265,15.7038],[103.1454,15.7331],[103.169,15.749],[103.1765,15.7781],[103.1916,15.7846],[103.1856,15.797],[103.2248,15.8043],[103.2851,15.7966],[103.2926,15.7943],[103.2971,15.7678],[103.3307,15.7461],[103.3464,15.7141],[103.3077,15.7018],[103.2867,15.6778]]]]}},{"type":"Feature","properties":{"province":"MahaSarakham","district":"PhayakkhaphumPhisai","hasc":"TH.MS.PP"},"geometry":{"type":"MultiPolygon","coordinates":[[[[103.3627,15.5241],[103.3778,15.5346],[103.4143,15.5381],[103.4237,15.5051],[103.4,15.4302],[103.3438,15.4047],[103.2721,15.4218],[103.2529,15.4465],[103.2274,15.447],[103.2173,15.4602],[103.0807,15.492],[103.0749,15.5069],[103.0932,15.5316],[103.0836,15.5457],[103.0809,15.5413],[103.0545,15.5557],[103.0478,15.5721],[103.0635,15.6126],[103.0739,15.6126],[103.0846,15.6262],[103.1254,15.593],[103.1398,15.6],[103.145,15.5932],[103.1814,15.6149],[103.1983,15.6099],[103.2109,15.6552],[103.2537,15.6443],[103.2752,15.6627],[103.3065,15.6602],[103.2765,15.5993],[103.2967,15.5909],[103.305,15.5605],[103.3514,15.5427],[103.3627,15.5241]]]]}},{"type":"Feature","properties":{"province":"MahaSarakham","district":"WapiPathum","hasc":"TH.MS.WP"},"geometry":{"type":"MultiPolygon","coordinates":[[[[103.3052,15.7629],[103.2947,15.7722],[103.2911,15.7954],[103.2248,15.8043],[103.1913,15.7941],[103.1714,15.8145],[103.16,15.81],[103.153,15.8208],[103.1562,15.8314],[103.1781,15.8489],[103.1653,15.8489],[103.1516,15.8614],[103.2235,15.8733],[103.2293,15.8904],[103.2428,15.8869],[103.2525,15.8947],[103.2506,15.9049],[103.2666,15.919],[103.2517,15.9484],[103.2501,15.9729],[103.2626,15.9746],[103.2841,15.9621],[103.3376,15.9814],[103.3646,15.9776],[103.4137,16.0013],[103.4651,16.0066],[103.4655,15.9694],[103.4813,15.95],[103.4827,15.9255],[103.46,15.9069],[103.4472,15.8675],[103.4373,15.8064],[103.4427,15.7978],[103.4291,15.7734],[103.4216,15.7182],[103.3929,15.7074],[103.353,15.7243],[103.3464,15.7141],[103.3307,15.7461],[103.3052,15.7629]]]]}},{"type":"Feature","properties":{"province":"MahaSarakham","district":"YangSiSurat","hasc":"TH.MS.YS"},"geometry":{"type":"MultiPolygon","coordinates":[[[[103.1407,15.5998],[103.1254,15.593],[103.0895,15.6278],[103.0739,15.6126],[103.0643,15.6136],[103.0548,15.5907],[103.0301,15.5978],[103.0149,15.6132],[103.014,15.6259],[102.9944,15.638],[102.9961,15.6459],[102.9742,15.666],[103.0066,15.6826],[103.01,15.6996],[103.0192,15.6964],[103.0249,15.7032],[103.0535,15.7012],[103.0827,15.7111],[103.0993,15.6994],[103.1328,15.698],[103.1632,15.7079],[103.1531,15.6802],[103.1814,15.6785],[103.1998,15.6568],[103.2109,15.6552],[103.2093,15.6468],[103.1979,15.6095],[103.1827,15.6152],[103.1455,15.5933],[103.1407,15.5998]]]]}},{"type":"Feature","properties":{"province":"Mukdahan","district":"DonTan","hasc":"TH.MD.DT"},"geometry":{"type":"MultiPolygon","coordinates":[[[[104.9596,16.2757],[104.9442,16.2576],[104.9162,16.2537],[104.8887,16.2337],[104.882,16.2087],[104.857,16.199],[104.8311,16.2019],[104.8165,16.1832],[104.7926,16.1973],[104.7701,16.1937],[104.7055,16.2059],[104.6932,16.224],[104.6736,16.2295],[104.6727,16.2539],[104.6617,16.2639],[104.6799,16.2856],[104.7001,16.2882],[104.7127,16.3051],[104.7363,16.317],[104.7493,16.3564],[104.76,16.3462],[104.7844,16.35],[104.7878,16.3691],[104.7659,16.4],[104.7816,16.409],[104.7838,16.4216],[104.8058,16.4208],[104.8121,16.4332],[104.8547,16.4433],[104.8653,16.3986],[104.8872,16.3689],[104.8948,16.344],[104.934,16.3258],[104.9605,16.2902],[104.9807,16.2775],[104.962,16.2826],[104.9596,16.2757]]]]}},{"type":"Feature","properties":{"province":"Mukdahan","district":"DongLuang","hasc":"TH.MD.DL"},"geometry":{"type":"MultiPolygon","coordinates":[[[[104.0968,16.7876],[104.0951,16.8092],[104.0856,16.8068],[104.073,16.8195],[104.1118,16.8381],[104.1272,16.859],[104.1261,16.8845],[104.1645,16.8873],[104.2076,16.872],[104.2166,16.8861],[104.246,16.8909],[104.2552,16.9048],[104.2637,16.8815],[104.2863,16.8551],[104.306,16.8842],[104.3358,16.902],[104.3565,16.8995],[104.3546,16.8928],[104.3639,16.8875],[104.3776,16.8899],[104.4017,16.877],[104.4175,16.8911],[104.4465,16.8648],[104.4721,16.8656],[104.493,16.8496],[104.5516,16.867],[104.6302,16.8618],[104.6402,16.8454],[104.6389,16.8237],[104.6613,16.7963],[104.6482,16.7567],[104.6124,16.7431],[104.587,16.7578],[104.5818,16.7399],[104.5717,16.7318],[104.5599,16.7353],[104.5547,16.7221],[104.5269,16.7271],[104.5237,16.7355],[104.4773,16.7308],[104.4087,16.6831],[104.4115,16.7073],[104.3776,16.7442],[104.3533,16.7457],[104.3262,16.7358],[104.3109,16.761],[104.2842,16.7542],[104.265,16.7397],[104.2713,16.7362],[104.2565,16.7015],[104.2453,16.7031],[104.2319,16.6787],[104.1797,16.6331],[104.1904,16.6668],[104.1662,16.676],[104.173,16.6947],[104.1563,16.6984],[104.1534,16.7153],[104.1354,16.7327],[104.1394,16.7549],[104.1221,16.756],[104.0968,16.7876]]]]}},{"type":"Feature","properties":{"province":"Mukdahan","district":"Khamcha-i","hasc":"TH.MD.KH"},"geometry":{"type":"MultiPolygon","coordinates":[[[[104.4461,16.5301],[104.438,16.4944],[104.4463,16.4738],[104.4707,16.4597],[104.4374,16.4579],[104.3958,16.4684],[104.3747,16.5008],[104.334,16.5093],[104.3105,16.5391],[104.2925,16.5475],[104.2869,16.5625],[104.2596,16.5572],[104.2548,16.5465],[104.228,16.5472],[104.2104,16.5623],[104.2068,16.5835],[104.1806,16.5963],[104.1798,16.6336],[104.2319,16.6787],[104.2453,16.7031],[104.2565,16.7015],[104.2713,16.7362],[104.2649,16.7394],[104.2746,16.7496],[104.3107,16.7612],[104.3259,16.7359],[104.3763,16.7448],[104.4115,16.7073],[104.4083,16.6831],[104.4515,16.7124],[104.472,16.7053],[104.4695,16.6917],[104.4927,16.6701],[104.4885,16.6509],[104.4656,16.6413],[104.4822,16.6068],[104.5137,16.5899],[104.5121,16.5258],[104.5069,16.5214],[104.4625,16.5356],[104.4461,16.5301]]]]}},{"type":"Feature","properties":{"province":"Mukdahan","district":"MuangMukdahan","hasc":"TH.MD.MU"},"geometry":{"type":"MultiPolygon","coordinates":[[[[104.7845,16.422],[104.7816,16.409],[104.7659,16.4],[104.7878,16.3691],[104.7844,16.35],[104.76,16.3462],[104.7493,16.3564],[104.7361,16.3168],[104.6625,16.2693],[104.6519,16.3155],[104.6637,16.368],[104.6533,16.3973],[104.6371,16.4128],[104.6395,16.4277],[104.6163,16.4559],[104.599,16.4604],[104.5643,16.4174],[104.5252,16.4288],[104.5121,16.4457],[104.4756,16.4501],[104.4694,16.4641],[104.4462,16.474],[104.4371,16.5068],[104.4468,16.5339],[104.5069,16.5214],[104.5122,16.5264],[104.5137,16.5899],[104.4822,16.6068],[104.4656,16.6413],[104.4885,16.6509],[104.4927,16.6701],[104.4695,16.6917],[104.4724,16.7049],[104.451,16.7125],[104.4526,16.7179],[104.5074,16.7371],[104.5549,16.7222],[104.5599,16.7353],[104.5717,16.7318],[104.5815,16.7395],[104.5878,16.758],[104.6144,16.7434],[104.6496,16.7577],[104.6606,16.7944],[104.6697,16.7845],[104.6885,16.7924],[104.7104,16.7836],[104.72,16.7674],[104.7141,16.753],[104.6778,16.743],[104.6897,16.7313],[104.6919,16.7161],[104.7109,16.7118],[104.7092,16.6863],[104.6891,16.6766],[104.6849,16.6601],[104.7118,16.6488],[104.7327,16.6254],[104.7454,16.6256],[104.7363,16.5635],[104.7525,16.5195],[104.7737,16.4967],[104.8423,16.4577],[104.8547,16.4433],[104.8121,16.4332],[104.8058,16.4208],[104.7845,16.422]]]]}},{"type":"Feature","properties":{"province":"Mukdahan","district":"NikhomKhamSoi","hasc":"TH.MD.NK"},"geometry":{"type":"MultiPolygon","coordinates":[[[[104.6625,16.2687],[104.6734,16.2508],[104.6605,16.2233],[104.6304,16.2089],[104.6158,16.2146],[104.6019,16.2381],[104.5878,16.2365],[104.5796,16.2449],[104.5534,16.3097],[104.5131,16.315],[104.5033,16.3404],[104.4003,16.3475],[104.4159,16.3947],[104.4123,16.4139],[104.399,16.425],[104.4278,16.4336],[104.45,16.4267],[104.4752,16.4575],[104.4758,16.4499],[104.5121,16.4457],[104.5252,16.4288],[104.5643,16.4174],[104.599,16.4604],[104.6158,16.4562],[104.6395,16.4277],[104.6371,16.4128],[104.6533,16.3973],[104.6637,16.368],[104.6519,16.3155],[104.6625,16.2687]]]]}},{"type":"Feature","properties":{"province":"Mukdahan","district":"NongSung","hasc":"TH.MD.NS"},"geometry":{"type":"MultiPolygon","coordinates":[[[[104.3988,16.4238],[104.4123,16.4139],[104.4159,16.3958],[104.4001,16.3477],[104.3711,16.3402],[104.3533,16.3232],[104.325,16.329],[104.3328,16.3386],[104.3186,16.3891],[104.3216,16.4179],[104.3133,16.4498],[104.2937,16.4709],[104.286,16.4471],[104.2402,16.4274],[104.2413,16.4535],[104.2296,16.4718],[104.2409,16.4903],[104.2431,16.5133],[104.2242,16.5272],[104.228,16.5472],[104.2548,16.5465],[104.2596,16.5572],[104.2869,16.5625],[104.2925,16.5475],[104.3105,16.5391],[104.334,16.5093],[104.3747,16.5008],[104.3946,16.469],[104.4371,16.458],[104.4707,16.4597],[104.4715,16.4515],[104.45,16.4267],[104.4272,16.4335],[104.3988,16.4238]]]]}},{"type":"Feature","properties":{"province":"Mukdahan","district":"WanYai","hasc":"TH.MD.WY"},"geometry":{"type":"MultiPolygon","coordinates":[[[[104.7538,16.653],[104.7454,16.6256],[104.7348,16.6248],[104.7118,16.6488],[104.6848,16.6603],[104.6891,16.6766],[104.7092,16.6863],[104.7109,16.7118],[104.6919,16.7161],[104.6897,16.7313],[104.6778,16.743],[104.7132,16.7523],[104.72,16.7671],[104.7034,16.7885],[104.6766,16.7922],[104.7038,16.8261],[104.7156,16.8265],[104.724,16.8075],[104.7401,16.8032],[104.7481,16.7668],[104.7617,16.7456],[104.7671,16.6973],[104.7538,16.653]]]]}},{"type":"Feature","properties":{"province":"NakhonNayok","district":"BanNa","hasc":"TH.NN.BN"},"geometry":{"type":"MultiPolygon","coordinates":[[[[101.1654,14.3412],[101.1519,14.3356],[101.1358,14.3077],[101.1424,14.2914],[101.1333,14.2754],[101.1417,14.2621],[101.1307,14.2565],[101.1252,14.2331],[101.1346,14.221],[101.1339,14.2043],[101.1122,14.1871],[101.0975,14.1855],[101.0955,14.1551],[101.0742,14.1513],[101.0528,14.1317],[101.0346,14.1735],[100.9979,14.1976],[100.9872,14.2267],[100.9622,14.2401],[100.9473,14.2355],[100.9511,14.3067],[100.9708,14.304],[100.9778,14.29],[100.989,14.2864],[100.9902,14.2968],[101.0207,14.3022],[101.0589,14.3431],[101.0646,14.3763],[101.0561,14.3902],[101.0577,14.4127],[101.0877,14.3815],[101.1195,14.3823],[101.149,14.3718],[101.1654,14.3412]]]]}},{"type":"Feature","properties":{"province":"NakhonNayok","district":"MuangNakhonNayok","hasc":"TH.NN.NN"},"geometry":{"type":"MultiPolygon","coordinates":[[[[101.0685,14.1465],[101.0955,14.1551],[101.0975,14.1855],[101.1122,14.1871],[101.1339,14.2043],[101.1346,14.221],[101.1252,14.2331],[101.1307,14.2565],[101.1417,14.2621],[101.1333,14.2754],[101.1422,14.29],[101.1352,14.2991],[101.1404,14.3187],[101.1519,14.3356],[101.1868,14.3528],[101.1874,14.3648],[101.2119,14.3703],[101.2036,14.4006],[101.2124,14.4122],[101.2138,14.4343],[101.2304,14.4322],[101.224,14.4458],[101.235,14.4581],[101.2264,14.4697],[101.2438,14.4704],[101.245,14.4871],[101.274,14.5111],[101.2857,14.5006],[101.2855,14.4887],[101.3065,14.4971],[101.3134,14.4708],[101.3667,14.4475],[101.3832,14.4309],[101.3816,14.4225],[101.3977,14.4168],[101.4243,14.3825],[101.3753,14.3527],[101.352,14.3604],[101.3272,14.3525],[101.3137,14.3115],[101.3321,14.3076],[101.3488,14.2766],[101.3468,14.2556],[101.3297,14.2608],[101.3314,14.2518],[101.3036,14.2362],[101.2788,14.1927],[101.2505,14.1951],[101.1985,14.15],[101.197,14.1336],[101.2087,14.1175],[101.1833,14.0967],[101.1912,14.0807],[101.1795,14.0754],[101.2042,14.0415],[101.1977,14.013],[101.1781,14.006],[101.168,14.0134],[101.1531,14.0103],[101.1237,14.0517],[101.1125,14.0532],[101.112,14.0905],[101.0685,14.1465]]]]}},{"type":"Feature","properties":{"province":"NakhonNayok","district":"Ongkharak","hasc":"TH.NN.ON"},"geometry":{"type":"MultiPolygon","coordinates":[[[[100.9493,13.9632],[100.9155,13.9587],[100.9155,14.2158],[100.9622,14.2401],[100.9808,14.2328],[100.9932,14.219],[100.9979,14.1976],[101.0346,14.1735],[101.0515,14.1317],[101.0685,14.1465],[101.112,14.0905],[101.1125,14.0532],[101.1237,14.0517],[101.1537,14.0098],[101.168,14.0134],[101.1764,14.0071],[101.147,13.9956],[101.1408,14.0],[101.1387,13.9681],[101.0471,13.9756],[100.9493,13.9632]]]]}},{"type":"Feature","properties":{"province":"NakhonNayok","district":"PakPhli","hasc":"TH.NN.PP"},"geometry":{"type":"MultiPolygon","coordinates":[[[[101.2042,14.0415],[101.1795,14.0754],[101.1912,14.0807],[101.1833,14.0967],[101.2087,14.1175],[101.197,14.1336],[101.1985,14.15],[101.2505,14.1951],[101.2788,14.1927],[101.3036,14.2362],[101.3314,14.2518],[101.3297,14.2608],[101.3468,14.2556],[101.3488,14.2766],[101.3321,14.3076],[101.3137,14.3115],[101.3272,14.3525],[101.352,14.3604],[101.3753,14.3527],[101.4338,14.3884],[101.4769,14.3642],[101.5062,14.3085],[101.4992,14.2658],[101.417,14.2515],[101.3969,14.2719],[101.3834,14.2713],[101.3801,14.2369],[101.3859,14.2268],[101.3745,14.2041],[101.3474,14.1965],[101.3308,14.1749],[101.3164,14.1721],[101.2902,14.1476],[101.2881,14.1317],[101.3094,14.1114],[101.3212,14.0697],[101.3129,14.0645],[101.3055,14.0719],[101.285,14.0496],[101.2734,14.0598],[101.2363,14.0594],[101.2251,14.0514],[101.215,14.0542],[101.2042,14.0415]]]]}},{"type":"Feature","properties":{"province":"NakhonPathom","district":"BangLen","hasc":"TH.NP.BL"},"geometry":{"type":"MultiPolygon","coordinates":[[[[100.2742,14.0604],[100.2664,14.008],[100.2766,14.0005],[100.2691,13.9922],[100.2989,13.9621],[100.2652,13.9201],[100.2826,13.9001],[100.2321,13.8997],[100.1758,13.9212],[100.1203,13.9627],[100.1046,13.9636],[100.1071,13.981],[100.0991,13.9951],[100.1122,14.0013],[100.1129,14.0364],[100.0822,14.0451],[100.0724,14.0332],[100.0409,14.102],[100.0628,14.1196],[100.0674,14.1453],[100.1324,14.1452],[100.1562,14.1662],[100.2156,14.1819],[100.2432,14.2086],[100.2475,14.1731],[100.2849,14.1689],[100.2742,14.0604]]]]}},{"type":"Feature","properties":{"province":"NakhonPathom","district":"DonTum","hasc":"TH.NP.DT"},"geometry":{"type":"MultiPolygon","coordinates":[[[[100.1464,13.892],[100.1178,13.8682],[100.1032,13.8707],[100.1017,13.8833],[100.0609,13.9072],[100.0451,13.9374],[100.0266,13.9341],[100.0154,13.9502],[100.014,13.9621],[100.0259,13.9652],[100.0249,13.9813],[100.0653,13.9901],[100.0602,14.0198],[100.0822,14.0451],[100.1129,14.0364],[100.1122,14.0013],[100.0991,13.9951],[100.1071,13.981],[100.1046,13.9636],[100.1203,13.9627],[100.1758,13.9212],[100.1464,13.892]]]]}},{"type":"Feature","properties":{"province":"NakhonPathom","district":"KamphaengSaen","hasc":"TH.NP.KS"},"geometry":{"type":"MultiPolygon","coordinates":[[[[100.0574,13.9205],[100.04,13.8911],[100.0024,13.9162],[99.9923,13.9123],[99.9685,13.937],[99.959,13.9341],[99.957,13.9431],[99.9343,13.9338],[99.8779,13.9483],[99.8702,13.9624],[99.8542,13.9698],[99.8457,13.9973],[99.8306,13.9986],[99.8544,14.0413],[99.8442,14.0584],[99.8701,14.0713],[99.9061,14.1137],[99.9322,14.1206],[99.9421,14.1345],[100.0674,14.1453],[100.0628,14.1196],[100.0409,14.102],[100.0719,14.0442],[100.0724,14.0332],[100.0602,14.0198],[100.0653,13.9901],[100.0267,13.9826],[100.0259,13.9652],[100.0132,13.9598],[100.0266,13.9341],[100.0451,13.9374],[100.0574,13.9205]]]]}},{"type":"Feature","properties":{"province":"NakhonPathom","district":"MuangNakhonPathom","hasc":"TH.NP.NP"},"geometry":{"type":"MultiPolygon","coordinates":[[[[100.0422,13.8909],[100.058,13.9121],[100.1017,13.8833],[100.0996,13.8724],[100.1178,13.8682],[100.1328,13.848],[100.1196,13.799],[100.0994,13.764],[100.1097,13.7009],[100.1032,13.6969],[100.0755,13.7086],[100.0652,13.695],[100.0335,13.6924],[100.0228,13.7229],[100.0281,13.7526],[100.0008,13.7358],[99.9538,13.7311],[99.9409,13.7593],[99.9519,13.7707],[99.9576,13.7951],[99.971,13.7997],[99.9634,13.8291],[99.9581,13.835],[99.9409,13.83],[99.937,13.8409],[99.9219,13.845],[99.9022,13.8404],[99.9132,13.8715],[99.8978,13.9019],[99.916,13.9052],[99.9271,13.9361],[99.957,13.9431],[99.959,13.9341],[99.9685,13.937],[99.9923,13.9123],[100.0024,13.9162],[100.0422,13.8909]]]]}},{"type":"Feature","properties":{"province":"NakhonPathom","district":"NakhonChaisi","hasc":"TH.NP.NC"},"geometry":{"type":"MultiPolygon","coordinates":[[[[100.106,13.7103],[100.0994,13.764],[100.1196,13.799],[100.1328,13.848],[100.1178,13.8682],[100.1758,13.9212],[100.2321,13.8997],[100.2524,13.9043],[100.2685,13.8632],[100.2678,13.8285],[100.2451,13.8274],[100.2403,13.7974],[100.1881,13.7412],[100.1581,13.727],[100.1494,13.7067],[100.1127,13.7005],[100.106,13.7103]]]]}},{"type":"Feature","properties":{"province":"NakhonPathom","district":"PhutthaMonThon","hasc":"TH.NP.PH"},"geometry":{"type":"MultiPolygon","coordinates":[[[[100.3273,13.8068],[100.3325,13.7532],[100.3252,13.7513],[100.313,13.7516],[100.3097,13.7657],[100.3029,13.7653],[100.2946,13.7941],[100.2403,13.7974],[100.2451,13.8274],[100.2678,13.8285],[100.2685,13.8632],[100.2524,13.9043],[100.2826,13.9001],[100.3273,13.8068]]]]}},{"type":"Feature","properties":{"province":"NakhonPathom","district":"SamPhran","hasc":"TH.NP.SP"},"geometry":{"type":"MultiPolygon","coordinates":[[[[100.0708,13.7047],[100.0912,13.7041],[100.0963,13.6957],[100.1494,13.7067],[100.1581,13.727],[100.1881,13.7412],[100.2359,13.795],[100.2478,13.7995],[100.2946,13.7941],[100.3015,13.7847],[100.2942,13.7777],[100.3097,13.7657],[100.313,13.7516],[100.3325,13.7532],[100.3337,13.7342],[100.3245,13.7219],[100.2871,13.71],[100.284,13.6924],[100.2727,13.6835],[100.2267,13.6687],[100.2162,13.6865],[100.1866,13.6794],[100.1813,13.6884],[100.1756,13.6807],[100.1662,13.6875],[100.1346,13.6809],[100.1046,13.6485],[100.0634,13.6488],[100.0708,13.7047]]]]}},{"type":"Feature","properties":{"province":"NakhonPhanom","district":"BanPhaeng","hasc":"TH.NF.BP"},"geometry":{"type":"MultiPolygon","coordinates":[[[[104.2834,17.8341],[104.284,17.8206],[104.2953,17.8173],[104.3005,17.8034],[104.2926,17.7723],[104.3028,17.7411],[104.2957,17.7331],[104.2673,17.7412],[104.2469,17.7228],[104.2319,17.7247],[104.2179,17.751],[104.212,17.7448],[104.2008,17.7457],[104.1974,17.7547],[104.1889,17.752],[104.1865,17.7809],[104.1997,17.8019],[104.1814,17.8351],[104.1895,17.8423],[104.1896,17.8612],[104.2016,17.8595],[104.2119,17.8715],[104.193,17.8802],[104.1879,17.8902],[104.1969,17.9024],[104.1787,17.9238],[104.1217,17.9727],[104.1149,18.0012],[104.1475,18.0118],[104.1531,18.0214],[104.1747,18.0005],[104.1763,18.0181],[104.1872,18.025],[104.2085,18.0046],[104.2778,17.8556],[104.299,17.8388],[104.2834,17.8341]]]]}},{"type":"Feature","properties":{"province":"NakhonPhanom","district":"K.WangYang","hasc":"TH.NF.WY"},"geometry":{"type":"MultiPolygon","coordinates":[[[[104.4302,16.9913],[104.4229,16.9915],[104.4275,17.0054],[104.4152,17.009],[104.4181,17.0353],[104.3896,17.0332],[104.3644,17.0624],[104.3558,17.0573],[104.3673,17.1017],[104.3815,17.1047],[104.4016,17.1388],[104.4592,17.1118],[104.493,17.1119],[104.512,17.1229],[104.4985,17.0943],[104.5394,17.0944],[104.5458,17.0537],[104.4935,17.0381],[104.4953,17.0274],[104.4856,17.0284],[104.4302,16.9913]]]]}},{"type":"Feature","properties":{"province":"NakhonPhanom","district":"MuangNakhonPhanom","hasc":"TH.NF.NP"},"geometry":{"type":"MultiPolygon","coordinates":[[[[104.793,17.1686],[104.7838,17.1291],[104.7624,17.1306],[104.7589,17.1572],[104.7351,17.1639],[104.7214,17.177],[104.6504,17.1559],[104.6549,17.1878],[104.6862,17.2208],[104.6727,17.2404],[104.6864,17.2837],[104.6729,17.3302],[104.6618,17.3249],[104.6546,17.3012],[104.6421,17.2959],[104.6369,17.2751],[104.5763,17.2857],[104.5087,17.2698],[104.4191,17.3189],[104.4257,17.3376],[104.4162,17.3592],[104.4785,17.3729],[104.5005,17.3695],[104.5689,17.4074],[104.5952,17.4056],[104.6443,17.4206],[104.6714,17.4328],[104.7102,17.4862],[104.726,17.4878],[104.802,17.3827],[104.8062,17.2251],[104.793,17.1686]]]]}},{"type":"Feature","properties":{"province":"NakhonPhanom","district":"NaKae","hasc":"TH.NF.NK"},"geometry":{"type":"MultiPolygon","coordinates":[[[[104.538,16.8645],[104.4921,16.8497],[104.4721,16.8656],[104.4465,16.8648],[104.4175,16.8911],[104.4017,16.877],[104.3776,16.8899],[104.3639,16.8875],[104.3546,16.8928],[104.3565,16.8995],[104.3358,16.902],[104.306,16.8842],[104.2863,16.8551],[104.2637,16.8815],[104.2552,16.9048],[104.2739,16.9206],[104.3046,16.9257],[104.3202,16.9739],[104.354,16.9827],[104.3598,17.004],[104.3923,17.0139],[104.4039,17.0353],[104.4184,17.0349],[104.4152,17.009],[104.4276,17.0053],[104.4253,16.9893],[104.4856,17.0284],[104.4953,17.0274],[104.4935,17.0381],[104.5453,17.0532],[104.5407,17.0945],[104.5636,17.0879],[104.5847,17.0698],[104.5774,17.0625],[104.585,17.0484],[104.5746,17.0448],[104.5869,17.0382],[104.5865,17.02],[104.5707,17.009],[104.5809,16.9954],[104.5652,16.9873],[104.5763,16.9904],[104.5823,16.9776],[104.5988,16.9909],[104.6063,16.9819],[104.602,16.9706],[104.619,16.974],[104.6158,16.9535],[104.6252,16.9586],[104.6364,16.9496],[104.6425,16.8838],[104.6302,16.8612],[104.538,16.8645]]]]}},{"type":"Feature","properties":{"province":"NakhonPhanom","district":"NaThom","hasc":"TH.NF.NT"},"geometry":{"type":"MultiPolygon","coordinates":[[[[104.1874,17.7795],[104.1889,17.752],[104.1089,17.7134],[104.076,17.709],[104.0622,17.7237],[104.0705,17.7232],[104.0671,17.7456],[104.0526,17.7368],[104.0613,17.7517],[104.0563,17.7599],[104.0334,17.7679],[104.0312,17.7559],[104.0261,17.7581],[104.0127,17.7912],[104.024,17.7971],[104.0126,17.8168],[104.0148,17.8286],[104.0011,17.8394],[104.0048,17.8477],[103.9848,17.8572],[103.99,17.8737],[104.0007,17.8905],[104.0185,17.892],[104.0335,17.9081],[104.0516,17.9029],[104.0515,17.8879],[104.0755,17.8774],[104.0914,17.899],[104.1295,17.9269],[104.1425,17.95],[104.1952,17.9052],[104.1879,17.8902],[104.2119,17.8715],[104.2016,17.8595],[104.1896,17.8612],[104.1895,17.8423],[104.1814,17.8351],[104.1997,17.8019],[104.1874,17.7795]]]]}},{"type":"Feature","properties":{"province":"NakhonPhanom","district":"NaWa","hasc":"TH.NF.NW"},"geometry":{"type":"MultiPolygon","coordinates":[[[[104.1773,17.4117],[104.1609,17.4154],[104.156,17.4039],[104.1474,17.408],[104.1564,17.3934],[104.1433,17.3942],[104.1443,17.3847],[104.1345,17.379],[104.1289,17.3976],[104.1134,17.3899],[104.1105,17.402],[104.0941,17.4005],[104.0961,17.387],[104.1045,17.3887],[104.0977,17.3739],[104.0826,17.3919],[104.0769,17.3754],[104.0606,17.389],[104.019,17.4588],[104.0119,17.4851],[104.0231,17.4872],[104.0355,17.5126],[104.0421,17.5299],[104.0376,17.5615],[104.0528,17.5705],[104.0567,17.5837],[104.0497,17.6022],[104.0342,17.615],[104.0339,17.6413],[104.0456,17.645],[104.0514,17.6369],[104.0743,17.6501],[104.0958,17.6138],[104.1363,17.5992],[104.1662,17.5708],[104.1644,17.5558],[104.1544,17.5618],[104.1481,17.5562],[104.1442,17.5633],[104.1336,17.5576],[104.14,17.5498],[104.1275,17.5368],[104.1339,17.5078],[104.162,17.5217],[104.1796,17.5001],[104.2333,17.5276],[104.2319,17.4927],[104.2212,17.4818],[104.2184,17.4616],[104.2011,17.4437],[104.2101,17.4218],[104.1756,17.427],[104.1773,17.4117]]]]}},{"type":"Feature","properties":{"province":"NakhonPhanom","district":"PhonSawan","hasc":"TH.NF.PS"},"geometry":{"type":"MultiPolygon","coordinates":[[[[104.4472,17.363],[104.4162,17.3592],[104.4094,17.3774],[104.4178,17.3947],[104.4159,17.4281],[104.3775,17.4237],[104.2897,17.431],[104.2546,17.4142],[104.2085,17.4148],[104.2106,17.4282],[104.2011,17.4437],[104.2184,17.4616],[104.2212,17.4818],[104.2319,17.4927],[104.2333,17.5276],[104.2613,17.5354],[104.3609,17.5229],[104.3819,17.5625],[104.4048,17.5728],[104.4137,17.5638],[104.461,17.5552],[104.4774,17.5603],[104.4994,17.5508],[104.5197,17.5582],[104.524,17.5509],[104.5364,17.5527],[104.576,17.4976],[104.5976,17.4423],[104.6395,17.4375],[104.6498,17.4255],[104.5953,17.4056],[104.5689,17.4074],[104.5005,17.3695],[104.4785,17.3729],[104.4472,17.363]]]]}},{"type":"Feature","properties":{"province":"NakhonPhanom","district":"PlaPak","hasc":"TH.NF.PP"},"geometry":{"type":"MultiPolygon","coordinates":[[[[104.5382,17.0947],[104.4985,17.0943],[104.512,17.1229],[104.493,17.1119],[104.4586,17.1119],[104.3921,17.1438],[104.3948,17.1794],[104.4378,17.2385],[104.4092,17.2759],[104.406,17.3056],[104.4231,17.3187],[104.4875,17.276],[104.5087,17.2698],[104.5763,17.2857],[104.6361,17.2749],[104.6421,17.2959],[104.6546,17.3012],[104.6618,17.3249],[104.6729,17.3302],[104.6864,17.2837],[104.6727,17.2404],[104.6862,17.2208],[104.6549,17.1878],[104.6517,17.1575],[104.6307,17.121],[104.6145,17.1087],[104.6098,17.0855],[104.5763,17.0721],[104.5636,17.0879],[104.5382,17.0947]]]]}},{"type":"Feature","properties":{"province":"NakhonPhanom","district":"RenuNakhon","hasc":"TH.NF.RN"},"geometry":{"type":"MultiPolygon","coordinates":[[[[104.6359,16.9496],[104.6252,16.9586],[104.6161,16.9532],[104.619,16.974],[104.602,16.9706],[104.6063,16.9819],[104.5988,16.9909],[104.5823,16.9776],[104.5763,16.9904],[104.5651,16.9882],[104.5799,16.9934],[104.5707,17.0095],[104.5867,17.0206],[104.5869,17.0382],[104.5746,17.0448],[104.585,17.0484],[104.5774,17.0625],[104.5847,17.0698],[104.5763,17.0721],[104.61,17.0856],[104.6145,17.1087],[104.6307,17.121],[104.6504,17.1559],[104.6636,17.1604],[104.7106,17.1096],[104.7218,17.0424],[104.7041,16.995],[104.6607,16.9907],[104.6467,16.9743],[104.6512,16.9549],[104.6423,16.958],[104.6359,16.9496]]]]}},{"type":"Feature","properties":{"province":"NakhonPhanom","district":"SiSongkhram","hasc":"TH.NF.SS"},"geometry":{"type":"MultiPolygon","coordinates":[[[[104.1295,17.5366],[104.1399,17.5492],[104.1343,17.5584],[104.1442,17.5633],[104.1481,17.5562],[104.1544,17.5618],[104.1644,17.5558],[104.1662,17.5708],[104.1363,17.5992],[104.0919,17.6182],[104.0718,17.6517],[104.074,17.6657],[104.0858,17.6698],[104.0808,17.6725],[104.0858,17.6818],[104.0729,17.6776],[104.0696,17.6885],[104.0802,17.6943],[104.0721,17.6985],[104.0788,17.7084],[104.1092,17.7135],[104.1255,17.7267],[104.1974,17.7547],[104.2013,17.7455],[104.218,17.7509],[104.2271,17.7259],[104.2469,17.7228],[104.2665,17.741],[104.2923,17.7308],[104.308,17.7454],[104.3253,17.7248],[104.3465,17.7509],[104.3753,17.7191],[104.3682,17.6998],[104.3543,17.7097],[104.3367,17.6905],[104.3469,17.6821],[104.3703,17.681],[104.3908,17.6612],[104.3923,17.6537],[104.377,17.6404],[104.3891,17.6118],[104.4005,17.6066],[104.4054,17.5747],[104.3819,17.5625],[104.3609,17.5229],[104.2571,17.5351],[104.1796,17.5001],[104.162,17.5217],[104.1339,17.5078],[104.1277,17.5144],[104.1295,17.5366]]]]}},{"type":"Feature","properties":{"province":"NakhonPhanom","district":"ThaUthen","hasc":"TH.NF.TU"},"geometry":{"type":"MultiPolygon","coordinates":[[[[104.6845,17.4495],[104.6693,17.4311],[104.6498,17.4255],[104.6395,17.4375],[104.6021,17.44],[104.5882,17.4583],[104.5773,17.4955],[104.536,17.5531],[104.524,17.5509],[104.5179,17.5583],[104.5023,17.5503],[104.4777,17.5603],[104.461,17.5552],[104.4106,17.5656],[104.4005,17.6066],[104.3891,17.6118],[104.377,17.6404],[104.3923,17.6537],[104.3908,17.6612],[104.3703,17.681],[104.3469,17.6821],[104.3367,17.6905],[104.3543,17.7097],[104.3682,17.6998],[104.3761,17.7176],[104.3474,17.7506],[104.3253,17.7248],[104.3166,17.7393],[104.3028,17.7413],[104.2926,17.7723],[104.3004,17.8042],[104.2953,17.8173],[104.2836,17.8216],[104.2873,17.8395],[104.3343,17.8284],[104.3607,17.8106],[104.4099,17.7205],[104.465,17.6515],[104.5388,17.619],[104.7039,17.52],[104.7268,17.4864],[104.7102,17.4862],[104.6845,17.4495]]]]}},{"type":"Feature","properties":{"province":"NakhonPhanom","district":"ThatPhanom","hasc":"TH.NF.TP"},"geometry":{"type":"MultiPolygon","coordinates":[[[[104.6608,16.795],[104.6389,16.8237],[104.6402,16.8454],[104.6303,16.8608],[104.6425,16.8835],[104.6364,16.9496],[104.6423,16.958],[104.6512,16.9549],[104.6467,16.9743],[104.6607,16.9907],[104.7046,16.9955],[104.7174,17.0218],[104.722,17.0613],[104.7106,17.1096],[104.6636,17.1604],[104.7211,17.177],[104.7351,17.1639],[104.7589,17.1572],[104.7624,17.1306],[104.7841,17.1291],[104.7688,17.0792],[104.7371,17.0288],[104.7312,17.0026],[104.735,16.9076],[104.7298,16.9151],[104.7598,16.8482],[104.7352,16.8038],[104.724,16.8075],[104.7158,16.8263],[104.7041,16.8261],[104.6707,16.7847],[104.6608,16.795]]]]}},{"type":"Feature","properties":{"province":"NakhonRatchasima","district":"BanLuam","hasc":"TH.NR.LU"},"geometry":{"type":"MultiPolygon","coordinates":[[[[102.0346,15.499],[102.045,15.5264],[102.0405,15.5445],[102.0635,15.579],[102.0759,15.6218],[102.086,15.6199],[102.0904,15.6324],[102.0932,15.6254],[102.1004,15.6338],[102.1069,15.631],[102.1033,15.6366],[102.1123,15.6437],[102.1143,15.6381],[102.1162,15.6457],[102.1503,15.6368],[102.1884,15.6136],[102.2301,15.6115],[102.2577,15.5525],[102.2138,15.54],[102.2082,15.5289],[102.1766,15.5234],[102.1297,15.5474],[102.1032,15.5396],[102.1088,15.5293],[102.0951,15.5203],[102.0346,15.499]]]]}},{"type":"Feature","properties":{"province":"NakhonRatchasima","district":"BuaYai","hasc":"TH.NR.BY"},"geometry":{"type":"MultiPolygon","coordinates":[[[[102.4639,15.5337],[102.4676,15.5213],[102.5028,15.493],[102.507,15.4767],[102.5232,15.4632],[102.49,15.4694],[102.4733,15.4564],[102.4595,15.4662],[102.4363,15.4663],[102.383,15.498],[102.3669,15.4911],[102.3517,15.5019],[102.3347,15.5011],[102.3176,15.5252],[102.2628,15.5406],[102.2315,15.5999],[102.3471,15.699],[102.3646,15.7289],[102.3789,15.7312],[102.4191,15.6944],[102.4221,15.6802],[102.4318,15.6799],[102.4268,15.6703],[102.4331,15.6458],[102.4556,15.6494],[102.4562,15.6282],[102.47,15.6079],[102.485,15.6183],[102.5004,15.6153],[102.5092,15.5994],[102.5314,15.5843],[102.5281,15.5523],[102.4767,15.5508],[102.4639,15.5337]]]]}},{"type":"Feature","properties":{"province":"NakhonRatchasima","district":"Chakkarat","hasc":"TH.NR.CH"},"geometry":{"type":"MultiPolygon","coordinates":[[[[102.5632,14.9173],[102.5429,14.8981],[102.5539,14.8595],[102.5428,14.8241],[102.5336,14.8115],[102.507,14.8011],[102.4778,14.8125],[102.4615,14.8335],[102.445,14.8263],[102.4498,14.8421],[102.4228,14.8319],[102.39,14.8539],[102.3464,14.8321],[102.3232,14.8458],[102.3219,14.8617],[102.3051,14.8763],[102.3299,14.8835],[102.343,14.8755],[102.3294,14.9357],[102.373,14.9126],[102.3774,14.9248],[102.3504,14.9928],[102.3336,15.0084],[102.343,15.0109],[102.3339,15.0172],[102.3416,15.0311],[102.3123,15.054],[102.3267,15.071],[102.3496,15.0781],[102.349,15.0887],[102.3656,15.0843],[102.3521,15.1069],[102.3879,15.1328],[102.3898,15.1527],[102.4027,15.1468],[102.411,15.1292],[102.4002,15.1207],[102.4188,15.1121],[102.4147,15.102],[102.399,15.1008],[102.406,15.0827],[102.4414,15.0617],[102.4598,15.067],[102.4864,15.0538],[102.4995,15.0626],[102.5088,15.0594],[102.5183,14.9899],[102.5439,14.948],[102.5669,14.9344],[102.5632,14.9173]]]]}},{"type":"Feature","properties":{"province":"NakhonRatchasima","district":"Chalermphrakiet","hasc":"TH.NR.CP"},"geometry":{"type":"MultiPolygon","coordinates":[[[[102.3686,14.9535],[102.3757,14.9123],[102.3294,14.9357],[102.343,14.8755],[102.3299,14.8835],[102.3051,14.8763],[102.291,14.8803],[102.2797,14.9044],[102.2296,14.9165],[102.2325,14.9364],[102.2231,14.9524],[102.2255,14.9775],[102.2166,15.0014],[102.221,15.02],[102.2137,15.0656],[102.2215,15.0737],[102.2211,15.0965],[102.2331,15.1013],[102.2358,15.0815],[102.2636,15.0571],[102.2526,15.0377],[102.2693,15.0384],[102.2754,15.0226],[102.3067,15.0529],[102.3364,15.039],[102.3417,15.0306],[102.3339,15.0172],[102.343,15.0109],[102.3336,15.0084],[102.35,14.9935],[102.3686,14.9535]]]]}},{"type":"Feature","properties":{"province":"NakhonRatchasima","district":"ChokChai","hasc":"TH.NR.CC"},"geometry":{"type":"MultiPolygon","coordinates":[[[[102.1535,14.6321],[102.1542,14.6486],[102.1403,14.6414],[102.1344,14.649],[102.1262,14.6998],[102.1106,14.7098],[102.1049,14.7375],[102.1157,14.7604],[102.1052,14.8049],[102.1074,14.8382],[102.1235,14.8544],[102.1534,14.8541],[102.1818,14.8711],[102.19,14.8933],[102.2043,14.895],[102.2239,14.9158],[102.2793,14.9047],[102.2887,14.8817],[102.3079,14.8747],[102.3229,14.8582],[102.3024,14.8428],[102.2745,14.7655],[102.281,14.7321],[102.2676,14.7288],[102.2633,14.7024],[102.2695,14.6451],[102.2616,14.6279],[102.2691,14.6138],[102.2407,14.6138],[102.2259,14.5953],[102.1716,14.5903],[102.1682,14.6107],[102.1528,14.6124],[102.1535,14.6321]]]]}},{"type":"Feature","properties":{"province":"NakhonRatchasima","district":"ChumPhuang","hasc":"TH.NR.CP"},"geometry":{"type":"MultiPolygon","coordinates":[[[[102.7405,15.0976],[102.7307,15.0954],[102.7063,15.1334],[102.7094,15.1391],[102.6972,15.1389],[102.6852,15.1645],[102.6728,15.1647],[102.6702,15.188],[102.6527,15.2011],[102.6632,15.2227],[102.6586,15.238],[102.6685,15.2447],[102.6641,15.2567],[102.6758,15.2548],[102.6792,15.2795],[102.692,15.2929],[102.6751,15.3121],[102.6604,15.3012],[102.6286,15.2972],[102.6192,15.304],[102.6279,15.3161],[102.6477,15.3118],[102.6524,15.3469],[102.6594,15.3451],[102.6606,15.3548],[102.6755,15.3566],[102.6717,15.3607],[102.6909,15.3725],[102.6876,15.3865],[102.7012,15.4478],[102.7273,15.4407],[102.7371,15.4237],[102.756,15.4133],[102.7729,15.4119],[102.7828,15.3792],[102.7936,15.3865],[102.8049,15.3753],[102.8331,15.3835],[102.8463,15.4036],[102.8468,15.3336],[102.8262,15.2929],[102.8434,15.2545],[102.8622,15.2389],[102.8776,15.2072],[102.8654,15.1927],[102.8878,15.1813],[102.8767,15.1718],[102.85,15.1681],[102.8328,15.1454],[102.819,15.141],[102.779,15.0854],[102.7647,15.0783],[102.7405,15.0976]],[[102.6596980349345,15.346391484716156],[102.6613,15.3449],[102.6597,15.3464],[102.6596980349345,15.346391484716156]]]]}},{"type":"Feature","properties":{"province":"NakhonRatchasima","district":"DanKhunThot","hasc":"TH.NR.DK"},"geometry":{"type":"MultiPolygon","coordinates":[[[[101.7787,15.0645],[101.7565,15.0757],[101.7369,15.066],[101.7151,15.0733],[101.7017,15.063],[101.6875,15.0701],[101.6599,15.0669],[101.6367,15.0771],[101.6332,15.0971],[101.5598,15.0939],[101.5528,15.0851],[101.4773,15.092],[101.4282,15.1148],[101.4009,15.078],[101.3913,15.129],[101.3955,15.1501],[101.3757,15.189],[101.3676,15.1907],[101.3687,15.2289],[101.3579,15.2501],[101.3818,15.2383],[101.3947,15.24],[101.4161,15.2114],[101.447,15.2203],[101.5143,15.2114],[101.5678,15.221],[101.6124,15.2015],[101.598,15.231],[101.6058,15.2559],[101.6398,15.2339],[101.611,15.3016],[101.619,15.3238],[101.5681,15.3381],[101.5672,15.3706],[101.5991,15.3778],[101.6219,15.3612],[101.642,15.3933],[101.6598,15.3999],[101.6864,15.3899],[101.7049,15.3932],[101.7302,15.3808],[101.7715,15.3799],[101.7875,15.3905],[101.8087,15.4265],[101.89,15.3827],[101.8984,15.3617],[101.9173,15.3538],[101.9328,15.3305],[101.9191,15.316],[101.9241,15.2919],[101.9017,15.2358],[101.909,15.222],[101.8735,15.2204],[101.8703,15.1895],[101.8798,15.1856],[101.8863,15.1601],[101.9046,15.1474],[101.8907,15.1037],[101.8621,15.1052],[101.8394,15.0825],[101.8371,15.067],[101.8512,15.0517],[101.7881,15.0454],[101.7787,15.0645]]]]}},{"type":"Feature","properties":{"province":"NakhonRatchasima","district":"HuaiThalang","hasc":"TH.NR.HT"},"geometry":{"type":"MultiPolygon","coordinates":[[[[102.7367,14.9941],[102.7116,14.977],[102.7115,14.9541],[102.6982,14.9326],[102.6025,14.9348],[102.5732,14.9564],[102.5488,14.9452],[102.5183,14.9899],[102.5088,15.0594],[102.4912,15.0571],[102.4934,15.0694],[102.4802,15.0879],[102.498,15.0961],[102.5723,15.0918],[102.5852,15.1564],[102.6219,15.1387],[102.6487,15.1479],[102.6563,15.16],[102.6852,15.1645],[102.6968,15.1392],[102.7097,15.1386],[102.7063,15.1334],[102.7307,15.0954],[102.7418,15.0974],[102.7572,15.0812],[102.7645,15.0835],[102.7661,15.0709],[102.7733,15.0743],[102.7791,15.064],[102.7751,15.0562],[102.7839,15.039],[102.7555,15.0275],[102.7521,14.9915],[102.7367,14.9941]]]]}},{"type":"Feature","properties":{"province":"NakhonRatchasima","district":"K.BuaLai","hasc":"TH.NR.LA"},"geometry":{"type":"MultiPolygon","coordinates":[[[[102.5615,15.7061],[102.6,15.711],[102.6062,15.6776],[102.6006,15.6602],[102.5786,15.6439],[102.5797,15.6244],[102.5552,15.6165],[102.5355,15.6223],[102.5225,15.6057],[102.5156,15.6272],[102.5068,15.6264],[102.5027,15.6156],[102.485,15.6183],[102.47,15.6079],[102.4562,15.6282],[102.4556,15.6494],[102.4324,15.6468],[102.4268,15.6703],[102.4321,15.6795],[102.4217,15.6807],[102.4191,15.6944],[102.4538,15.7156],[102.5142,15.7257],[102.5363,15.7095],[102.5615,15.7061]]]]}},{"type":"Feature","properties":{"province":"NakhonRatchasima","district":"K.LamThaMenChai","hasc":"TH.NR.LT"},"geometry":{"type":"MultiPolygon","coordinates":[[[[102.9563,15.3823],[102.9876,15.371],[102.9939,15.3467],[102.9921,15.3339],[102.9695,15.3314],[102.9544,15.3135],[102.9697,15.2912],[102.9566,15.27],[102.9631,15.2603],[102.9572,15.2498],[102.962,15.2194],[102.9766,15.2053],[102.9686,15.1909],[102.94,15.182],[102.8971,15.1872],[102.8878,15.1813],[102.8654,15.1927],[102.8776,15.2072],[102.8622,15.2389],[102.8434,15.2545],[102.8262,15.2929],[102.8468,15.3336],[102.8444,15.401],[102.8773,15.3849],[102.8707,15.3834],[102.8793,15.3825],[102.881,15.3677],[102.8874,15.3732],[102.8989,15.3674],[102.9016,15.3792],[102.9244,15.3594],[102.925,15.3661],[102.9428,15.3729],[102.9427,15.382],[102.9563,15.3823]]]]}},{"type":"Feature","properties":{"province":"NakhonRatchasima","district":"K.MuangYang","hasc":"TH.NR.MY"},"geometry":{"type":"MultiPolygon","coordinates":[[[[102.8351,15.5088],[102.8383,15.5146],[102.8664,15.5065],[102.8857,15.5218],[102.8907,15.512],[102.8985,15.5193],[102.9147,15.5064],[102.9286,15.509],[102.9332,15.5016],[102.9241,15.4977],[102.9313,15.4874],[102.9412,15.4951],[102.9465,15.488],[102.9391,15.4744],[102.9671,15.4839],[102.9699,15.4763],[102.9798,15.4805],[102.9872,15.4653],[102.9945,15.467],[103.014,15.4271],[103.0022,15.4253],[102.9945,15.4128],[102.9853,15.4251],[102.9833,15.4143],[102.9803,15.4274],[102.9727,15.4248],[102.9684,15.4052],[102.9603,15.4017],[102.9598,15.4088],[102.9537,15.4014],[102.9559,15.3815],[102.9423,15.3818],[102.9428,15.3729],[102.925,15.3661],[102.9244,15.3594],[102.9016,15.3792],[102.8989,15.3674],[102.8874,15.3732],[102.881,15.3677],[102.8793,15.3825],[102.8707,15.3834],[102.8773,15.3849],[102.8621,15.3937],[102.8584,15.3889],[102.8472,15.4037],[102.8404,15.4031],[102.8331,15.3835],[102.8049,15.3753],[102.7936,15.3865],[102.7824,15.3794],[102.7734,15.3992],[102.7923,15.4126],[102.7945,15.4317],[102.8049,15.436],[102.84,15.4898],[102.8351,15.5088]]]]}},{"type":"Feature","properties":{"province":"NakhonRatchasima","district":"K.PhraThongKham","hasc":"TH.NR.TK"},"geometry":{"type":"MultiPolygon","coordinates":[[[[101.9091,15.4144],[101.9327,15.4511],[101.9975,15.4627],[102.048,15.4327],[102.0497,15.3861],[102.0729,15.3755],[102.0636,15.3516],[102.0878,15.3169],[102.1006,15.3115],[102.0856,15.3024],[102.1032,15.297],[102.1035,15.2895],[102.0861,15.2722],[102.0605,15.2621],[102.0281,15.3015],[102.0279,15.2849],[102.0146,15.2641],[102.0197,15.2555],[102.0073,15.2336],[101.9782,15.2533],[101.9448,15.2485],[101.942,15.2851],[101.9291,15.288],[101.9184,15.2789],[101.9242,15.2928],[101.9193,15.3164],[101.9328,15.3305],[101.9173,15.3538],[101.8984,15.3617],[101.8818,15.388],[101.9091,15.4144]]]]}},{"type":"Feature","properties":{"province":"NakhonRatchasima","district":"K.Sida","hasc":"TH.NR.SD"},"geometry":{"type":"MultiPolygon","coordinates":[[[[102.5232,15.4632],[102.507,15.4767],[102.5028,15.493],[102.4676,15.5213],[102.4635,15.5346],[102.4767,15.5508],[102.5281,15.5523],[102.5314,15.5843],[102.5038,15.6056],[102.5068,15.6264],[102.5156,15.6272],[102.5225,15.6057],[102.5355,15.6223],[102.5539,15.6165],[102.5774,15.6231],[102.5786,15.6439],[102.5994,15.6588],[102.6054,15.6735],[102.6202,15.6371],[102.6253,15.5717],[102.62,15.5378],[102.5974,15.5274],[102.5399,15.5265],[102.539,15.4934],[102.5232,15.4632]]]]}},{"type":"Feature","properties":{"province":"NakhonRatchasima","district":"K.ThePhaRak","hasc":"TH.NR.TH"},"geometry":{"type":"MultiPolygon","coordinates":[[[[101.3833,15.2771],[101.3867,15.3293],[101.3912,15.3198],[101.4133,15.3153],[101.4351,15.3689],[101.4742,15.3676],[101.4952,15.356],[101.5227,15.3737],[101.5572,15.3744],[101.5672,15.3706],[101.5685,15.3378],[101.6189,15.3242],[101.611,15.3016],[101.6398,15.2339],[101.6058,15.2559],[101.598,15.231],[101.6124,15.2015],[101.5678,15.221],[101.5143,15.2114],[101.447,15.2203],[101.4161,15.2114],[101.3876,15.2417],[101.3833,15.2771]]]]}},{"type":"Feature","properties":{"province":"NakhonRatchasima","district":"KaengSanamNang","hasc":"TH.NR.KN"},"geometry":{"type":"MultiPolygon","coordinates":[[[[102.1219,15.6461],[102.1201,15.6512],[102.1287,15.6499],[102.1289,15.6697],[102.1456,15.678],[102.1441,15.7049],[102.1506,15.7059],[102.152,15.7207],[102.163,15.7251],[102.1568,15.7407],[102.1645,15.7363],[102.166,15.7439],[102.1867,15.7466],[102.1886,15.7378],[102.202,15.7383],[102.2052,15.7557],[102.2319,15.7427],[102.2512,15.7494],[102.2472,15.756],[102.2599,15.7707],[102.2582,15.7797],[102.2943,15.7839],[102.3088,15.7914],[102.3142,15.8065],[102.3289,15.8019],[102.3646,15.7661],[102.3581,15.7389],[102.3645,15.727],[102.3492,15.7014],[102.2416,15.6067],[102.1884,15.6136],[102.1219,15.6461]]]]}},{"type":"Feature","properties":{"province":"NakhonRatchasima","district":"KhamSakaeSaeng","hasc":"TH.NR.KS"},"geometry":{"type":"MultiPolygon","coordinates":[[[[102.1852,15.2795],[102.1609,15.2778],[102.1457,15.2898],[102.143,15.3062],[102.0882,15.3166],[102.0634,15.3521],[102.0729,15.3755],[102.0503,15.3849],[102.0462,15.4142],[102.0657,15.4127],[102.1108,15.4406],[102.1771,15.4614],[102.228,15.4644],[102.2568,15.4423],[102.2637,15.425],[102.2958,15.4055],[102.293,15.37],[102.2812,15.3604],[102.2371,15.3338],[102.1964,15.3332],[102.1852,15.2795]]]]}},{"type":"Feature","properties":{"province":"NakhonRatchasima","district":"KhamThalaSo","hasc":"TH.NR.KT"},"geometry":{"type":"MultiPolygon","coordinates":[[[[101.9437,14.9314],[101.903,14.937],[101.89,15.0269],[101.8376,15.0656],[101.8392,15.0821],[101.8617,15.105],[101.9035,15.097],[101.9285,15.1109],[101.9956,15.0918],[101.9941,15.0307],[101.976,15.0014],[101.9958,14.9587],[101.9779,14.9415],[101.9437,14.9314]]]]}},{"type":"Feature","properties":{"province":"NakhonRatchasima","district":"KhonBuri","hasc":"TH.NR.KB"},"geometry":{"type":"MultiPolygon","coordinates":[[[[102.3123,14.6025],[102.3403,14.6011],[102.3692,14.6191],[102.3752,14.6052],[102.4342,14.5893],[102.4174,14.5626],[102.4163,14.5264],[102.3954,14.5013],[102.3794,14.4453],[102.3816,14.3882],[102.3947,14.3799],[102.4126,14.3494],[102.3932,14.3419],[102.3822,14.3071],[102.3855,14.2965],[102.369,14.2595],[102.3795,14.2359],[102.3672,14.2219],[102.3715,14.1979],[102.3599,14.1627],[102.3592,14.1305],[102.3345,14.1194],[102.3267,14.1268],[102.3099,14.1196],[102.2907,14.1341],[102.2739,14.128],[102.2692,14.1457],[102.2488,14.1394],[102.2196,14.1431],[102.2135,14.1708],[102.1872,14.1947],[102.1687,14.1709],[102.1688,14.1411],[102.1362,14.1362],[102.0729,14.1634],[102.0362,14.1955],[101.9693,14.226],[101.9978,14.2314],[102.0189,14.2465],[102.005,14.2831],[102.0227,14.2973],[102.0274,14.3162],[102.0463,14.3243],[102.0514,14.3422],[102.0704,14.3525],[102.0563,14.3896],[102.0697,14.4034],[102.0561,14.4069],[102.0646,14.4229],[102.0464,14.4521],[102.042,14.4777],[102.0521,14.5067],[102.0328,14.5206],[102.0718,14.5685],[102.085,14.575],[102.102,14.6258],[102.1529,14.6491],[102.1528,14.6124],[102.1682,14.6107],[102.1712,14.5904],[102.2263,14.5954],[102.2425,14.6142],[102.2818,14.6129],[102.3123,14.6025]]]]}},{"type":"Feature","properties":{"province":"NakhonRatchasima","district":"Khong","hasc":"TH.NR.KH"},"geometry":{"type":"MultiPolygon","coordinates":[[[[102.4383,15.3953],[102.4626,15.411],[102.5269,15.3776],[102.5304,15.3684],[102.5107,15.3664],[102.5095,15.356],[102.4972,15.3534],[102.5004,15.3445],[102.4878,15.3449],[102.4864,15.3353],[102.4778,15.3394],[102.4786,15.3325],[102.4572,15.3271],[102.4581,15.3166],[102.4332,15.296],[102.4208,15.2708],[102.4119,15.2714],[102.4011,15.2956],[102.3814,15.2737],[102.3576,15.2765],[102.3452,15.2799],[102.3416,15.3188],[102.3799,15.3633],[102.3549,15.3755],[102.3129,15.3813],[102.293,15.37],[102.2983,15.4023],[102.2637,15.425],[102.2568,15.4423],[102.2312,15.4636],[102.1771,15.4614],[102.1108,15.4406],[102.0621,15.4118],[102.0462,15.4142],[102.049,15.4318],[102.0121,15.4545],[102.0373,15.4748],[102.0344,15.4982],[102.1064,15.5261],[102.1043,15.5403],[102.1366,15.5473],[102.1766,15.5234],[102.2082,15.5289],[102.2217,15.5434],[102.256,15.5476],[102.2911,15.5291],[102.318,15.525],[102.3347,15.5011],[102.3517,15.5019],[102.3669,15.4911],[102.383,15.498],[102.4363,15.4663],[102.4595,15.4662],[102.4722,15.4569],[102.4344,15.4025],[102.4383,15.3953]]]]}},{"type":"Feature","properties":{"province":"NakhonRatchasima","district":"MuangNakhonRatchasima","hasc":"TH.NR.NR"},"geometry":{"type":"MultiPolygon","coordinates":[[[[101.9465,14.933],[101.9779,14.9415],[101.9958,14.9587],[101.976,15.0018],[101.994,15.0302],[101.9976,15.0835],[102.0126,15.0846],[102.0231,15.0714],[102.0786,15.0721],[102.0892,15.0783],[102.0818,15.0928],[102.094,15.1308],[102.1164,15.1387],[102.1382,15.1223],[102.1847,15.1387],[102.1869,15.1265],[102.2314,15.1058],[102.2211,15.0965],[102.2215,15.0737],[102.2137,15.0656],[102.2303,14.9176],[102.2043,14.895],[102.19,14.8933],[102.1825,14.8717],[102.1625,14.8588],[102.1328,14.8583],[102.1166,14.8491],[102.107,14.8369],[102.1058,14.7885],[102.0448,14.8432],[101.9939,14.8358],[101.9705,14.8075],[101.9616,14.8649],[101.9439,14.8779],[101.9344,14.903],[101.9465,14.933]]]]}},{"type":"Feature","properties":{"province":"NakhonRatchasima","district":"NonDaeng","hasc":"TH.NR.ND"},"geometry":{"type":"MultiPolygon","coordinates":[[[[102.5287,15.3709],[102.4626,15.411],[102.4364,15.3944],[102.4344,15.4025],[102.482,15.4676],[102.5049,15.4707],[102.5265,15.4599],[102.5244,15.4753],[102.5346,15.4819],[102.5431,15.5102],[102.5399,15.5265],[102.6006,15.5281],[102.6039,15.5094],[102.5925,15.4802],[102.6118,15.438],[102.6082,15.4246],[102.5908,15.4147],[102.5779,15.4189],[102.5429,15.3722],[102.5287,15.3709]]]]}},{"type":"Feature","properties":{"province":"NakhonRatchasima","district":"NonSung","hasc":"TH.NR.NS"},"geometry":{"type":"MultiPolygon","coordinates":[[[[102.2568,15.0377],[102.2525,15.0408],[102.2634,15.0576],[102.2358,15.0815],[102.2247,15.1141],[102.1967,15.12],[102.1839,15.1293],[102.1847,15.1387],[102.16,15.1348],[102.1506,15.1237],[102.1262,15.1304],[102.136,15.1956],[102.1437,15.2093],[102.178,15.2163],[102.1609,15.2778],[102.1867,15.2809],[102.1964,15.3332],[102.2406,15.335],[102.3125,15.3812],[102.3549,15.3755],[102.3799,15.3628],[102.3416,15.3188],[102.3453,15.2795],[102.3814,15.2737],[102.4016,15.2955],[102.4119,15.2714],[102.4214,15.2703],[102.4368,15.2493],[102.4002,15.2359],[102.3691,15.2113],[102.3804,15.1885],[102.3704,15.1589],[102.3811,15.1325],[102.3519,15.1064],[102.3656,15.0843],[102.349,15.0887],[102.3496,15.0781],[102.3263,15.0707],[102.3184,15.0559],[102.2857,15.0371],[102.2785,15.0219],[102.2693,15.0384],[102.2568,15.0377]]]]}},{"type":"Feature","properties":{"province":"NakhonRatchasima","district":"NonThai","hasc":"TH.NR.NT"},"geometry":{"type":"MultiPolygon","coordinates":[[[[101.9972,15.0851],[101.9939,15.0933],[101.9294,15.1108],[101.9035,15.097],[101.8907,15.1037],[101.9046,15.1474],[101.8863,15.1601],[101.8798,15.1856],[101.8703,15.1895],[101.8745,15.2229],[101.9087,15.2216],[101.9017,15.2358],[101.9184,15.2789],[101.9287,15.2879],[101.942,15.2851],[101.9444,15.2487],[101.9782,15.2533],[102.0064,15.2334],[102.0197,15.2555],[102.0146,15.2641],[102.0279,15.2849],[102.0281,15.3015],[102.0605,15.2621],[102.0861,15.2722],[102.1035,15.2895],[102.1032,15.297],[102.0856,15.3024],[102.1016,15.3078],[102.0995,15.3129],[102.143,15.3062],[102.1457,15.2898],[102.1585,15.2841],[102.1612,15.2623],[102.1758,15.2423],[102.1784,15.2176],[102.1415,15.2071],[102.1251,15.1339],[102.1164,15.1387],[102.094,15.1308],[102.0818,15.0928],[102.0889,15.0774],[102.0236,15.0714],[102.0126,15.0846],[101.9972,15.0851]]]]}},{"type":"Feature","properties":{"province":"NakhonRatchasima","district":"NongBunnak","hasc":"TH.NR.NB"},"geometry":{"type":"MultiPolygon","coordinates":[[[[102.4782,14.6429],[102.4719,14.6159],[102.4811,14.6024],[102.4669,14.5879],[102.4268,14.5718],[102.4328,14.5916],[102.3752,14.6052],[102.3692,14.6191],[102.3304,14.5991],[102.2692,14.6137],[102.2616,14.6279],[102.2695,14.6451],[102.2672,14.7275],[102.2808,14.7312],[102.2745,14.7655],[102.3086,14.8534],[102.3226,14.856],[102.3301,14.8387],[102.3464,14.8321],[102.39,14.8539],[102.4228,14.8319],[102.4498,14.8421],[102.444,14.8272],[102.4534,14.8253],[102.4419,14.7984],[102.4459,14.7787],[102.4713,14.7608],[102.4819,14.7355],[102.491,14.7329],[102.4684,14.7224],[102.4607,14.7071],[102.4782,14.6429]]]]}},{"type":"Feature","properties":{"province":"NakhonRatchasima","district":"PakChong","hasc":"TH.NR.PC"},"geometry":{"type":"MultiPolygon","coordinates":[[[[101.6257,14.7155],[101.6431,14.7182],[101.6785,14.6949],[101.6676,14.6791],[101.6794,14.6682],[101.6756,14.6522],[101.6871,14.6319],[101.6723,14.6087],[101.6481,14.6048],[101.6529,14.5806],[101.6385,14.5561],[101.6472,14.544],[101.6751,14.5411],[101.7135,14.5162],[101.7025,14.4897],[101.6521,14.4494],[101.6441,14.416],[101.5979,14.437],[101.5491,14.4344],[101.5353,14.4234],[101.5107,14.4336],[101.4836,14.4616],[101.4377,14.4444],[101.4487,14.4199],[101.4243,14.3825],[101.3977,14.4168],[101.3816,14.4225],[101.3832,14.4309],[101.3667,14.4475],[101.3134,14.4708],[101.3065,14.4971],[101.2863,14.4882],[101.2857,14.5006],[101.274,14.5111],[101.2426,14.4783],[101.2126,14.5171],[101.1854,14.5337],[101.183,14.546],[101.1961,14.553],[101.2167,14.5878],[101.206,14.6075],[101.2055,14.6825],[101.1889,14.71],[101.1961,14.739],[101.1905,14.747],[101.1994,14.7483],[101.2017,14.7592],[101.215,14.7589],[101.2332,14.7316],[101.2825,14.7246],[101.2843,14.7436],[101.3008,14.7358],[101.3094,14.7572],[101.3362,14.7638],[101.3386,14.7848],[101.3891,14.8112],[101.4172,14.8432],[101.4531,14.8573],[101.4541,14.8673],[101.4673,14.8753],[101.4917,14.8436],[101.5136,14.834],[101.5498,14.8494],[101.561,14.8418],[101.5642,14.8275],[101.5509,14.7759],[101.6129,14.7488],[101.6193,14.717],[101.6257,14.7155]]]]}},{"type":"Feature","properties":{"province":"NakhonRatchasima","district":"PakThongChai","hasc":"TH.NR.PT"},"geometry":{"type":"MultiPolygon","coordinates":[[[[102.1163,14.7053],[102.1264,14.6994],[102.1403,14.6414],[102.102,14.6258],[102.085,14.575],[102.0494,14.542],[102.0188,14.5624],[102.0147,14.5783],[102.0036,14.5783],[101.9315,14.5427],[101.9145,14.5503],[101.9083,14.5196],[101.8678,14.5032],[101.8336,14.5197],[101.8192,14.5445],[101.7737,14.5365],[101.7322,14.5428],[101.733,14.559],[101.7622,14.5631],[101.7746,14.5782],[101.7674,14.5966],[101.7505,14.6057],[101.7481,14.6282],[101.7273,14.6461],[101.7167,14.6714],[101.7064,14.6749],[101.7051,14.7068],[101.7178,14.7229],[101.7514,14.7321],[101.8089,14.6955],[101.8309,14.7131],[101.8709,14.7283],[101.8967,14.7036],[101.8994,14.7207],[101.9203,14.7355],[101.8937,14.7604],[101.9234,14.7688],[101.9571,14.8044],[101.9763,14.8086],[101.9927,14.8352],[102.0443,14.8433],[102.0981,14.7907],[102.1081,14.7907],[102.1157,14.7604],[102.1049,14.7366],[102.1163,14.7053]]]]}},{"type":"Feature","properties":{"province":"NakhonRatchasima","district":"Phimai","hasc":"TH.NR.PH"},"geometry":{"type":"MultiPolygon","coordinates":[[[[102.4894,15.0552],[102.458,15.0673],[102.4414,15.0617],[102.406,15.0827],[102.399,15.1008],[102.4147,15.102],[102.4188,15.1121],[102.4002,15.1207],[102.411,15.1292],[102.3941,15.1526],[102.3846,15.1455],[102.3911,15.1409],[102.3879,15.1328],[102.3781,15.1323],[102.3704,15.172],[102.3804,15.1885],[102.3691,15.2113],[102.4002,15.2359],[102.4364,15.2485],[102.4215,15.2737],[102.4332,15.296],[102.4441,15.2987],[102.4441,15.3092],[102.4581,15.3166],[102.4572,15.3271],[102.4786,15.3325],[102.4778,15.3394],[102.4864,15.3353],[102.4878,15.3449],[102.5004,15.3445],[102.4972,15.3534],[102.5095,15.356],[102.5107,15.3664],[102.5429,15.3722],[102.5779,15.4189],[102.5991,15.4167],[102.6082,15.4246],[102.6092,15.4451],[102.6152,15.4434],[102.6343,15.4678],[102.6537,15.4619],[102.6507,15.4683],[102.6717,15.4751],[102.6921,15.4713],[102.7093,15.484],[102.7128,15.4694],[102.7004,15.4546],[102.6909,15.3725],[102.6717,15.3607],[102.6755,15.3566],[102.6606,15.3548],[102.6594,15.3451],[102.6524,15.3469],[102.6477,15.3118],[102.6279,15.3161],[102.6192,15.304],[102.6286,15.2972],[102.6604,15.3012],[102.6751,15.3121],[102.6923,15.2925],[102.6836,15.2898],[102.6758,15.2548],[102.6641,15.2567],[102.6685,15.2447],[102.6586,15.238],[102.6632,15.2227],[102.6527,15.2011],[102.67,15.1884],[102.6665,15.1805],[102.6755,15.1674],[102.6223,15.1387],[102.5852,15.1564],[102.573,15.0923],[102.4936,15.095],[102.4801,15.0873],[102.4934,15.0694],[102.4894,15.0552]]],[[[102.6596980349345,15.346391484716156],[102.6597,15.3464],[102.6613,15.3449],[102.6596980349345,15.346391484716156]]]]}},{"type":"Feature","properties":{"province":"NakhonRatchasima","district":"PraThai","hasc":"TH.NR.PR"},"geometry":{"type":"MultiPolygon","coordinates":[[[[102.8208,15.51],[102.8377,15.5061],[102.84,15.4898],[102.8049,15.436],[102.7945,15.4317],[102.7923,15.4126],[102.7788,15.4042],[102.7699,15.414],[102.7371,15.4237],[102.7253,15.4419],[102.7012,15.4478],[102.7128,15.4694],[102.7093,15.484],[102.6921,15.4713],[102.6717,15.4751],[102.6507,15.4683],[102.6537,15.4619],[102.6343,15.4678],[102.6152,15.4434],[102.6092,15.4451],[102.5925,15.4824],[102.6039,15.5094],[102.6006,15.5281],[102.6198,15.5373],[102.6253,15.5717],[102.62,15.6383],[102.6051,15.6656],[102.6003,15.6984],[102.605,15.7231],[102.6154,15.7271],[102.6524,15.7136],[102.6714,15.7154],[102.6843,15.7275],[102.6985,15.7234],[102.6918,15.7017],[102.7103,15.685],[102.7183,15.6645],[102.7486,15.6689],[102.7636,15.6515],[102.7748,15.6515],[102.7825,15.6386],[102.7729,15.621],[102.7867,15.583],[102.7831,15.5618],[102.795,15.5535],[102.8,15.5282],[102.8208,15.51]]]]}},{"type":"Feature","properties":{"province":"NakhonRatchasima","district":"Sikhiu","hasc":"TH.NR.SI"},"geometry":{"type":"MultiPolygon","coordinates":[[[[101.5583,14.8436],[101.5498,14.8494],[101.5141,14.8339],[101.4917,14.8436],[101.4718,14.8748],[101.4541,14.8673],[101.4508,14.911],[101.4222,14.9951],[101.426,15.0113],[101.4009,15.078],[101.4274,15.1143],[101.4773,15.092],[101.5528,15.0851],[101.5598,15.0939],[101.6332,15.0971],[101.6367,15.0771],[101.6599,15.0669],[101.6875,15.0701],[101.7017,15.063],[101.7151,15.0733],[101.7369,15.066],[101.757,15.0757],[101.7794,15.0638],[101.7885,15.0436],[101.7654,15.0026],[101.7601,14.9645],[101.7857,14.9209],[101.781,14.9064],[101.787,14.8829],[101.7713,14.8848],[101.7576,14.8709],[101.7283,14.8662],[101.6948,14.843],[101.6971,14.8204],[101.7138,14.8039],[101.7166,14.7767],[101.7069,14.7563],[101.6926,14.7532],[101.677,14.7362],[101.6892,14.712],[101.6847,14.6964],[101.6574,14.7035],[101.6423,14.7185],[101.6205,14.7151],[101.6129,14.7488],[101.5509,14.7759],[101.5642,14.8275],[101.5583,14.8436]]]]}},{"type":"Feature","properties":{"province":"NakhonRatchasima","district":"SoengSang","hasc":"TH.NR.SS"},"geometry":{"type":"MultiPolygon","coordinates":[[[[102.6883,14.2971],[102.6248,14.263],[102.5776,14.2238],[102.5509,14.2155],[102.5409,14.2007],[102.5136,14.1994],[102.5004,14.1859],[102.4777,14.1985],[102.4698,14.1901],[102.4545,14.1922],[102.4335,14.1509],[102.4242,14.1565],[102.3867,14.1439],[102.3614,14.1636],[102.3715,14.1979],[102.3672,14.2219],[102.3795,14.2359],[102.369,14.2595],[102.3855,14.2965],[102.3822,14.3071],[102.3932,14.3419],[102.4126,14.3494],[102.3947,14.3799],[102.3816,14.3882],[102.3794,14.4453],[102.3954,14.5013],[102.4162,14.526],[102.4235,14.5716],[102.4439,14.5753],[102.4811,14.6024],[102.4971,14.564],[102.4858,14.5088],[102.6111,14.4927],[102.6005,14.4458],[102.5841,14.4435],[102.5708,14.4257],[102.5641,14.3743],[102.57,14.361],[102.5842,14.3567],[102.5886,14.334],[102.6044,14.3214],[102.642,14.3246],[102.6883,14.2971]]]]}},{"type":"Feature","properties":{"province":"NakhonRatchasima","district":"SungNoen","hasc":"TH.NR.SN"},"geometry":{"type":"MultiPolygon","coordinates":[[[[101.9379,14.9187],[101.9377,14.8914],[101.9616,14.8649],[101.9705,14.8075],[101.9571,14.8044],[101.9234,14.7688],[101.8934,14.76],[101.9203,14.7355],[101.8994,14.7207],[101.8967,14.7036],[101.8709,14.7283],[101.8047,14.6958],[101.7509,14.7321],[101.7142,14.7201],[101.705,14.7063],[101.7088,14.684],[101.6942,14.6831],[101.6793,14.6934],[101.6892,14.7115],[101.677,14.7362],[101.6926,14.7532],[101.7069,14.7563],[101.7166,14.7767],[101.7138,14.8039],[101.6971,14.8204],[101.6948,14.843],[101.7283,14.8662],[101.7576,14.8709],[101.7713,14.8848],[101.787,14.8829],[101.781,14.9064],[101.7857,14.9209],[101.7601,14.9658],[101.7654,15.0026],[101.7881,15.0454],[101.8547,15.0548],[101.8763,15.0418],[101.89,15.0269],[101.9017,14.9392],[101.9448,14.9312],[101.9379,14.9187]]]]}},{"type":"Feature","properties":{"province":"NakhonRatchasima","district":"WangNumKhiaw","hasc":"TH.NR.WN"},"geometry":{"type":"MultiPolygon","coordinates":[[[[102.0488,14.4989],[102.0451,14.4559],[102.0644,14.4238],[102.056,14.4073],[102.0698,14.403],[102.0564,14.3892],[102.0714,14.356],[102.0481,14.3382],[102.0463,14.3243],[102.0271,14.3159],[102.0227,14.2973],[102.005,14.2831],[102.0201,14.2499],[101.9974,14.2312],[101.9772,14.2296],[101.9921,14.2395],[101.9525,14.2522],[101.9732,14.2588],[101.9848,14.2824],[102.0007,14.2881],[101.9966,14.3122],[101.9615,14.3179],[101.9486,14.3008],[101.9243,14.3296],[101.8962,14.3289],[101.8908,14.3177],[101.8406,14.3511],[101.8422,14.3646],[101.8148,14.3468],[101.79,14.3581],[101.7637,14.3423],[101.7507,14.3473],[101.752,14.3234],[101.7427,14.3064],[101.6495,14.3916],[101.6484,14.4038],[101.6324,14.4047],[101.6207,14.4163],[101.6241,14.4257],[101.6349,14.415],[101.6462,14.4176],[101.6521,14.4494],[101.7022,14.4894],[101.7135,14.5108],[101.7094,14.5247],[101.6747,14.5413],[101.6577,14.5389],[101.6384,14.5566],[101.6529,14.5806],[101.6484,14.6052],[101.6719,14.6085],[101.687,14.6261],[101.6756,14.6522],[101.6796,14.6678],[101.6676,14.6791],[101.6793,14.6934],[101.6942,14.6831],[101.7102,14.6834],[101.7066,14.6746],[101.7167,14.6714],[101.7273,14.6461],[101.7484,14.6278],[101.7505,14.6057],[101.7714,14.5917],[101.7745,14.5773],[101.7642,14.5643],[101.733,14.559],[101.7356,14.5387],[101.8192,14.5445],[101.8336,14.5197],[101.8696,14.5033],[101.9083,14.5196],[101.9145,14.5503],[101.9315,14.5427],[101.9695,14.5663],[101.9862,14.5648],[102.0142,14.5784],[102.0188,14.5624],[102.0494,14.542],[102.0328,14.5206],[102.0511,14.5106],[102.0488,14.4989]]]]}},{"type":"Feature","properties":{"province":"NakhonSawan","district":"BanphotPhisai","hasc":"TH.NS.BP"},"geometry":{"type":"MultiPolygon","coordinates":[[[[99.9732,15.8449],[99.9304,15.8366],[99.8879,15.9081],[99.8805,15.9121],[99.8595,15.9018],[99.8058,15.9191],[99.8056,15.9315],[99.8482,15.9816],[99.8457,16.0157],[99.8886,16.0483],[99.934,16.0515],[100.0176,16.151],[100.0389,16.1567],[100.0237,16.1817],[100.0348,16.1947],[100.0469,16.1902],[100.0536,16.1766],[100.0809,16.1713],[100.0941,16.1557],[100.0792,16.125],[100.1151,16.0792],[100.1176,16.0466],[100.132,16.035],[100.1326,16.0183],[100.1648,15.9727],[100.1151,15.9431],[100.0891,15.9642],[100.0818,15.9872],[100.0689,15.9906],[100.0648,15.9737],[100.0467,15.9639],[100.0249,15.924],[100.033,15.8964],[100.0527,15.8807],[100.016,15.8572],[100.0117,15.8419],[99.9732,15.8449]]]]}},{"type":"Feature","properties":{"province":"NakhonSawan","district":"Chumsaeng","hasc":"TH.NS.CS"},"geometry":{"type":"MultiPolygon","coordinates":[[[[100.3575,15.9346],[100.3758,15.9393],[100.4206,15.9263],[100.4498,15.9266],[100.4288,15.8838],[100.4049,15.8634],[100.4084,15.8217],[100.3263,15.7704],[100.3065,15.7343],[100.3039,15.6932],[100.2483,15.6943],[100.2295,15.723],[100.2321,15.7396],[100.2055,15.7547],[100.2262,15.8041],[100.2141,15.8076],[100.1781,15.794],[100.1666,15.7996],[100.1701,15.8275],[100.1563,15.8596],[100.1784,15.8822],[100.1638,15.9212],[100.1749,15.9359],[100.1803,15.9232],[100.1878,15.9333],[100.204,15.9333],[100.2279,15.9194],[100.2427,15.9594],[100.261,15.958],[100.2688,15.9386],[100.3253,15.9681],[100.3247,15.9857],[100.3475,15.9729],[100.3319,15.9386],[100.3575,15.9346]]]]}},{"type":"Feature","properties":{"province":"NakhonSawan","district":"K.ChumTaBong","hasc":"TH.NS.CT"},"geometry":{"type":"MultiPolygon","coordinates":[[[[99.6723,15.6928],[99.6674,15.669],[99.6464,15.6524],[99.5963,15.6281],[99.5646,15.5909],[99.5052,15.5612],[99.497,15.5682],[99.5001,15.5902],[99.5187,15.588],[99.5349,15.6079],[99.5227,15.6224],[99.5246,15.6383],[99.5108,15.6382],[99.4943,15.6507],[99.4893,15.6966],[99.4673,15.713],[99.3949,15.729],[99.402,15.7413],[99.428,15.7521],[99.4545,15.7294],[99.4615,15.7312],[99.4584,15.7405],[99.4904,15.7406],[99.5063,15.7528],[99.5139,15.7427],[99.5594,15.7276],[99.572,15.737],[99.5961,15.7352],[99.6168,15.7159],[99.6796,15.7623],[99.6991,15.7357],[99.7108,15.7344],[99.7182,15.7178],[99.6723,15.6928]]]]}},{"type":"Feature","properties":{"province":"NakhonSawan","district":"K.MaePoen","hasc":"TH.NS.MP"},"geometry":{"type":"MultiPolygon","coordinates":[[[[99.5246,15.6383],[99.5327,15.5979],[99.5173,15.5877],[99.5019,15.592],[99.497,15.5682],[99.4726,15.5628],[99.4655,15.5865],[99.4543,15.5811],[99.4219,15.613],[99.3793,15.6237],[99.3676,15.6517],[99.3717,15.6623],[99.3554,15.6793],[99.3315,15.6903],[99.2967,15.6922],[99.2773,15.7153],[99.2489,15.7205],[99.2374,15.7454],[99.2171,15.7648],[99.2041,15.7653],[99.1878,15.7819],[99.1683,15.7762],[99.1615,15.7904],[99.1366,15.7925],[99.124,15.8132],[99.1047,15.8193],[99.097,15.8306],[99.0987,15.8523],[99.1394,15.8579],[99.182,15.8271],[99.2107,15.822],[99.2417,15.7895],[99.3284,15.7408],[99.4681,15.7127],[99.4909,15.6937],[99.4943,15.6507],[99.5108,15.6382],[99.5246,15.6383]]]]}},{"type":"Feature","properties":{"province":"NakhonSawan","district":"KaoLieo","hasc":"TH.NS.KL"},"geometry":{"type":"MultiPolygon","coordinates":[[[[100.1364,15.8197],[100.0859,15.8153],[100.0719,15.806],[100.022,15.8174],[100.0031,15.8333],[100.016,15.8572],[100.0527,15.8807],[100.033,15.8964],[100.0249,15.924],[100.0467,15.9639],[100.0648,15.9737],[100.0689,15.9906],[100.0818,15.9872],[100.0891,15.9642],[100.1066,15.945],[100.1616,15.9667],[100.177,15.947],[100.1636,15.919],[100.1779,15.8792],[100.1563,15.8596],[100.1698,15.8255],[100.1603,15.8104],[100.1364,15.8197]]]]}},{"type":"Feature","properties":{"province":"NakhonSawan","district":"KrokPhra","hasc":"TH.NS.KP"},"geometry":{"type":"MultiPolygon","coordinates":[[[[100.0603,15.617],[100.073,15.623],[100.083,15.6076],[100.101,15.6164],[100.115,15.6105],[100.1363,15.6164],[100.1336,15.5586],[100.1022,15.5519],[100.0869,15.5338],[100.0087,15.5033],[100.0117,15.4907],[99.9995,15.4819],[99.9591,15.5055],[99.9475,15.4991],[99.9356,15.6753],[99.9545,15.6733],[99.9813,15.683],[100.0116,15.6744],[100.0435,15.6797],[100.0606,15.6655],[100.0615,15.6342],[100.0486,15.6353],[100.0413,15.6548],[100.0326,15.6305],[100.042,15.6162],[100.0603,15.617]]]]}},{"type":"Feature","properties":{"province":"NakhonSawan","district":"LatYao","hasc":"TH.NS.LY"},"geometry":{"type":"MultiPolygon","coordinates":[[[[99.8913,15.8116],[99.9387,15.7677],[99.9338,15.7483],[99.9466,15.7187],[99.9302,15.7057],[99.9286,15.6836],[99.936,15.6725],[99.8672,15.6546],[99.8632,15.6172],[99.7965,15.6424],[99.7338,15.6885],[99.6632,15.6723],[99.6784,15.7006],[99.7179,15.7163],[99.7108,15.7344],[99.6991,15.7357],[99.6842,15.7609],[99.6756,15.7619],[99.6168,15.7159],[99.6004,15.7406],[99.6192,15.7468],[99.6271,15.7716],[99.6642,15.7939],[99.6724,15.8605],[99.7098,15.8783],[99.7431,15.8571],[99.7514,15.8808],[99.7723,15.8994],[99.7701,15.9195],[99.7873,15.9272],[99.8605,15.9016],[99.8805,15.9121],[99.8889,15.9072],[99.9304,15.8366],[99.9048,15.8273],[99.8913,15.8116]]]]}},{"type":"Feature","properties":{"province":"NakhonSawan","district":"MaeWong","hasc":"TH.NS.MW"},"geometry":{"type":"MultiPolygon","coordinates":[[[[99.6077,15.7243],[99.5961,15.7352],[99.572,15.737],[99.5594,15.7276],[99.5381,15.7335],[99.5063,15.7528],[99.4904,15.7406],[99.4584,15.7405],[99.4615,15.7312],[99.4545,15.7294],[99.428,15.7521],[99.402,15.7413],[99.396,15.7291],[99.3284,15.7408],[99.2417,15.7895],[99.2107,15.822],[99.182,15.8271],[99.1394,15.8579],[99.0987,15.8523],[99.0969,15.8711],[99.0863,15.8835],[99.0962,15.8817],[99.1291,15.911],[99.1482,15.9076],[99.1744,15.9278],[99.1732,15.9364],[99.1876,15.9281],[99.1952,15.9444],[99.2044,15.9357],[99.2088,15.948],[99.2679,15.9068],[99.2721,15.9111],[99.2903,15.8914],[99.2903,15.9044],[99.3115,15.9052],[99.32,15.927],[99.3297,15.9118],[99.3575,15.9262],[99.3736,15.916],[99.4098,15.9106],[99.4281,15.9185],[99.4323,15.908],[99.468,15.8996],[99.4775,15.8998],[99.48,15.9212],[99.5022,15.9275],[99.5238,15.9244],[99.5274,15.9176],[99.5399,15.9243],[99.557,15.9058],[99.6056,15.8981],[99.6168,15.8861],[99.6329,15.884],[99.6575,15.8573],[99.6724,15.8605],[99.6642,15.7939],[99.6271,15.7716],[99.6192,15.7468],[99.6004,15.7406],[99.6077,15.7243]]]]}},{"type":"Feature","properties":{"province":"NakhonSawan","district":"MuangNakhonSawan","hasc":"TH.NS.NS"},"geometry":{"type":"MultiPolygon","coordinates":[[[[100.1287,15.6184],[100.083,15.6076],[100.073,15.623],[100.0547,15.615],[100.0397,15.6177],[100.0324,15.6336],[100.0413,15.6548],[100.0505,15.6335],[100.0619,15.6364],[100.0606,15.6655],[100.0435,15.6797],[99.9322,15.6773],[99.9308,15.7081],[99.9466,15.7187],[99.9338,15.7483],[99.9387,15.7677],[99.8934,15.8067],[99.8924,15.817],[99.9399,15.8426],[99.9829,15.847],[99.9951,15.8447],[100.022,15.8174],[100.0719,15.806],[100.0859,15.8153],[100.1374,15.8205],[100.1695,15.8103],[100.1666,15.7996],[100.1763,15.7941],[100.2247,15.8059],[100.2055,15.7547],[100.2321,15.7396],[100.2295,15.723],[100.2483,15.6943],[100.3039,15.6932],[100.3092,15.6334],[100.3009,15.6003],[100.2837,15.5886],[100.2759,15.6337],[100.2203,15.6307],[100.1952,15.6084],[100.1892,15.5903],[100.1428,15.6026],[100.1287,15.6184]]]]}},{"type":"Feature","properties":{"province":"NakhonSawan","district":"NongBua","hasc":"TH.NS.NB"},"geometry":{"type":"MultiPolygon","coordinates":[[[[100.596,15.738],[100.5761,15.758],[100.5536,15.7685],[100.5287,15.767],[100.5131,15.7835],[100.4976,15.7856],[100.4838,15.8011],[100.4842,15.8136],[100.4695,15.8163],[100.4729,15.8332],[100.4295,15.8406],[100.4084,15.8217],[100.4049,15.8634],[100.4288,15.8838],[100.4498,15.9266],[100.5082,15.9301],[100.5322,15.94],[100.5371,15.9352],[100.5218,15.9167],[100.5253,15.911],[100.5838,15.9601],[100.6588,15.9884],[100.7094,15.9952],[100.7313,15.9874],[100.7744,15.9996],[100.7834,15.9948],[100.7856,15.9819],[100.7637,15.92],[100.7723,15.8988],[100.8123,15.8791],[100.8106,15.8441],[100.7985,15.8242],[100.8104,15.7854],[100.8041,15.8039],[100.7691,15.8062],[100.7371,15.7674],[100.6978,15.7686],[100.6551,15.7443],[100.6202,15.7391],[100.6031,15.7228],[100.596,15.738]]]]}},{"type":"Feature","properties":{"province":"NakhonSawan","district":"Phaisali","hasc":"TH.NS.PH"},"geometry":{"type":"MultiPolygon","coordinates":[[[[100.6507,15.4185],[100.6445,15.4153],[100.6473,15.4026],[100.6302,15.339],[100.6134,15.3336],[100.5968,15.3478],[100.5954,15.3741],[100.5423,15.3873],[100.5221,15.4114],[100.5266,15.4252],[100.5153,15.4398],[100.5143,15.458],[100.5439,15.4577],[100.5672,15.4699],[100.5582,15.4971],[100.5874,15.5515],[100.5838,15.5665],[100.5935,15.5836],[100.5821,15.5969],[100.5661,15.6606],[100.6202,15.7391],[100.6551,15.7443],[100.6978,15.7686],[100.7326,15.7657],[100.7691,15.8062],[100.802,15.8049],[100.8204,15.7521],[100.8204,15.7116],[100.8472,15.7059],[100.8501,15.6943],[100.8285,15.6745],[100.8201,15.628],[100.8269,15.612],[100.8101,15.5944],[100.819,15.5841],[100.8144,15.5688],[100.7928,15.5365],[100.7703,15.5322],[100.7568,15.5138],[100.7467,15.5123],[100.7714,15.4955],[100.7703,15.4616],[100.6507,15.4185]]]]}},{"type":"Feature","properties":{"province":"NakhonSawan","district":"PhayuhaKhiri","hasc":"TH.NS.PK"},"geometry":{"type":"MultiPolygon","coordinates":[[[[100.127,15.4099],[100.0786,15.4253],[100.0562,15.424],[100.0684,15.4557],[100.0335,15.4724],[100.0254,15.5066],[100.0529,15.5248],[100.0869,15.5338],[100.1022,15.5519],[100.1336,15.5586],[100.1386,15.6079],[100.1904,15.5906],[100.2032,15.6174],[100.2411,15.6366],[100.2759,15.6337],[100.2855,15.5877],[100.3009,15.6003],[100.3089,15.6316],[100.3494,15.586],[100.3831,15.5909],[100.3858,15.5715],[100.4112,15.5368],[100.4014,15.5181],[100.3829,15.526],[100.3753,15.5152],[100.3606,15.5201],[100.3208,15.511],[100.3465,15.4762],[100.3446,15.467],[100.3257,15.4529],[100.2977,15.4516],[100.2476,15.4289],[100.2461,15.416],[100.2209,15.4037],[100.2271,15.3802],[100.2117,15.3615],[100.1701,15.3736],[100.1504,15.389],[100.1421,15.3848],[100.1408,15.3995],[100.127,15.4099]]]]}},{"type":"Feature","properties":{"province":"NakhonSawan","district":"TakFa","hasc":"TH.NS.TP"},"geometry":{"type":"MultiPolygon","coordinates":[[[[100.5158,15.407],[100.5301,15.4053],[100.5423,15.3873],[100.5948,15.3745],[100.5968,15.3478],[100.6105,15.3337],[100.6302,15.339],[100.6355,15.3213],[100.6234,15.3176],[100.6129,15.2934],[100.5856,15.2815],[100.5814,15.2609],[100.5182,15.2625],[100.4958,15.2745],[100.4711,15.2717],[100.4585,15.2637],[100.4521,15.2393],[100.4101,15.2404],[100.4017,15.2557],[100.4311,15.2643],[100.4415,15.2883],[100.3836,15.3201],[100.3806,15.3285],[100.3889,15.3342],[100.3791,15.3529],[100.3886,15.3733],[100.4203,15.3825],[100.4227,15.3941],[100.4131,15.4035],[100.3755,15.4071],[100.3327,15.458],[100.3465,15.4762],[100.3208,15.511],[100.3606,15.5201],[100.3753,15.5152],[100.3829,15.526],[100.4007,15.5174],[100.4111,15.5355],[100.4349,15.5246],[100.4727,15.5322],[100.4839,15.4942],[100.498,15.4976],[100.4834,15.4749],[100.4944,15.4443],[100.4872,15.4205],[100.4963,15.4043],[100.5158,15.407]]]]}},{"type":"Feature","properties":{"province":"NakhonSawan","district":"Takhli","hasc":"TH.NS.TA"},"geometry":{"type":"MultiPolygon","coordinates":[[[[100.5073,15.1385],[100.5079,15.1296],[100.4776,15.1094],[100.4652,15.1128],[100.4233,15.0559],[100.3822,15.0924],[100.344,15.1097],[100.3547,15.1178],[100.3475,15.146],[100.3022,15.1752],[100.284,15.2308],[100.2704,15.2481],[100.2634,15.2876],[100.2067,15.3583],[100.2261,15.3774],[100.2201,15.4016],[100.2256,15.4093],[100.2461,15.416],[100.2476,15.4289],[100.2863,15.447],[100.3327,15.458],[100.3779,15.4049],[100.4184,15.4015],[100.4218,15.3843],[100.3896,15.3741],[100.3791,15.3529],[100.3889,15.3342],[100.3806,15.3285],[100.3836,15.3201],[100.4415,15.2883],[100.4311,15.2643],[100.4017,15.2557],[100.4101,15.2404],[100.4521,15.2393],[100.4585,15.2637],[100.4711,15.2717],[100.5012,15.2735],[100.5182,15.2625],[100.5909,15.2663],[100.5926,15.2281],[100.5687,15.2213],[100.54,15.1968],[100.5317,15.1785],[100.5061,15.1556],[100.5073,15.1385]]]]}},{"type":"Feature","properties":{"province":"NakhonSawan","district":"ThaTako","hasc":"TH.NS.TT"},"geometry":{"type":"MultiPolygon","coordinates":[[[[100.563,15.4677],[100.5439,15.4577],[100.5143,15.458],[100.5153,15.4398],[100.5266,15.4252],[100.5234,15.4086],[100.4963,15.4043],[100.4872,15.4205],[100.4944,15.4443],[100.4834,15.4749],[100.498,15.4976],[100.4839,15.4942],[100.4727,15.5322],[100.4349,15.5246],[100.4111,15.5355],[100.3858,15.5715],[100.3831,15.5909],[100.3494,15.586],[100.3089,15.6316],[100.305,15.7236],[100.3226,15.7652],[100.4262,15.8396],[100.4729,15.8332],[100.4695,15.8163],[100.4842,15.8136],[100.4838,15.8011],[100.4976,15.7856],[100.5131,15.7835],[100.5287,15.767],[100.5536,15.7685],[100.5832,15.7543],[100.6024,15.7254],[100.5652,15.658],[100.5821,15.5969],[100.5935,15.5836],[100.5838,15.5665],[100.5874,15.5515],[100.5582,15.4971],[100.5676,15.4721],[100.563,15.4677]]]]}},{"type":"Feature","properties":{"province":"NakhonSiThammarat","district":"BangKhan","hasc":"TH.NT.BK"},"geometry":{"type":"MultiPolygon","coordinates":[[[[99.5419,7.9075],[99.5335,7.8918],[99.5391,7.882],[99.5314,7.8779],[99.514,7.8752],[99.4896,7.8867],[99.4813,7.8805],[99.4722,7.9045],[99.4364,7.8743],[99.426,7.8756],[99.4194,7.8856],[99.4202,7.9545],[99.398,7.9554],[99.3932,7.9626],[99.3985,7.9843],[99.4163,8.0006],[99.3962,8.0412],[99.3852,8.1079],[99.4033,8.1236],[99.4486,8.1236],[99.4949,8.1656],[99.518,8.1571],[99.5222,8.1255],[99.5406,8.1008],[99.5405,8.0612],[99.5731,8.0557],[99.5666,8.042],[99.586,8.0085],[99.5872,7.9866],[99.606,7.9798],[99.5919,7.9631],[99.5963,7.9574],[99.5702,7.946],[99.5609,7.936],[99.562,7.9242],[99.5419,7.9075]]]]}},{"type":"Feature","properties":{"province":"NakhonSiThammarat","district":"Cha-uat","hasc":"TH.NT.CU"},"geometry":{"type":"MultiPolygon","coordinates":[[[[100.1065,7.8637],[100.0477,7.8364],[99.9876,7.86],[99.9602,7.8882],[99.9209,7.8821],[99.8969,7.8937],[99.8633,7.8852],[99.8063,7.8903],[99.7829,7.8569],[99.7364,7.8558],[99.7563,7.8698],[99.7836,7.9104],[99.7966,7.9094],[99.8045,7.9453],[99.8273,7.9639],[99.8256,7.9822],[99.7951,7.9961],[99.7885,8.0143],[99.8591,8.0133],[99.8697,8.0208],[99.8675,8.0378],[99.8881,8.0434],[99.9206,8.0374],[99.9295,8.0272],[99.9527,8.0301],[99.9495,8.0383],[99.962,8.0508],[99.9555,8.0744],[99.9772,8.0989],[100.0053,8.1082],[100.0225,8.1049],[100.0276,8.1115],[100.0363,8.1068],[100.0406,8.1135],[100.0503,8.0932],[100.0401,8.0844],[100.042,8.0646],[100.0695,8.0406],[100.0778,8.0219],[100.1029,8.0269],[100.1765,8.0171],[100.1824,8.0101],[100.1758,8.0002],[100.1627,8.0028],[100.1504,7.9939],[100.1536,7.9861],[100.1461,7.9877],[100.1505,7.9626],[100.1398,7.9468],[100.1504,7.9123],[100.1735,7.8806],[100.1065,7.8637]]]]}},{"type":"Feature","properties":{"province":"NakhonSiThammarat","district":"Chalermphrakiet","hasc":"TH.NT.CP"},"geometry":{"type":"MultiPolygon","coordinates":[[[[100.0437,8.0614],[100.0401,8.0844],[100.0503,8.0932],[100.0439,8.1081],[100.0538,8.1198],[100.0659,8.1168],[100.0588,8.1412],[100.0442,8.1538],[100.0406,8.1727],[100.0213,8.1802],[99.9843,8.1758],[99.9415,8.1861],[99.942,8.2669],[99.9609,8.2544],[99.9844,8.2609],[100.0866,8.2232],[100.0838,8.2044],[100.1257,8.1814],[100.0734,8.1487],[100.1053,8.1171],[100.0926,8.1037],[100.0898,8.0841],[100.082,8.0876],[100.0699,8.0779],[100.0536,8.0527],[100.0437,8.0614]]]]}},{"type":"Feature","properties":{"province":"NakhonSiThammarat","district":"Chawang","hasc":"TH.NT.CH"},"geometry":{"type":"MultiPolygon","coordinates":[[[[99.5241,8.3782],[99.528,8.3716],[99.5192,8.3516],[99.4797,8.3552],[99.4804,8.3914],[99.4562,8.3985],[99.4522,8.4095],[99.4248,8.4052],[99.4128,8.4337],[99.4501,8.4354],[99.4557,8.4456],[99.4388,8.448],[99.4457,8.4882],[99.4259,8.5067],[99.4226,8.5208],[99.4132,8.5232],[99.4094,8.5391],[99.4158,8.5451],[99.4042,8.5487],[99.4406,8.5992],[99.4554,8.6019],[99.4481,8.632],[99.4627,8.6494],[99.4793,8.645],[99.4817,8.62],[99.4948,8.6126],[99.5237,8.5692],[99.5254,8.5492],[99.5181,8.5377],[99.5309,8.4852],[99.5522,8.505],[99.5666,8.4968],[99.6009,8.5053],[99.6108,8.5028],[99.6128,8.4938],[99.6362,8.4974],[99.7032,8.4775],[99.6963,8.455],[99.7047,8.4358],[99.6942,8.4364],[99.6684,8.4091],[99.6279,8.4152],[99.6098,8.4266],[99.5911,8.4249],[99.5846,8.421],[99.5904,8.3719],[99.5659,8.3812],[99.5241,8.3782]]]]}},{"type":"Feature","properties":{"province":"NakhonSiThammarat","district":"ChianYai","hasc":"TH.NT.CY"},"geometry":{"type":"MultiPolygon","coordinates":[[[[100.0761,8.0244],[100.0551,8.0598],[100.082,8.0876],[100.0898,8.0841],[100.0926,8.1037],[100.1053,8.1171],[100.0734,8.1487],[100.1257,8.1814],[100.0838,8.2044],[100.0866,8.2232],[100.1276,8.2103],[100.1786,8.229],[100.2041,8.2185],[100.2128,8.2017],[100.2575,8.1953],[100.2574,8.1764],[100.2373,8.1752],[100.2198,8.1205],[100.225,8.0976],[100.1901,8.0452],[100.1865,8.0141],[100.0761,8.0244]]]]}},{"type":"Feature","properties":{"province":"NakhonSiThammarat","district":"Chulaphon","hasc":"TH.NT.CB"},"geometry":{"type":"MultiPolygon","coordinates":[[[[99.9517,8.036],[99.9527,8.0301],[99.9295,8.0272],[99.9206,8.0374],[99.8881,8.0434],[99.8675,8.0378],[99.8697,8.0208],[99.8591,8.0133],[99.7885,8.0143],[99.7916,8.0281],[99.777,8.0423],[99.7777,8.0604],[99.7652,8.0669],[99.7628,8.0868],[99.7778,8.13],[99.7969,8.1252],[99.8235,8.1435],[99.8539,8.1362],[99.8619,8.15],[99.8917,8.0967],[99.9034,8.1062],[99.9091,8.1282],[99.9407,8.1289],[99.962,8.0508],[99.9517,8.036]]]]}},{"type":"Feature","properties":{"province":"NakhonSiThammarat","district":"HuaSai","hasc":"TH.NT.HS"},"geometry":{"type":"MultiPolygon","coordinates":[[[[100.1688,7.8858],[100.1402,7.941],[100.1505,7.9626],[100.1461,7.9877],[100.1545,7.9868],[100.15,7.9932],[100.1615,8.0023],[100.1758,8.0002],[100.187,8.0148],[100.1901,8.0452],[100.225,8.0976],[100.2198,8.1205],[100.2378,8.1759],[100.2574,8.1783],[100.2963,8.1654],[100.3367,7.9319],[100.3203,7.9295],[100.312,7.9363],[100.3076,7.9139],[100.247,7.9165],[100.2312,7.8966],[100.1735,7.8806],[100.1688,7.8858]]]]}},{"type":"Feature","properties":{"province":"NakhonSiThammarat","district":"K.ChangKlang","hasc":"TH.NT.CK"},"geometry":{"type":"MultiPolygon","coordinates":[[[[99.5257,8.3791],[99.5659,8.3812],[99.5882,8.3712],[99.589,8.4244],[99.6098,8.4266],[99.6283,8.4151],[99.6538,8.4157],[99.6624,8.4069],[99.6947,8.4368],[99.7037,8.4346],[99.7114,8.3953],[99.6967,8.3632],[99.7141,8.3493],[99.7007,8.3234],[99.719,8.3131],[99.7195,8.303],[99.6782,8.2888],[99.6567,8.3075],[99.6323,8.2909],[99.5851,8.3089],[99.5744,8.2938],[99.5611,8.2945],[99.5451,8.3216],[99.521,8.34],[99.5176,8.3594],[99.5257,8.3791]]]]}},{"type":"Feature","properties":{"province":"NakhonSiThammarat","district":"K.NophiTam","hasc":"TH.NT.NO"},"geometry":{"type":"MultiPolygon","coordinates":[[[[99.8102,8.6218],[99.7923,8.6137],[99.7803,8.6236],[99.7597,8.6124],[99.7174,8.614],[99.7006,8.5942],[99.6876,8.6181],[99.6738,8.6175],[99.6764,8.6388],[99.6688,8.6503],[99.6791,8.6567],[99.6712,8.6775],[99.6226,8.6907],[99.5995,8.7094],[99.582,8.7021],[99.5653,8.7053],[99.5478,8.7203],[99.5225,8.7196],[99.5302,8.76],[99.5227,8.7641],[99.5266,8.8105],[99.5176,8.8354],[99.5309,8.8495],[99.5596,8.8507],[99.5572,8.876],[99.574,8.892],[99.582,8.9171],[99.6156,8.9271],[99.6285,8.9114],[99.6402,8.9252],[99.6793,8.8968],[99.6759,8.8782],[99.6846,8.8729],[99.6816,8.858],[99.6907,8.8449],[99.7126,8.8374],[99.731,8.8191],[99.7499,8.8179],[99.7686,8.7962],[99.7874,8.7552],[99.7942,8.7123],[99.8509,8.6949],[99.8528,8.6568],[99.8102,8.6218]]]]}},{"type":"Feature","properties":{"province":"NakhonSiThammarat","district":"Khanom","hasc":"TH.NT.KH"},"geometry":{"type":"MultiPolygon","coordinates":[[[[99.8322,9.1238],[99.816,9.1201],[99.807,9.0955],[99.796,9.0926],[99.7868,9.1047],[99.7843,9.0555],[99.7671,9.049],[99.7464,9.0624],[99.7406,9.1158],[99.7456,9.1413],[99.7255,9.1568],[99.7399,9.1736],[99.7391,9.2001],[99.7542,9.2207],[99.7487,9.293],[99.7623,9.3023],[99.7699,9.3227],[99.7805,9.3099],[99.7844,9.3175],[99.7881,9.3102],[99.7962,9.3174],[99.797,9.309],[99.8011,9.3192],[99.8058,9.3143],[99.7995,9.3053],[99.8081,9.2997],[99.8244,9.2983],[99.8292,9.3103],[99.8375,9.3036],[99.8479,9.2548],[99.8637,9.2484],[99.8589,9.2215],[99.8702,9.2378],[99.8789,9.2186],[99.875,9.1411],[99.88,9.1275],[99.8975,9.1189],[99.9093,9.0904],[99.8827,9.087],[99.8743,9.0968],[99.8631,9.0885],[99.8488,9.116],[99.8322,9.1238]]]]}},{"type":"Feature","properties":{"province":"NakhonSiThammarat","district":"LanSaka","hasc":"TH.NT.LS"},"geometry":{"type":"MultiPolygon","coordinates":[[[[99.7194,8.3043],[99.719,8.3131],[99.7007,8.3234],[99.7141,8.3493],[99.6967,8.3632],[99.7114,8.3953],[99.6963,8.455],[99.7006,8.4832],[99.7283,8.4938],[99.7629,8.4918],[99.7988,8.4692],[99.8356,8.4182],[99.8517,8.415],[99.846,8.3924],[99.8627,8.3912],[99.8985,8.3594],[99.8734,8.3475],[99.8813,8.3299],[99.8671,8.3129],[99.8572,8.3078],[99.8462,8.3231],[99.8368,8.3223],[99.8296,8.2975],[99.816,8.2937],[99.8196,8.2828],[99.7986,8.2814],[99.7829,8.2648],[99.757,8.2599],[99.7526,8.2696],[99.7353,8.2726],[99.7194,8.3043]]]]}},{"type":"Feature","properties":{"province":"NakhonSiThammarat","district":"MuangNakhonSiThammarat","hasc":"TH.NT.NS"},"geometry":{"type":"MultiPolygon","coordinates":[[[[100.0139,8.2499],[100.0022,8.2537],[99.9927,8.2731],[99.9713,8.3808],[99.9585,8.3771],[99.9587,8.3841],[99.943,8.388],[99.8883,8.3872],[99.8882,8.372],[99.8627,8.3912],[99.8512,8.3881],[99.8461,8.3933],[99.8533,8.4126],[99.8356,8.4182],[99.798,8.4698],[99.8052,8.4838],[99.8152,8.4777],[99.8316,8.4914],[99.9389,8.5006],[99.9447,8.5275],[99.9253,8.5431],[99.9353,8.5611],[99.9321,8.5689],[99.9436,8.5773],[99.939,8.6027],[99.9476,8.593],[99.9595,8.595],[99.9649,8.5846],[99.9643,8.5922],[99.9824,8.5839],[99.9869,8.5942],[100.0081,8.5814],[100.0118,8.5736],[100.0014,8.5733],[100.0041,8.5656],[100.0146,8.5646],[100.0441,8.5233],[100.096,8.3996],[100.0768,8.336],[100.0539,8.3362],[100.0468,8.3097],[100.036,8.3051],[100.0263,8.3147],[100.0086,8.3107],[100.0213,8.2476],[100.0139,8.2499]]]]}},{"type":"Feature","properties":{"province":"NakhonSiThammarat","district":"NaBon","hasc":"TH.NT.NB"},"geometry":{"type":"MultiPolygon","coordinates":[[[[99.5717,8.2926],[99.5851,8.3089],[99.6323,8.2909],[99.6567,8.3075],[99.6734,8.2905],[99.6721,8.2504],[99.6629,8.2364],[99.6392,8.2271],[99.6287,8.2085],[99.6129,8.2277],[99.5814,8.2257],[99.5651,8.2441],[99.5482,8.248],[99.5402,8.2348],[99.5128,8.2372],[99.472,8.1973],[99.4629,8.2188],[99.4641,8.2593],[99.4881,8.3066],[99.4589,8.3432],[99.4797,8.3552],[99.5192,8.3516],[99.527,8.3323],[99.5451,8.3216],[99.5611,8.2945],[99.5717,8.2926]]]]}},{"type":"Feature","properties":{"province":"NakhonSiThammarat","district":"PakPhanang","hasc":"TH.NT.PN"},"geometry":{"type":"MultiPolygon","coordinates":[[[[100.2576,8.1814],[100.257,8.1957],[100.2128,8.2017],[100.2041,8.2185],[100.1786,8.229],[100.1258,8.2103],[100.0202,8.249],[100.0086,8.3107],[100.0263,8.3147],[100.036,8.3051],[100.0468,8.3097],[100.0539,8.3362],[100.0768,8.336],[100.0961,8.3989],[100.0915,8.4162],[100.1378,8.3889],[100.1728,8.3878],[100.1544,8.4125],[100.1483,8.4386],[100.165,8.4786],[100.1598,8.5001],[100.115,8.5197],[100.1378,8.5197],[100.1689,8.5039],[100.1936,8.4786],[100.2183,8.4344],[100.2606,8.3156],[100.2939,8.1814],[100.2963,8.1654],[100.2886,8.1653],[100.2607,8.1737],[100.2576,8.1814]]],[[[100.7438,8.3742],[100.7424,8.3745],[100.7414,8.3761],[100.7439,8.3762],[100.7454,8.3744],[100.7438,8.3742]]],[[[100.7374,8.3952],[100.7306,8.3964],[100.7303,8.3997],[100.7342,8.4019],[100.7367,8.3992],[100.7374,8.3952]]]]}},{"type":"Feature","properties":{"province":"NakhonSiThammarat","district":"PhiPun","hasc":"TH.NT.PH"},"geometry":{"type":"MultiPolygon","coordinates":[[[[99.6975,8.4831],[99.6821,8.4799],[99.6344,8.4977],[99.6135,8.4937],[99.6019,8.5053],[99.5666,8.4968],[99.5522,8.505],[99.5292,8.4866],[99.5181,8.5377],[99.5254,8.5492],[99.5237,8.5692],[99.4759,8.6335],[99.4782,8.6573],[99.4948,8.672],[99.4921,8.6958],[99.508,8.7133],[99.5375,8.7221],[99.5562,8.7178],[99.5668,8.7045],[99.5985,8.7096],[99.6226,8.6907],[99.6737,8.6748],[99.6791,8.6567],[99.6688,8.6503],[99.6764,8.6388],[99.6738,8.6175],[99.6885,8.6173],[99.6939,8.5979],[99.6823,8.5824],[99.6871,8.5244],[99.708,8.5109],[99.7105,8.4999],[99.7283,8.4938],[99.6975,8.4831]]]]}},{"type":"Feature","properties":{"province":"NakhonSiThammarat","district":"PhraPhrom","hasc":"TH.NT.PP"},"geometry":{"type":"MultiPolygon","coordinates":[[[[99.8614,8.3102],[99.881,8.3287],[99.8734,8.3475],[99.8985,8.3594],[99.8883,8.3706],[99.8883,8.3872],[99.943,8.388],[99.9587,8.3841],[99.9585,8.3771],[99.9713,8.3808],[100.0019,8.2542],[99.9763,8.2625],[99.9609,8.2544],[99.9379,8.2703],[99.9197,8.2661],[99.9107,8.2817],[99.8648,8.2983],[99.8614,8.3102]]]]}},{"type":"Feature","properties":{"province":"NakhonSiThammarat","district":"Phrommakhiri","hasc":"TH.NT.PK"},"geometry":{"type":"MultiPolygon","coordinates":[[[[99.919,8.5005],[99.8794,8.491],[99.8316,8.4914],[99.8152,8.4777],[99.8052,8.4838],[99.7921,8.4683],[99.7637,8.4916],[99.7171,8.4965],[99.6871,8.5244],[99.6837,8.591],[99.6958,8.5995],[99.7069,8.5946],[99.7174,8.614],[99.7597,8.6124],[99.7803,8.6236],[99.7923,8.6137],[99.809,8.6188],[99.8264,8.5952],[99.8289,8.5676],[99.8484,8.5667],[99.8556,8.5496],[99.9164,8.5392],[99.9236,8.5436],[99.9431,8.5296],[99.9389,8.5006],[99.919,8.5005]]]]}},{"type":"Feature","properties":{"province":"NakhonSiThammarat","district":"RonPhiPun","hasc":"TH.NT.RP"},"geometry":{"type":"MultiPolygon","coordinates":[[[[100.0416,8.106],[100.0406,8.1135],[100.0363,8.1068],[100.0276,8.1115],[100.0225,8.1049],[100.0053,8.1082],[99.9779,8.0991],[99.9569,8.074],[99.9374,8.1301],[99.9091,8.1282],[99.9034,8.1062],[99.8917,8.0967],[99.8619,8.15],[99.8539,8.1362],[99.8235,8.1435],[99.7969,8.1252],[99.7824,8.1272],[99.7683,8.144],[99.8032,8.1995],[99.7775,8.2117],[99.7885,8.2312],[99.7592,8.2421],[99.757,8.2599],[99.7829,8.2648],[99.7986,8.2814],[99.8189,8.2822],[99.816,8.2937],[99.8296,8.2975],[99.8325,8.3175],[99.8462,8.3231],[99.8681,8.2961],[99.9107,8.2817],[99.9197,8.2661],[99.942,8.2669],[99.9422,8.1853],[100.0406,8.1727],[100.066,8.1177],[100.0538,8.1198],[100.0416,8.106]]]]}},{"type":"Feature","properties":{"province":"NakhonSiThammarat","district":"Sichon","hasc":"TH.NT.SI"},"geometry":{"type":"MultiPolygon","coordinates":[[[[99.7526,8.815],[99.731,8.8191],[99.7126,8.8374],[99.6907,8.8449],[99.6816,8.858],[99.6846,8.8729],[99.6759,8.8782],[99.6793,8.8968],[99.6402,8.9252],[99.6627,8.9238],[99.6968,8.935],[99.6892,8.9601],[99.6961,8.9749],[99.7135,8.9703],[99.7256,8.9799],[99.7333,9.0128],[99.7446,9.0256],[99.7412,9.058],[99.7568,9.0604],[99.7671,9.049],[99.7843,9.0555],[99.7868,9.1047],[99.796,9.0926],[99.807,9.0955],[99.816,9.1201],[99.8334,9.1241],[99.8488,9.116],[99.8631,9.0885],[99.8743,9.0968],[99.8827,9.087],[99.9119,9.0875],[99.9147,9.015],[99.9289,9.0067],[99.9167,8.9973],[99.9131,8.9637],[99.9203,8.8706],[99.9057,8.856],[99.9022,8.8325],[99.8816,8.8192],[99.8038,8.8059],[99.787,8.8209],[99.7526,8.815]]]]}},{"type":"Feature","properties":{"province":"NakhonSiThammarat","district":"ThaSala","hasc":"TH.NT.TS"},"geometry":{"type":"MultiPolygon","coordinates":[[[[99.9408,8.5935],[99.9436,8.5773],[99.9168,8.5393],[99.8654,8.545],[99.8501,8.5563],[99.8484,8.5667],[99.8289,8.5676],[99.8259,8.5967],[99.8082,8.6191],[99.8528,8.6568],[99.854,8.6864],[99.8478,8.6972],[99.7942,8.7123],[99.787,8.7563],[99.7568,8.8117],[99.787,8.8209],[99.8038,8.8059],[99.8816,8.8192],[99.9022,8.8325],[99.9057,8.856],[99.9206,8.8675],[99.9467,8.6797],[99.9555,8.6633],[99.9486,8.6642],[99.9556,8.6613],[99.9497,8.6569],[99.9522,8.6328],[99.9733,8.5944],[99.9639,8.5927],[99.9684,8.5842],[99.939,8.6027],[99.9408,8.5935]]]]}},{"type":"Feature","properties":{"province":"NakhonSiThammarat","district":"ThamPhannara","hasc":"TH.NT.TP"},"geometry":{"type":"MultiPolygon","coordinates":[[[[99.4131,8.4325],[99.4225,8.4167],[99.4123,8.4043],[99.4152,8.3969],[99.3769,8.3877],[99.3622,8.4038],[99.3469,8.3937],[99.3443,8.4074],[99.3386,8.4014],[99.3339,8.4113],[99.32,8.4125],[99.3144,8.4445],[99.2904,8.4566],[99.2957,8.4742],[99.2885,8.4842],[99.3027,8.479],[99.3123,8.4918],[99.3305,8.4972],[99.3388,8.52],[99.3612,8.5001],[99.3777,8.515],[99.3932,8.5135],[99.3939,8.5257],[99.4105,8.5301],[99.4094,8.5391],[99.4132,8.5232],[99.4226,8.5208],[99.4259,8.5067],[99.4457,8.4882],[99.4388,8.448],[99.4558,8.4467],[99.4501,8.4354],[99.4131,8.4325]]]]}},{"type":"Feature","properties":{"province":"NakhonSiThammarat","district":"ThungSong","hasc":"TH.NT.TH"},"geometry":{"type":"MultiPolygon","coordinates":[[[[99.7885,8.01],[99.7951,7.9961],[99.8256,7.9822],[99.8273,7.9639],[99.8045,7.9453],[99.7966,7.9094],[99.7836,7.9104],[99.7563,7.8698],[99.7409,7.8609],[99.7413,7.8789],[99.7332,7.8845],[99.7439,7.9068],[99.7359,7.9139],[99.7425,7.9289],[99.7335,7.9437],[99.7571,7.9584],[99.7525,7.9794],[99.7297,7.9976],[99.7038,7.9903],[99.6568,8.0134],[99.6312,8.0099],[99.6155,7.988],[99.5894,7.984],[99.586,8.0085],[99.5666,8.042],[99.5731,8.0557],[99.5405,8.0612],[99.5406,8.1008],[99.5222,8.1255],[99.5172,8.1582],[99.4921,8.1646],[99.4486,8.1236],[99.4354,8.1221],[99.4261,8.139],[99.4285,8.1523],[99.4386,8.1605],[99.446,8.188],[99.4708,8.1952],[99.5128,8.2372],[99.5402,8.2348],[99.5482,8.248],[99.5651,8.2441],[99.5814,8.2257],[99.6129,8.2277],[99.6297,8.2088],[99.6392,8.2271],[99.6629,8.2364],[99.6721,8.2504],[99.6734,8.2905],[99.7193,8.3024],[99.7353,8.2726],[99.753,8.2691],[99.7552,8.2461],[99.7885,8.2312],[99.7775,8.2117],[99.8032,8.1995],[99.7683,8.144],[99.7781,8.1276],[99.7628,8.0878],[99.7652,8.0669],[99.7777,8.0604],[99.777,8.0423],[99.7916,8.0281],[99.7885,8.01]]]]}},{"type":"Feature","properties":{"province":"NakhonSiThammarat","district":"ThungYai","hasc":"TH.NT.TY"},"geometry":{"type":"MultiPolygon","coordinates":[[[[99.4325,8.1228],[99.4033,8.1236],[99.3852,8.1079],[99.3465,8.1353],[99.2968,8.132],[99.2899,8.1642],[99.3071,8.1742],[99.3062,8.1895],[99.3201,8.2012],[99.3124,8.2338],[99.3333,8.2577],[99.3318,8.2859],[99.2989,8.3066],[99.2991,8.3153],[99.2831,8.3166],[99.2753,8.3515],[99.2615,8.3509],[99.2405,8.3669],[99.2347,8.3864],[99.2345,8.3978],[99.262,8.4366],[99.2597,8.4484],[99.2773,8.4555],[99.2873,8.4699],[99.2929,8.4707],[99.2907,8.4563],[99.3146,8.4442],[99.32,8.4125],[99.3339,8.4113],[99.3386,8.4014],[99.3443,8.4074],[99.3469,8.3937],[99.3629,8.4038],[99.3761,8.3879],[99.393,8.387],[99.403,8.3984],[99.4152,8.3969],[99.4123,8.4043],[99.4202,8.412],[99.432,8.4024],[99.4326,8.4082],[99.4522,8.4095],[99.4562,8.3985],[99.4804,8.3914],[99.4797,8.3552],[99.4588,8.3426],[99.4881,8.3066],[99.4641,8.2593],[99.4629,8.2188],[99.4719,8.1966],[99.4454,8.1872],[99.4386,8.1605],[99.4271,8.1476],[99.4325,8.1228]]]]}},{"type":"Feature","properties":{"province":"Nan","district":"BanLuang","hasc":"TH.NA.BL"},"geometry":{"type":"MultiPolygon","coordinates":[[[[100.507,18.8144],[100.5006,18.746],[100.4959,18.7333],[100.4789,18.7257],[100.4647,18.7263],[100.454,18.7441],[100.4393,18.7385],[100.4198,18.7451],[100.4021,18.736],[100.366,18.7453],[100.36,18.7495],[100.3633,18.7773],[100.3389,18.7855],[100.3469,18.812],[100.3416,18.824],[100.3653,18.8462],[100.3686,18.87],[100.3879,18.8878],[100.3929,18.9249],[100.4092,18.9336],[100.4077,18.9434],[100.43,18.953],[100.4205,18.9799],[100.4296,18.9835],[100.4617,19.0524],[100.4951,19.0506],[100.4929,19.0363],[100.5167,19.0217],[100.5046,19.0048],[100.5061,18.9882],[100.5255,18.9985],[100.5436,18.9792],[100.5447,18.9615],[100.5343,18.9598],[100.5396,18.9414],[100.5188,18.928],[100.5322,18.906],[100.5321,18.8407],[100.507,18.8144]]]]}},{"type":"Feature","properties":{"province":"Nan","district":"BoKlue","hasc":"TH.NA.BK"},"geometry":{"type":"MultiPolygon","coordinates":[[[[101.2557,19.2346],[101.2471,19.1787],[101.2587,19.1226],[101.2949,19.1023],[101.3353,19.0659],[101.3431,19.0674],[101.3594,19.048],[101.3384,19.0026],[101.3125,19.0004],[101.3075,18.9861],[101.2952,18.9791],[101.299,18.9408],[101.2766,18.9282],[101.2759,18.9145],[101.2511,18.8943],[101.2247,18.8978],[101.1926,18.8862],[101.1755,18.8994],[101.162,18.9259],[101.1192,18.9125],[101.1078,18.9286],[101.107,18.9476],[101.0941,18.9588],[101.0751,18.9597],[101.0633,18.9885],[101.0663,19.0299],[101.104,19.0561],[101.1285,19.0891],[101.1337,19.1084],[101.1211,19.1686],[101.1079,19.1876],[101.1318,19.2089],[101.1309,19.2796],[101.1216,19.3039],[101.1561,19.3056],[101.1295,19.3433],[101.107,19.3462],[101.1609,19.3618],[101.1629,19.3512],[101.1894,19.3506],[101.2032,19.3587],[101.2085,19.3471],[101.2304,19.3448],[101.2401,19.3285],[101.2308,19.2965],[101.2557,19.2346]]]]}},{"type":"Feature","properties":{"province":"Nan","district":"Chalermphrakiet","hasc":"TH.NA.CP"},"geometry":{"type":"MultiPolygon","coordinates":[[[[101.2833,19.5799],[101.29,19.5663],[101.2761,19.5481],[101.2874,19.5253],[101.2697,19.5016],[101.2683,19.4683],[101.2156,19.4733],[101.2072,19.4565],[101.2171,19.4297],[101.1981,19.3973],[101.1889,19.3965],[101.1924,19.3759],[101.205,19.3598],[101.1772,19.3496],[101.1624,19.3516],[101.1609,19.3618],[101.107,19.3462],[101.0966,19.3527],[101.0861,19.3907],[101.0951,19.4313],[101.0445,19.419],[101.0153,19.4242],[101.0062,19.4778],[100.9966,19.487],[101.0047,19.4999],[101.0016,19.5163],[101.0176,19.5208],[101.0155,19.5404],[100.9982,19.5639],[100.9635,19.5764],[100.9834,19.6252],[101.0163,19.6179],[101.027,19.628],[101.0643,19.6173],[101.0693,19.6024],[101.083,19.6016],[101.0995,19.5824],[101.1182,19.5821],[101.1246,19.5706],[101.1717,19.584],[101.2,19.5751],[101.2093,19.6036],[101.246,19.6017],[101.2484,19.5924],[101.2833,19.5799]]]]}},{"type":"Feature","properties":{"province":"Nan","district":"ChiangKlang","hasc":"TH.NA.CK"},"geometry":{"type":"MultiPolygon","coordinates":[[[[100.9146,19.2543],[100.8898,19.245],[100.8652,19.2507],[100.8449,19.2261],[100.801,19.2201],[100.7935,19.2415],[100.7813,19.2468],[100.7825,19.2684],[100.7682,19.2752],[100.755,19.3075],[100.7576,19.3345],[100.768,19.3464],[100.7685,19.3822],[100.7844,19.3835],[100.7865,19.3754],[100.8375,19.3588],[100.8632,19.3635],[100.921,19.3537],[100.9367,19.3609],[100.9506,19.3536],[100.9671,19.3592],[100.9839,19.3798],[100.9806,19.3525],[100.9951,19.3485],[101.0034,19.3356],[101.0242,19.3474],[101.0309,19.3369],[101.0244,19.3237],[101.0435,19.2978],[100.9659,19.2917],[100.958,19.2633],[100.9146,19.2543]]]]}},{"type":"Feature","properties":{"province":"Nan","district":"K.PhuPieng","hasc":"TH.NA.PP"},"geometry":{"type":"MultiPolygon","coordinates":[[[[100.9864,18.8449],[100.9873,18.8124],[100.95,18.7281],[100.9561,18.7137],[100.9227,18.6927],[100.9203,18.6674],[100.8788,18.6759],[100.8611,18.6692],[100.8254,18.6796],[100.7959,18.6729],[100.7732,18.7066],[100.7564,18.7111],[100.759,18.7217],[100.761,18.7131],[100.7675,18.7147],[100.7579,18.7363],[100.774,18.7522],[100.7675,18.7656],[100.7757,18.7654],[100.7941,18.7884],[100.7895,18.8177],[100.8036,18.8341],[100.7809,18.8466],[100.7837,18.8585],[100.7679,18.8759],[100.8028,18.8899],[100.7932,18.903],[100.8046,18.9113],[100.798,18.9147],[100.8015,18.9276],[100.8203,18.9216],[100.8314,18.9268],[100.8687,18.9056],[100.8885,18.8604],[100.9183,18.863],[100.9231,18.8527],[100.937,18.8603],[100.9639,18.8595],[100.9864,18.8449]]]]}},{"type":"Feature","properties":{"province":"Nan","district":"MaeCharim","hasc":"TH.NA.MC"},"geometry":{"type":"MultiPolygon","coordinates":[[[[100.9199,18.6686],[100.9227,18.6927],[100.9561,18.7137],[100.95,18.7281],[100.9873,18.8124],[100.9864,18.8449],[101.0083,18.8446],[101.0132,18.8538],[101.0333,18.8592],[101.0707,18.8486],[101.1107,18.8497],[101.1255,18.8631],[101.1624,18.8568],[101.1696,18.8871],[101.1897,18.8838],[101.2247,18.8978],[101.2499,18.8942],[101.2566,18.8629],[101.2448,18.8303],[101.2554,18.8116],[101.2512,18.7757],[101.2257,18.7307],[101.2363,18.7098],[101.2511,18.7085],[101.273,18.6886],[101.229,18.6272],[101.1837,18.6098],[101.1848,18.5587],[101.1513,18.5511],[101.1404,18.5264],[101.1057,18.5196],[101.1003,18.5349],[101.0643,18.5708],[101.0451,18.5789],[101.0435,18.5869],[101.0241,18.5867],[101.0132,18.607],[100.9947,18.6111],[100.9878,18.5991],[100.9775,18.5982],[100.9287,18.6218],[100.9312,18.6378],[100.9226,18.6446],[100.9199,18.6686]]]]}},{"type":"Feature","properties":{"province":"Nan","district":"MuangNan","hasc":"TH.NA.NA"},"geometry":{"type":"MultiPolygon","coordinates":[[[[100.7214,18.6783],[100.71,18.7004],[100.6938,18.6848],[100.6911,18.6939],[100.6776,18.6865],[100.6416,18.6884],[100.6324,18.7053],[100.6233,18.6993],[100.6105,18.7081],[100.5919,18.701],[100.5995,18.7134],[100.5951,18.7346],[100.6081,18.746],[100.6021,18.759],[100.6086,18.7752],[100.5868,18.7881],[100.5868,18.8015],[100.5717,18.8245],[100.5387,18.8267],[100.5285,18.8344],[100.5322,18.906],[100.5188,18.928],[100.5385,18.9397],[100.5343,18.9598],[100.5447,18.9615],[100.5434,18.9798],[100.5255,18.9985],[100.5479,18.9952],[100.5402,19.0445],[100.5595,19.0417],[100.5689,19.0275],[100.6067,19.0185],[100.6346,19.0593],[100.6659,19.0601],[100.6894,19.0424],[100.7122,19.0432],[100.7353,19.0225],[100.781,19.0306],[100.7839,19.0101],[100.7989,19.0142],[100.836,18.9887],[100.8303,18.9641],[100.8242,18.9669],[100.8127,18.9494],[100.817,18.9292],[100.8006,18.926],[100.798,18.9147],[100.8046,18.9113],[100.7932,18.903],[100.8028,18.8899],[100.7679,18.8759],[100.7837,18.8585],[100.7809,18.8466],[100.8036,18.8341],[100.7895,18.8177],[100.7941,18.7884],[100.7757,18.7654],[100.7675,18.7656],[100.774,18.7522],[100.7582,18.7379],[100.7675,18.7147],[100.761,18.7131],[100.7598,18.7218],[100.7555,18.7139],[100.7732,18.7066],[100.7959,18.6729],[100.7214,18.6783]]]]}},{"type":"Feature","properties":{"province":"Nan","district":"NaMun","hasc":"TH.NA.NM"},"geometry":{"type":"MultiPolygon","coordinates":[[[[100.6086,18.0471],[100.5505,18.0316],[100.5438,18.0148],[100.5276,18.0215],[100.4456,18.0238],[100.4245,18.0115],[100.4158,18.0194],[100.4049,18.0632],[100.4114,18.0738],[100.3974,18.0845],[100.4015,18.0976],[100.3936,18.1169],[100.3993,18.1348],[100.4183,18.1534],[100.448,18.157],[100.4613,18.1923],[100.4557,18.2128],[100.4775,18.2626],[100.4899,18.2731],[100.5237,18.2722],[100.5267,18.2475],[100.5347,18.2502],[100.5557,18.2326],[100.5759,18.2401],[100.6093,18.2354],[100.6324,18.2443],[100.6569,18.2222],[100.6826,18.2177],[100.6896,18.1918],[100.6989,18.1841],[100.7345,18.1863],[100.7524,18.1796],[100.7584,18.1676],[100.7484,18.1468],[100.7735,18.1268],[100.7779,18.1043],[100.7883,18.1036],[100.8011,18.1187],[100.8209,18.1139],[100.8215,18.081],[100.7707,18.0233],[100.727,18.0306],[100.6942,18.023],[100.67,18.0406],[100.6086,18.0471]]]]}},{"type":"Feature","properties":{"province":"Nan","district":"NaNoi","hasc":"TH.NA.NN"},"geometry":{"type":"MultiPolygon","coordinates":[[[[100.8219,18.082],[100.8191,18.1163],[100.8011,18.1187],[100.7883,18.1036],[100.7779,18.1043],[100.7735,18.1268],[100.7484,18.1468],[100.7584,18.1676],[100.7524,18.1796],[100.7345,18.1863],[100.6989,18.1841],[100.6896,18.1918],[100.6826,18.2177],[100.6569,18.2222],[100.6324,18.2443],[100.6093,18.2354],[100.5759,18.2401],[100.5557,18.2326],[100.5347,18.2502],[100.5267,18.2475],[100.5237,18.2722],[100.4899,18.2731],[100.4958,18.278],[100.4848,18.2903],[100.4819,18.3182],[100.4948,18.3369],[100.4829,18.3484],[100.5071,18.3602],[100.5185,18.3897],[100.5384,18.3889],[100.5524,18.4159],[100.5729,18.4196],[100.58,18.445],[100.6249,18.4287],[100.6497,18.4316],[100.6652,18.4487],[100.6699,18.4354],[100.6863,18.4378],[100.7033,18.4284],[100.7153,18.4356],[100.7173,18.4205],[100.7309,18.4178],[100.8479,18.4276],[100.8505,18.3896],[100.8634,18.3704],[100.8795,18.3653],[100.8916,18.3353],[100.9078,18.3486],[100.9172,18.3468],[100.9237,18.3658],[100.961,18.382],[100.9715,18.3825],[100.9731,18.3742],[101.0172,18.3776],[101.057,18.4219],[101.0811,18.4034],[101.0891,18.3767],[101.0777,18.3558],[101.0598,18.3544],[101.0072,18.316],[101.0009,18.302],[100.9823,18.3043],[100.9537,18.2642],[100.9211,18.2418],[100.9145,18.2256],[100.9273,18.2092],[100.9102,18.1925],[100.9081,18.175],[100.9153,18.1569],[100.8773,18.1402],[100.8769,18.1168],[100.8591,18.1018],[100.8513,18.0803],[100.8219,18.082]]]]}},{"type":"Feature","properties":{"province":"Nan","district":"Pua","hasc":"TH.NA.PU"},"geometry":{"type":"MultiPolygon","coordinates":[[[[100.9791,19.0635],[100.9324,19.063],[100.9203,19.0843],[100.9293,19.0951],[100.8975,19.1186],[100.8777,19.1447],[100.8139,19.1462],[100.8108,19.1601],[100.796,19.1727],[100.795,19.2043],[100.7729,19.213],[100.783,19.2138],[100.7948,19.232],[100.8022,19.2196],[100.8306,19.2231],[100.846,19.2269],[100.8652,19.2507],[100.8898,19.245],[100.9422,19.2648],[100.9562,19.2625],[100.9659,19.2917],[101.0435,19.2978],[101.0244,19.3237],[101.0309,19.3369],[101.0242,19.3474],[101.0409,19.3679],[101.0893,19.38],[101.0982,19.3506],[101.1279,19.3446],[101.1561,19.3056],[101.1209,19.3016],[101.1309,19.2796],[101.1318,19.2089],[101.1079,19.1876],[101.1281,19.1453],[101.1337,19.1084],[101.1285,19.0891],[101.104,19.0561],[101.0663,19.0299],[101.0633,18.9885],[101.0751,18.9597],[101.066,18.9571],[101.0013,18.9832],[100.9874,18.971],[100.9491,18.9819],[100.9272,18.9649],[100.9082,18.9697],[100.9069,18.9872],[100.9327,18.9983],[100.9148,19.0109],[100.9237,19.0164],[100.9204,19.0323],[100.9331,19.0446],[100.9617,19.0353],[100.9798,19.0442],[100.9929,19.0702],[100.9791,19.0635]]]]}},{"type":"Feature","properties":{"province":"Nan","district":"SantiSuk","hasc":"TH.NA.SS"},"geometry":{"type":"MultiPolygon","coordinates":[[[[101.1198,18.9121],[101.162,18.9259],[101.1755,18.8994],[101.194,18.8864],[101.1696,18.8871],[101.1624,18.8568],[101.1255,18.8631],[101.1107,18.8497],[101.0707,18.8486],[101.0333,18.8592],[101.0132,18.8538],[101.0083,18.8446],[100.9886,18.8445],[100.9639,18.8595],[100.937,18.8603],[100.9231,18.8527],[100.9183,18.863],[100.8876,18.8608],[100.8687,18.9056],[100.8314,18.9268],[100.8191,18.9219],[100.8118,18.9429],[100.8378,18.9775],[100.8328,18.9923],[100.8883,18.9841],[100.8928,18.977],[100.9006,18.9808],[100.9174,18.9651],[100.9299,18.9661],[100.9425,18.9816],[100.9672,18.9797],[100.974,18.9704],[100.9932,18.9721],[101.0013,18.9832],[101.0141,18.9737],[101.0393,18.9719],[101.054,18.9585],[101.0941,18.9588],[101.1073,18.9471],[101.1078,18.9286],[101.1198,18.9121]]]]}},{"type":"Feature","properties":{"province":"Nan","district":"SongKwae","hasc":"TH.NA.SK"},"geometry":{"type":"MultiPolygon","coordinates":[[[[100.7649,19.343],[100.7549,19.3083],[100.7676,19.282],[100.7641,19.2738],[100.7337,19.2709],[100.708,19.2868],[100.6662,19.2901],[100.6133,19.3094],[100.5651,19.3079],[100.5624,19.3366],[100.536,19.3525],[100.5378,19.3685],[100.5198,19.3972],[100.5666,19.434],[100.5675,19.453],[100.5901,19.4713],[100.5858,19.4815],[100.6012,19.495],[100.6049,19.5253],[100.6191,19.5495],[100.6536,19.5548],[100.7605,19.509],[100.7692,19.4859],[100.751,19.4751],[100.7443,19.4578],[100.7586,19.4276],[100.7543,19.41],[100.7737,19.4028],[100.7844,19.3835],[100.7681,19.3816],[100.7649,19.343]]]]}},{"type":"Feature","properties":{"province":"Nan","district":"ThaWangPha","hasc":"TH.NA.TW"},"geometry":{"type":"MultiPolygon","coordinates":[[[[100.8304,18.9937],[100.7989,19.0142],[100.7839,19.0101],[100.7795,19.0311],[100.7353,19.0225],[100.7122,19.0432],[100.6894,19.0424],[100.6659,19.0601],[100.6346,19.0593],[100.6169,19.0399],[100.566,19.0724],[100.5753,19.103],[100.5867,19.0941],[100.6032,19.1028],[100.6298,19.0982],[100.6489,19.1168],[100.6198,19.1807],[100.6185,19.2245],[100.6023,19.2493],[100.6133,19.3059],[100.6662,19.2901],[100.708,19.2868],[100.7337,19.2709],[100.7797,19.2722],[100.7813,19.2468],[100.7961,19.2337],[100.783,19.2138],[100.7729,19.213],[100.795,19.2043],[100.796,19.1727],[100.8108,19.1601],[100.8139,19.1462],[100.8777,19.1447],[100.8975,19.1186],[100.9293,19.0951],[100.9203,19.0843],[100.9324,19.063],[100.9732,19.0618],[100.9929,19.0702],[100.9818,19.0455],[100.9624,19.0355],[100.9284,19.0414],[100.92,19.0303],[100.9233,19.0155],[100.9148,19.0109],[100.9325,18.9977],[100.9069,18.9872],[100.9055,18.9736],[100.8883,18.9841],[100.8304,18.9937]]]]}},{"type":"Feature","properties":{"province":"Nan","district":"ThungChang","hasc":"TH.NA.TC"},"geometry":{"type":"MultiPolygon","coordinates":[[[[101.0231,19.3472],[101.0034,19.3356],[100.9951,19.3485],[100.9806,19.3525],[100.9839,19.3798],[100.9678,19.3595],[100.9519,19.3536],[100.9373,19.3609],[100.921,19.3537],[100.8632,19.3635],[100.8375,19.3588],[100.7859,19.3757],[100.7737,19.4028],[100.7543,19.41],[100.7586,19.4276],[100.7496,19.439],[100.7459,19.4673],[100.8185,19.5234],[100.85,19.5664],[100.862,19.5715],[100.896,19.6318],[100.9183,19.6198],[100.9598,19.6231],[100.9784,19.615],[100.9759,19.6005],[100.9645,19.5912],[100.9643,19.5732],[100.9982,19.5639],[101.0156,19.5398],[101.0176,19.5208],[101.0016,19.5163],[101.0047,19.4999],[100.9966,19.487],[101.0062,19.4778],[101.0153,19.4242],[101.0424,19.4188],[101.0951,19.4313],[101.0977,19.4261],[101.0861,19.3907],[101.0893,19.38],[101.0409,19.3679],[101.0231,19.3472]]]]}},{"type":"Feature","properties":{"province":"Nan","district":"WiangSa","hasc":"TH.NA.WS"},"geometry":{"type":"MultiPolygon","coordinates":[[[[101.0932,18.4918],[101.0959,18.482],[101.0563,18.4405],[101.0563,18.4186],[101.0276,18.3959],[101.0189,18.3786],[100.9731,18.3742],[100.9715,18.3825],[100.961,18.382],[100.9237,18.3658],[100.9172,18.3468],[100.9078,18.3486],[100.8916,18.3353],[100.8795,18.3653],[100.8634,18.3704],[100.8505,18.3896],[100.8479,18.4276],[100.7309,18.4178],[100.7173,18.4205],[100.7153,18.4356],[100.7033,18.4284],[100.6863,18.4378],[100.6699,18.4354],[100.6652,18.4487],[100.6497,18.4316],[100.6249,18.4287],[100.58,18.445],[100.5729,18.4196],[100.5524,18.4159],[100.5433,18.4878],[100.5081,18.4715],[100.4839,18.4805],[100.4773,18.4937],[100.4492,18.4945],[100.4456,18.4887],[100.436,18.4987],[100.417,18.4806],[100.4009,18.485],[100.3886,18.5108],[100.3976,18.5253],[100.3894,18.5565],[100.3723,18.5644],[100.3833,18.6205],[100.3983,18.6256],[100.3936,18.6369],[100.3637,18.6425],[100.3538,18.6788],[100.3651,18.7056],[100.3902,18.7252],[100.3935,18.7389],[100.454,18.7441],[100.466,18.7259],[100.4959,18.7333],[100.5098,18.7923],[100.5073,18.8165],[100.5285,18.8344],[100.5387,18.8267],[100.5658,18.8271],[100.5825,18.8095],[100.5916,18.7818],[100.6086,18.7752],[100.6021,18.759],[100.6081,18.746],[100.5951,18.7346],[100.5995,18.7134],[100.5927,18.7005],[100.6105,18.7081],[100.6233,18.6993],[100.6324,18.7053],[100.6416,18.6884],[100.6776,18.6865],[100.6911,18.6939],[100.6938,18.6848],[100.71,18.7004],[100.7208,18.6787],[100.7505,18.6723],[100.8254,18.6796],[100.8611,18.6692],[100.8788,18.6759],[100.9203,18.6674],[100.9226,18.6446],[100.9312,18.6378],[100.9287,18.6218],[100.9775,18.5982],[100.9878,18.5991],[100.9947,18.6111],[101.0132,18.607],[101.0241,18.5867],[101.044,18.5866],[101.1003,18.5349],[101.1057,18.5196],[101.0932,18.4918]]]]}},{"type":"Feature","properties":{"province":"Narathiwat","district":"Bacho","hasc":"TH.NW.BA"},"geometry":{"type":"MultiPolygon","coordinates":[[[[101.5932,6.5266],[101.6091,6.5441],[101.5931,6.5654],[101.5969,6.581],[101.5748,6.5974],[101.5772,6.6171],[101.6131,6.6329],[101.6255,6.6332],[101.6277,6.6243],[101.6314,6.6353],[101.6355,6.6208],[101.6556,6.6245],[101.6523,6.6143],[101.6603,6.6057],[101.6539,6.601],[101.6701,6.5735],[101.7108,6.5683],[101.7231,6.5462],[101.7263,6.5184],[101.7197,6.4995],[101.6994,6.4842],[101.6492,6.4714],[101.6083,6.4914],[101.5883,6.5133],[101.5932,6.5266]]]]}},{"type":"Feature","properties":{"province":"Narathiwat","district":"Cho-I-rong","hasc":"TH.NW.CA"},"geometry":{"type":"MultiPolygon","coordinates":[[[[101.8831,6.1965],[101.8578,6.191],[101.8616,6.1605],[101.8054,6.1217],[101.8032,6.1495],[101.784,6.1925],[101.7963,6.2144],[101.7777,6.2384],[101.8229,6.2986],[101.8934,6.3016],[101.9171,6.2836],[101.9109,6.2753],[101.9182,6.2591],[101.9045,6.2549],[101.9032,6.2173],[101.8831,6.1965]]]]}},{"type":"Feature","properties":{"province":"Narathiwat","district":"Ja-Nae","hasc":"TH.NW.CH"},"geometry":{"type":"MultiPolygon","coordinates":[[[[101.6157,5.9078],[101.5815,5.9344],[101.5404,5.919],[101.5007,5.8927],[101.4986,5.9007],[101.4908,5.9004],[101.4905,5.9375],[101.4974,5.9484],[101.4865,5.9562],[101.4845,5.9777],[101.4732,5.9885],[101.4827,6.0125],[101.4745,6.0676],[101.497,6.0758],[101.5146,6.0527],[101.5357,6.0772],[101.5453,6.1084],[101.56,6.112],[101.6118,6.1567],[101.6275,6.1808],[101.6329,6.1718],[101.6559,6.1884],[101.713,6.1901],[101.7145,6.1657],[101.7483,6.118],[101.7586,6.1164],[101.7797,6.1327],[101.8014,6.1305],[101.8081,6.0974],[101.8024,6.0878],[101.7735,6.0764],[101.7355,6.0854],[101.7319,6.0722],[101.711,6.0659],[101.7135,6.0458],[101.6969,6.0283],[101.6912,5.9999],[101.6802,5.9988],[101.6737,5.9779],[101.6505,5.9559],[101.6494,5.9295],[101.6415,5.9269],[101.6361,5.9092],[101.6214,5.9018],[101.6157,5.9078]]]]}},{"type":"Feature","properties":{"province":"Narathiwat","district":"MuangNarathiwat","hasc":"TH.NW.NA"},"geometry":{"type":"MultiPolygon","coordinates":[[[[101.8652,6.2997],[101.8281,6.2969],[101.7741,6.306],[101.7618,6.3304],[101.7211,6.3477],[101.7234,6.3682],[101.7343,6.3693],[101.7407,6.3797],[101.7584,6.3735],[101.769,6.3803],[101.768,6.3928],[101.7856,6.4038],[101.7727,6.4375],[101.7422,6.4601],[101.7164,6.4962],[101.7262,6.5203],[101.7108,6.5683],[101.7238,6.5761],[101.8151,6.454],[101.8554,6.4281],[101.8747,6.4244],[101.9189,6.3723],[101.8985,6.3623],[101.9161,6.337],[101.9171,6.2836],[101.8934,6.3016],[101.8652,6.2997]]]]}},{"type":"Feature","properties":{"province":"Narathiwat","district":"Rangae","hasc":"TH.NW.RA"},"geometry":{"type":"MultiPolygon","coordinates":[[[[101.7962,6.2123],[101.784,6.1925],[101.8032,6.1495],[101.8017,6.1313],[101.7797,6.1327],[101.7586,6.1164],[101.7483,6.118],[101.7237,6.1613],[101.7149,6.165],[101.713,6.1901],[101.6559,6.1884],[101.632,6.1721],[101.6268,6.184],[101.6326,6.2014],[101.6112,6.221],[101.6196,6.2389],[101.6067,6.2841],[101.5938,6.2929],[101.605,6.3325],[101.6135,6.3391],[101.6043,6.3622],[101.6266,6.371],[101.6539,6.3534],[101.6947,6.3576],[101.7595,6.332],[101.7722,6.3068],[101.8229,6.2986],[101.7793,6.2473],[101.778,6.236],[101.7962,6.2123]]]]}},{"type":"Feature","properties":{"province":"Narathiwat","district":"Ruso","hasc":"TH.NW.RU"},"geometry":{"type":"MultiPolygon","coordinates":[[[[101.5047,6.3026],[101.4872,6.2705],[101.4906,6.2533],[101.4564,6.2602],[101.4403,6.2309],[101.4202,6.243],[101.3991,6.2319],[101.4029,6.2719],[101.3938,6.3003],[101.4002,6.3163],[101.388,6.3366],[101.3979,6.3585],[101.4174,6.372],[101.4197,6.3903],[101.4121,6.3965],[101.4345,6.4287],[101.457,6.4316],[101.4684,6.4239],[101.4639,6.4655],[101.5487,6.4442],[101.5503,6.4552],[101.5336,6.4686],[101.5805,6.5093],[101.5935,6.5117],[101.6083,6.4914],[101.6365,6.4731],[101.6332,6.461],[101.6469,6.4249],[101.6431,6.4081],[101.6233,6.4027],[101.633,6.3698],[101.6043,6.3622],[101.6143,6.3468],[101.6004,6.318],[101.5668,6.3145],[101.5468,6.3282],[101.5196,6.3112],[101.5062,6.3241],[101.4948,6.3165],[101.5047,6.3026]]]]}},{"type":"Feature","properties":{"province":"Narathiwat","district":"SiSakhon","hasc":"TH.NW.SS"},"geometry":{"type":"MultiPolygon","coordinates":[[[[101.5451,6.1055],[101.5352,6.0763],[101.5146,6.0527],[101.497,6.0758],[101.4745,6.0676],[101.4669,6.0801],[101.4469,6.082],[101.4378,6.0964],[101.4353,6.1289],[101.4267,6.142],[101.4157,6.1429],[101.4113,6.1573],[101.3884,6.1659],[101.3715,6.2083],[101.4187,6.2428],[101.4403,6.2309],[101.4564,6.2602],[101.4906,6.2533],[101.4872,6.2705],[101.5055,6.3002],[101.4961,6.3197],[101.5062,6.3241],[101.5196,6.3112],[101.5468,6.3282],[101.5668,6.3145],[101.6004,6.318],[101.5938,6.2929],[101.6063,6.2851],[101.6196,6.2389],[101.6112,6.221],[101.633,6.1998],[101.6118,6.1567],[101.5451,6.1055]]]]}},{"type":"Feature","properties":{"province":"Narathiwat","district":"Su-ngaiKoLok","hasc":"TH.NW.SK"},"geometry":{"type":"MultiPolygon","coordinates":[[[[101.9783,6.0291],[101.9722,6.0056],[101.9505,5.9877],[101.9177,6.0169],[101.9233,6.0352],[101.9436,6.0515],[101.9389,6.08],[101.9853,6.1125],[102.0225,6.1524],[102.0499,6.1444],[102.0471,6.1342],[102.0654,6.1072],[102.0612,6.0912],[102.0519,6.0788],[102.0317,6.0712],[102.0189,6.0522],[102.0048,6.0509],[101.9783,6.0291]]]]}},{"type":"Feature","properties":{"province":"Narathiwat","district":"Sukhirin","hasc":"TH.NW.SU"},"geometry":{"type":"MultiPolygon","coordinates":[[[[101.8221,5.7642],[101.824,5.74],[101.8147,5.7372],[101.7832,5.764],[101.7661,5.7951],[101.7548,5.7987],[101.7213,5.7806],[101.7177,5.7875],[101.7142,5.7648],[101.7025,5.7599],[101.6642,5.8153],[101.6626,5.8722],[101.636,5.8796],[101.6214,5.9018],[101.6361,5.9092],[101.6415,5.9269],[101.6494,5.9295],[101.6505,5.9559],[101.6737,5.9779],[101.6802,5.9988],[101.6912,5.9999],[101.6969,6.0283],[101.7141,6.0472],[101.711,6.0659],[101.7319,6.0722],[101.7355,6.0854],[101.7735,6.0764],[101.8001,6.0895],[101.799,6.0716],[101.8103,6.0598],[101.8115,6.0507],[101.7951,6.0347],[101.8041,6.0093],[101.7963,5.9926],[101.8161,5.9561],[101.8044,5.9454],[101.8096,5.9076],[101.7986,5.872],[101.8194,5.8175],[101.8177,5.8014],[101.8039,5.8013],[101.8009,5.7915],[101.8221,5.7642]]]]}},{"type":"Feature","properties":{"province":"Narathiwat","district":"SungaiPadi","hasc":"TH.NW.SP"},"geometry":{"type":"MultiPolygon","coordinates":[[[[101.8032,6.0903],[101.8065,6.1255],[101.8616,6.1605],[101.8578,6.191],[101.8877,6.1954],[101.8997,6.2097],[101.9048,6.256],[101.9182,6.2591],[101.9122,6.2777],[101.9337,6.2557],[101.9267,6.2509],[101.9279,6.237],[101.9162,6.2279],[102.0225,6.1524],[101.9853,6.1125],[101.9364,6.0773],[101.9436,6.0515],[101.9145,6.0228],[101.9243,6.0141],[101.9218,6.0015],[101.8957,5.9832],[101.8717,5.9929],[101.8631,5.9838],[101.8223,5.9911],[101.8156,5.9781],[101.8071,5.9783],[101.7961,5.9938],[101.8041,6.0093],[101.7951,6.0347],[101.8119,6.0525],[101.799,6.0716],[101.8032,6.0903]]]]}},{"type":"Feature","properties":{"province":"Narathiwat","district":"TakBai","hasc":"TH.NW.TB"},"geometry":{"type":"MultiPolygon","coordinates":[[[[102.093,6.1476],[102.0664,6.1065],[102.0471,6.1342],[102.0499,6.1444],[102.0262,6.1494],[101.9162,6.2279],[101.9279,6.237],[101.9267,6.2509],[101.9337,6.2557],[101.918,6.2721],[101.9161,6.337],[101.903,6.3475],[101.9006,6.3668],[101.9189,6.3723],[101.9828,6.3146],[102.0863,6.2464],[102.0914,6.2364],[102.0805,6.2254],[102.0786,6.1715],[102.093,6.1476]]]]}},{"type":"Feature","properties":{"province":"Narathiwat","district":"Waeng","hasc":"TH.NW.WA"},"geometry":{"type":"MultiPolygon","coordinates":[[[[101.8701,5.8089],[101.8608,5.7993],[101.8663,5.7912],[101.8525,5.7976],[101.8305,5.7875],[101.8244,5.7676],[101.801,5.7908],[101.8039,5.8013],[101.8177,5.8014],[101.8194,5.8175],[101.7986,5.872],[101.8096,5.9076],[101.8044,5.9454],[101.8161,5.9561],[101.8104,5.9768],[101.8223,5.9911],[101.8631,5.9838],[101.8717,5.9929],[101.8957,5.9832],[101.9218,6.0015],[101.9254,6.014],[101.9484,5.9877],[101.9395,5.9721],[101.9442,5.9558],[101.9293,5.9488],[101.9307,5.9327],[101.9212,5.9173],[101.9329,5.9067],[101.9435,5.8717],[101.9171,5.843],[101.896,5.8454],[101.8844,5.8376],[101.8803,5.8115],[101.8701,5.8089]]]]}},{"type":"Feature","properties":{"province":"Narathiwat","district":"Yi-ngo","hasc":"TH.NW.YI"},"geometry":{"type":"MultiPolygon","coordinates":[[[[101.7225,6.3645],[101.7187,6.3475],[101.6796,6.3597],[101.6539,6.3534],[101.633,6.3698],[101.6233,6.4027],[101.6431,6.4081],[101.6469,6.4249],[101.6332,6.461],[101.6365,6.4731],[101.6684,6.4731],[101.7164,6.4962],[101.7422,6.4601],[101.7727,6.4375],[101.7853,6.4024],[101.768,6.3928],[101.769,6.3803],[101.7584,6.3735],[101.7407,6.3797],[101.7225,6.3645]]]]}},{"type":"Feature","properties":{"province":"NongBuaLamPhu","district":"MuangNongBuaLamPhu","hasc":"TH.NB.NB"},"geometry":{"type":"MultiPolygon","coordinates":[[[[102.4218,16.9597],[102.4145,16.922],[102.4061,16.9169],[102.3763,16.9266],[102.3758,16.9498],[102.3596,16.9451],[102.3488,16.9603],[102.3317,16.9524],[102.3249,16.9594],[102.3319,17.0347],[102.3238,17.0501],[102.3327,17.0703],[102.3256,17.1052],[102.3166,17.1166],[102.2788,17.1263],[102.2631,17.1466],[102.2398,17.1541],[102.2356,17.1686],[102.2499,17.177],[102.261,17.2105],[102.2832,17.2379],[102.2551,17.3059],[102.2855,17.3088],[102.3138,17.3227],[102.339,17.3524],[102.3398,17.3728],[102.3635,17.3584],[102.3793,17.3652],[102.378,17.3842],[102.4288,17.3662],[102.4445,17.3238],[102.4428,17.2785],[102.5101,17.2857],[102.5964,17.2634],[102.5749,17.2282],[102.5232,17.2074],[102.4748,17.1988],[102.5029,17.153],[102.53,17.0856],[102.5811,17.0383],[102.5527,17.0141],[102.5056,16.9991],[102.4819,17.0222],[102.4621,17.0226],[102.4368,16.9956],[102.4218,16.9597]]]]}},{"type":"Feature","properties":{"province":"NongBuaLamPhu","district":"NaKlang","hasc":"TH.NB.NK"},"geometry":{"type":"MultiPolygon","coordinates":[[[[102.2632,17.2869],[102.2832,17.2379],[102.261,17.2105],[102.2499,17.177],[102.2359,17.1699],[102.2419,17.1478],[102.2369,17.142],[102.1945,17.1528],[102.1822,17.1659],[102.134,17.1706],[102.1254,17.1806],[102.1008,17.1782],[102.0955,17.1902],[102.1094,17.2058],[102.1077,17.222],[102.0912,17.2405],[102.1119,17.2569],[102.1166,17.2885],[102.1485,17.291],[102.1217,17.3059],[102.1335,17.3541],[102.1404,17.3608],[102.148,17.3538],[102.166,17.3605],[102.1626,17.3715],[102.1121,17.4096],[102.108,17.4368],[102.116,17.4544],[102.13,17.4602],[102.1213,17.4722],[102.1057,17.4756],[102.1301,17.4901],[102.1303,17.4971],[102.1503,17.4855],[102.1943,17.4769],[102.2117,17.4604],[102.2413,17.4564],[102.2594,17.4372],[102.2587,17.4247],[102.277,17.4158],[102.2853,17.4255],[102.2969,17.4117],[102.3125,17.4077],[102.3184,17.4296],[102.3486,17.4303],[102.4126,17.3945],[102.425,17.3719],[102.378,17.3842],[102.3793,17.3652],[102.363,17.3583],[102.3401,17.373],[102.339,17.3524],[102.3141,17.3229],[102.2855,17.3088],[102.2553,17.3061],[102.2632,17.2869]]]]}},{"type":"Feature","properties":{"province":"NongBuaLamPhu","district":"NaWang","hasc":"TH.NB.NW"},"geometry":{"type":"MultiPolygon","coordinates":[[[[102.0778,17.1824],[102.0754,17.1929],[102.0185,17.1947],[101.9987,17.2028],[102.0091,17.215],[102.0572,17.203],[102.0763,17.2101],[102.0611,17.2316],[102.0701,17.2537],[102.0549,17.2488],[102.0366,17.2599],[102.0289,17.2784],[102.0161,17.2776],[102.0163,17.2867],[101.9931,17.3096],[101.9992,17.331],[102.0223,17.3399],[102.015,17.3604],[102.0206,17.3696],[101.9836,17.4103],[101.9944,17.4195],[101.9866,17.435],[101.9935,17.4575],[102.0338,17.4581],[102.0541,17.4485],[102.1084,17.4762],[102.13,17.4602],[102.116,17.4544],[102.108,17.4368],[102.1121,17.4096],[102.1626,17.3715],[102.166,17.3605],[102.148,17.3538],[102.1395,17.3606],[102.1327,17.3526],[102.1217,17.3059],[102.1485,17.291],[102.1161,17.288],[102.1119,17.2569],[102.0912,17.2401],[102.1077,17.222],[102.1094,17.2058],[102.0955,17.1902],[102.1006,17.1776],[102.0863,17.1674],[102.0778,17.1824]]]]}},{"type":"Feature","properties":{"province":"NongBuaLamPhu","district":"NonSang","hasc":"TH.NB.NS"},"geometry":{"type":"MultiPolygon","coordinates":[[[[102.5775,16.7729],[102.5421,16.7793],[102.4977,16.8003],[102.4337,16.7865],[102.4048,16.8016],[102.3915,16.8569],[102.3799,16.8733],[102.3691,16.8753],[102.3894,16.9263],[102.4055,16.917],[102.414,16.9211],[102.4331,16.9893],[102.4621,17.0226],[102.4819,17.0222],[102.5056,16.9991],[102.5527,17.0141],[102.5811,17.0383],[102.6704,16.9916],[102.6828,16.97],[102.6832,16.9583],[102.6255,16.8384],[102.6138,16.7661],[102.5775,16.7729]]]]}},{"type":"Feature","properties":{"province":"NongBuaLamPhu","district":"SiBunRuang","hasc":"TH.NB.SB"},"geometry":{"type":"MultiPolygon","coordinates":[[[[102.4032,16.8029],[102.3629,16.8143],[102.3525,16.8279],[102.3447,16.8152],[102.3367,16.8287],[102.3409,16.835],[102.3254,16.8441],[102.3333,16.8462],[102.332,16.8528],[102.3181,16.8526],[102.3258,16.865],[102.3043,16.8733],[102.3044,16.8839],[102.293,16.882],[102.2972,16.8896],[102.2563,16.8925],[102.2521,16.876],[102.2314,16.8742],[102.2182,16.8566],[102.19,16.856],[102.1828,16.8699],[102.1728,16.8633],[102.1574,16.8794],[102.1266,16.8787],[102.1061,16.8954],[102.0984,16.8886],[102.1015,16.8803],[102.0835,16.8873],[102.0729,16.883],[102.0678,16.8952],[102.0487,16.9048],[102.0337,16.9518],[102.0591,16.965],[102.0751,16.9632],[102.0977,16.9853],[102.0988,17.002],[102.1326,17.0064],[102.1557,17.0269],[102.1058,17.0628],[102.1064,17.0814],[102.0926,17.1094],[102.0231,17.1299],[102.0229,17.1658],[102.0453,17.1534],[102.0503,17.1683],[102.0746,17.1863],[102.0866,17.1673],[102.1008,17.1782],[102.1254,17.1806],[102.134,17.1706],[102.1826,17.1658],[102.1945,17.1528],[102.2207,17.1495],[102.2262,17.1415],[102.2409,17.1453],[102.2398,17.1541],[102.2496,17.1533],[102.2817,17.1245],[102.321,17.1138],[102.3327,17.0703],[102.3238,17.0507],[102.3319,17.0341],[102.3228,16.9648],[102.3317,16.9524],[102.3476,16.9607],[102.3596,16.9451],[102.3758,16.9498],[102.3756,16.9275],[102.3894,16.9263],[102.3689,16.8761],[102.3915,16.8569],[102.4032,16.8029]]]]}},{"type":"Feature","properties":{"province":"NongBuaLamPhu","district":"SuwanKhuha","hasc":"TH.NB.SU"},"geometry":{"type":"MultiPolygon","coordinates":[[[[102.3187,17.4296],[102.3125,17.4077],[102.2969,17.4117],[102.2853,17.4255],[102.277,17.4158],[102.2587,17.4247],[102.2594,17.4372],[102.2413,17.4564],[102.2122,17.4602],[102.1943,17.4769],[102.1371,17.4909],[102.1288,17.5012],[102.1427,17.5194],[102.1393,17.5555],[102.124,17.5675],[102.1095,17.6078],[102.0868,17.6339],[102.1062,17.645],[102.1261,17.6319],[102.157,17.6629],[102.2646,17.6583],[102.2811,17.6707],[102.3199,17.6767],[102.3351,17.5494],[102.3703,17.4991],[102.41,17.3979],[102.3867,17.4045],[102.349,17.4302],[102.3187,17.4296]]]]}},{"type":"Feature","properties":{"province":"NongKhai","district":"K.FaoRai","hasc":"TH.NK.FR"},"geometry":{"type":"MultiPolygon","coordinates":[[[[103.2966,18.1379],[103.2949,18.106],[103.3163,18.1],[103.3017,18.0818],[103.3145,18.0555],[103.3524,18.0445],[103.3562,18.0246],[103.3738,18.0307],[103.3941,18.0225],[103.3982,18.0076],[103.4092,18.0025],[103.4025,17.9802],[103.3899,17.9792],[103.3914,17.9568],[103.4111,17.9481],[103.4158,17.9306],[103.3967,17.9285],[103.4034,17.914],[103.3971,17.8958],[103.355,17.8753],[103.2772,17.9032],[103.2868,17.9115],[103.3416,17.9107],[103.3585,17.9194],[103.3518,17.9389],[103.3656,17.9689],[103.3471,17.9693],[103.3045,17.9466],[103.2544,17.9414],[103.2505,17.9604],[103.234,17.982],[103.1962,17.9855],[103.162,17.9757],[103.1669,18.001],[103.1812,18.0065],[103.1886,18.0411],[103.1747,18.0586],[103.2281,18.0744],[103.267,18.1338],[103.2966,18.1379]]]]}},{"type":"Feature","properties":{"province":"NongKhai","district":"K.PhoTak","hasc":"TH.NK.PT"},"geometry":{"type":"MultiPolygon","coordinates":[[[[102.359,17.9237],[102.3756,17.9348],[102.3943,17.9777],[102.4225,17.9528],[102.4181,17.9279],[102.4446,17.9122],[102.4753,17.9069],[102.4791,17.8925],[102.516,17.8705],[102.504,17.8704],[102.4998,17.8573],[102.4884,17.8582],[102.4697,17.83],[102.4573,17.833],[102.4437,17.818],[102.4294,17.8175],[102.4015,17.843],[102.4029,17.873],[102.3918,17.893],[102.3669,17.9048],[102.3701,17.9108],[102.3591,17.9152],[102.359,17.9237]]]]}},{"type":"Feature","properties":{"province":"NongKhai","district":"K.RattanaWapi","hasc":"TH.NK.RA"},"geometry":{"type":"MultiPolygon","coordinates":[[[[103.1429,18.1595],[103.1574,18.1903],[103.1525,18.2283],[103.1723,18.2557],[103.3013,18.3024],[103.2973,18.2697],[103.2609,18.2592],[103.2672,18.2301],[103.2838,18.2325],[103.3173,18.2113],[103.3591,18.1643],[103.3314,18.1314],[103.3243,18.1331],[103.3255,18.1486],[103.3055,18.1539],[103.3005,18.1391],[103.267,18.1338],[103.2503,18.1091],[103.2346,18.1214],[103.2152,18.1124],[103.1862,18.1275],[103.1483,18.1194],[103.1429,18.1595]]]]}},{"type":"Feature","properties":{"province":"NongKhai","district":"K.SaKhrai","hasc":"TH.NK.SK"},"geometry":{"type":"MultiPolygon","coordinates":[[[[102.7012,17.6171],[102.669,17.5934],[102.6507,17.591],[102.6483,17.6127],[102.5978,17.6208],[102.6045,17.6485],[102.5992,17.6648],[102.6314,17.6656],[102.6439,17.6732],[102.6479,17.6872],[102.6773,17.6833],[102.7294,17.697],[102.7331,17.7187],[102.7434,17.7295],[102.7382,17.7445],[102.7737,17.7458],[102.7804,17.714],[102.7995,17.6865],[102.7862,17.6796],[102.7761,17.6448],[102.7621,17.64],[102.7696,17.6188],[102.7432,17.6182],[102.7342,17.602],[102.7164,17.6032],[102.7012,17.6171]]]]}},{"type":"Feature","properties":{"province":"NongKhai","district":"MuangNongKhai","hasc":"TH.NK.NK"},"geometry":{"type":"MultiPolygon","coordinates":[[[[102.69,17.8049],[102.6973,17.8245],[102.6785,17.8507],[102.6875,17.8664],[102.7606,17.8927],[102.7895,17.9332],[102.818,17.9385],[102.8614,17.9708],[102.905,17.9808],[102.9447,18.0006],[102.9793,17.9991],[103.0111,17.9755],[102.9444,17.9583],[102.938,17.9709],[102.9264,17.9688],[102.9269,17.9587],[102.9084,17.9508],[102.9145,17.9409],[102.9059,17.9315],[102.8991,17.9371],[102.8865,17.9271],[102.8898,17.935],[102.8793,17.937],[102.8767,17.9179],[102.8613,17.9137],[102.8787,17.9117],[102.887,17.891],[102.8735,17.8836],[102.8782,17.8603],[102.8689,17.8515],[102.8717,17.8407],[102.8477,17.8326],[102.8544,17.8229],[102.8389,17.818],[102.8423,17.8073],[102.8293,17.8088],[102.8456,17.8021],[102.8416,17.79],[102.8573,17.7726],[102.8457,17.7407],[102.8529,17.7255],[102.8358,17.7124],[102.8317,17.6905],[102.7987,17.6833],[102.7804,17.714],[102.774,17.7452],[102.7614,17.7487],[102.7382,17.7445],[102.7434,17.7295],[102.7331,17.7187],[102.7294,17.697],[102.6773,17.6833],[102.6479,17.6872],[102.6685,17.7563],[102.6529,17.7956],[102.69,17.8049]]]]}},{"type":"Feature","properties":{"province":"NongKhai","district":"PhonPhisai","hasc":"TH.NK.PP"},"geometry":{"type":"MultiPolygon","coordinates":[[[[102.9652,17.9641],[103.0045,17.9764],[103.0282,17.9704],[103.0569,17.9943],[103.0829,18.0361],[103.0757,18.0724],[103.0844,18.1212],[103.1429,18.1595],[103.1483,18.1194],[103.1862,18.1275],[103.2152,18.1124],[103.2346,18.1214],[103.2503,18.1091],[103.2281,18.0744],[103.1747,18.0586],[103.1886,18.0411],[103.1812,18.0065],[103.1669,18.001],[103.162,17.9757],[103.1962,17.9855],[103.234,17.982],[103.2505,17.9604],[103.2544,17.9414],[103.3045,17.9466],[103.3527,17.9712],[103.3665,17.9672],[103.3541,17.9528],[103.3578,17.9189],[103.3416,17.9107],[103.3017,17.9131],[103.2781,17.9057],[103.3317,17.8806],[103.3037,17.8651],[103.3142,17.8406],[103.3072,17.8264],[103.2726,17.8472],[103.2586,17.8741],[103.2412,17.8881],[103.2041,17.8656],[103.1897,17.8659],[103.173,17.8383],[103.1696,17.8075],[103.1512,17.8016],[103.1342,17.8145],[103.1378,17.8235],[103.1263,17.8283],[103.1304,17.8409],[103.119,17.8431],[103.1166,17.8589],[103.1032,17.8542],[103.102,17.8676],[103.0964,17.8644],[103.0807,17.8811],[103.0612,17.8743],[103.0405,17.8906],[103.0404,17.875],[103.0158,17.8732],[103.0133,17.8606],[102.9728,17.8192],[102.9318,17.8879],[102.901,17.8836],[102.8787,17.9117],[102.8633,17.9102],[102.8804,17.9226],[102.8793,17.937],[102.8898,17.935],[102.8865,17.9271],[102.8991,17.9371],[102.9059,17.9315],[102.9145,17.9409],[102.9084,17.9508],[102.9269,17.9587],[102.926,17.9687],[102.938,17.9709],[102.9431,17.9582],[102.9652,17.9641]]]]}},{"type":"Feature","properties":{"province":"NongKhai","district":"SangKhom","hasc":"TH.UN.SK"},"geometry":{"type":"MultiPolygon","coordinates":[[[[102.1087,18.2115],[102.1355,18.2138],[102.166,18.2015],[102.1873,18.1469],[102.2429,18.1033],[102.2894,18.054],[102.3507,18.0416],[102.4062,17.9995],[102.3811,17.9597],[102.3728,17.9313],[102.3525,17.922],[102.325,17.9347],[102.3009,17.9587],[102.2892,17.988],[102.2764,17.9783],[102.2638,17.9821],[102.2351,18.0018],[102.2063,18.0065],[102.2061,18.0198],[102.1883,18.0105],[102.1746,18.0156],[102.157,17.9868],[102.1414,18.0053],[102.1444,18.0331],[102.1083,18.0242],[102.1143,18.0476],[102.1091,18.0603],[102.0917,18.0539],[102.058,18.0829],[102.071,18.1411],[102.0891,18.1578],[102.1049,18.1606],[102.1087,18.2115]]]]}},{"type":"Feature","properties":{"province":"NongKhai","district":"SiChiangMai","hasc":"TH.NK.SC"},"geometry":{"type":"MultiPolygon","coordinates":[[[[102.5154,17.8696],[102.4791,17.8925],[102.4753,17.9069],[102.4446,17.9122],[102.4181,17.9279],[102.4225,17.9528],[102.3943,17.9777],[102.4062,17.9995],[102.4756,17.9659],[102.5123,17.969],[102.5335,17.9612],[102.5589,17.9669],[102.608,17.9521],[102.612,17.919],[102.5955,17.9212],[102.5564,17.909],[102.5305,17.8919],[102.5328,17.8753],[102.5216,17.8658],[102.5154,17.8696]]]]}},{"type":"Feature","properties":{"province":"NongKhai","district":"ThaBo","hasc":"TH.NK.TB"},"geometry":{"type":"MultiPolygon","coordinates":[[[[102.6472,17.6833],[102.6306,17.6652],[102.5992,17.6648],[102.6003,17.6765],[102.6163,17.6846],[102.5416,17.7405],[102.536,17.7566],[102.5215,17.7607],[102.4697,17.7511],[102.4553,17.7588],[102.4522,17.7692],[102.4422,17.7656],[102.4444,17.7815],[102.4308,17.7918],[102.4334,17.8067],[102.4565,17.8325],[102.4701,17.8303],[102.4747,17.8455],[102.4846,17.8451],[102.4884,17.8582],[102.4998,17.8573],[102.504,17.8704],[102.5258,17.8688],[102.5334,17.8765],[102.5293,17.89],[102.5434,17.9019],[102.5953,17.9212],[102.617,17.9191],[102.59,17.8459],[102.5997,17.8331],[102.6396,17.8294],[102.6738,17.8028],[102.6529,17.7956],[102.6685,17.7563],[102.6472,17.6833]]]]}},{"type":"Feature","properties":{"province":"Nonthaburi","district":"BangBuaThong","hasc":"TH.NO.BB"},"geometry":{"type":"MultiPolygon","coordinates":[[[[100.4496,13.8959],[100.4504,13.8665],[100.4384,13.8698],[100.4291,13.8616],[100.4015,13.8816],[100.392,13.9013],[100.3781,13.9044],[100.3609,13.8674],[100.3504,13.8663],[100.3405,13.8851],[100.3325,13.8753],[100.3277,13.9195],[100.3576,13.9494],[100.3512,13.9535],[100.356,13.9983],[100.3682,13.9896],[100.4177,13.9832],[100.4521,13.9464],[100.4496,13.8959]]]]}},{"type":"Feature","properties":{"province":"Nonthaburi","district":"BangKruai","hasc":"TH.NO.BK"},"geometry":{"type":"MultiPolygon","coordinates":[[[[100.4826,13.7921],[100.3307,13.8032],[100.32,13.8215],[100.3676,13.8164],[100.3997,13.8304],[100.4038,13.823],[100.4254,13.8363],[100.4381,13.8274],[100.4639,13.835],[100.4936,13.8103],[100.5035,13.8175],[100.5169,13.8121],[100.4826,13.7921]]]]}},{"type":"Feature","properties":{"province":"Nonthaburi","district":"BangYai","hasc":"TH.NO.BY"},"geometry":{"type":"MultiPolygon","coordinates":[[[[100.298,13.8678],[100.3027,13.8769],[100.3346,13.8749],[100.3372,13.8853],[100.3582,13.8658],[100.3781,13.9044],[100.392,13.9013],[100.4015,13.8816],[100.4258,13.8629],[100.4424,13.8701],[100.4491,13.861],[100.4305,13.8311],[100.4254,13.8363],[100.4038,13.823],[100.3997,13.8304],[100.3648,13.8165],[100.32,13.8215],[100.298,13.8678]]]]}},{"type":"Feature","properties":{"province":"Nonthaburi","district":"MuangNonthaburi","hasc":"TH.NO.NO"},"geometry":{"type":"MultiPolygon","coordinates":[[[[100.4537,13.8298],[100.4305,13.8311],[100.4491,13.861],[100.4503,13.8881],[100.4866,13.8857],[100.4991,13.8937],[100.5516,13.8766],[100.5451,13.8489],[100.5083,13.8165],[100.4936,13.8103],[100.4639,13.835],[100.4537,13.8298]]]]}},{"type":"Feature","properties":{"province":"Nonthaburi","district":"PakKret","hasc":"TH.NO.PK"},"geometry":{"type":"MultiPolygon","coordinates":[[[[100.4895,13.9451],[100.5014,13.936],[100.5328,13.9441],[100.5415,13.9549],[100.5687,13.949],[100.5516,13.8766],[100.4991,13.8937],[100.4866,13.8857],[100.4503,13.8881],[100.4551,13.9418],[100.4177,13.9832],[100.4538,13.9664],[100.4643,13.9707],[100.4895,13.9451]]]]}},{"type":"Feature","properties":{"province":"Nonthaburi","district":"SaiNoi","hasc":"TH.NO.SN"},"geometry":{"type":"MultiPolygon","coordinates":[[[[100.2737,13.9152],[100.2652,13.9201],[100.2989,13.9621],[100.2711,13.9866],[100.2766,14.0005],[100.2664,14.008],[100.2808,14.1243],[100.3001,14.1392],[100.3364,14.1262],[100.3454,14.1139],[100.3329,14.0538],[100.3564,14.0004],[100.3512,13.9535],[100.3576,13.9494],[100.3277,13.9195],[100.3325,13.8753],[100.3027,13.8769],[100.298,13.8678],[100.2737,13.9152]]]]}},{"type":"Feature","properties":{"province":"PathumThani","district":"KhlongLuang","hasc":"TH.PT.KL"},"geometry":{"type":"MultiPolygon","coordinates":[[[[100.6706,14.0066],[100.6022,13.9943],[100.5816,14.126],[100.606,14.1335],[100.6189,14.1279],[100.6231,14.1425],[100.7568,14.21],[100.7571,14.0424],[100.6706,14.0066]]]]}},{"type":"Feature","properties":{"province":"PathumThani","district":"LamLukKa","hasc":"TH.PT.LM"},"geometry":{"type":"MultiPolygon","coordinates":[[[[100.6246,13.9491],[100.6071,13.9526],[100.606,13.9633],[100.6924,13.9855],[100.916,14.067],[100.9151,13.9443],[100.8218,13.9357],[100.7299,13.9157],[100.7081,13.9169],[100.6908,13.9289],[100.6416,13.9306],[100.6411,13.9366],[100.6266,13.937],[100.6246,13.9491]]]]}},{"type":"Feature","properties":{"province":"PathumThani","district":"LatLumKaeo","hasc":"TH.PT.LT"},"geometry":{"type":"MultiPolygon","coordinates":[[[[100.4643,13.9707],[100.4538,13.9664],[100.4332,13.9801],[100.3682,13.9896],[100.356,13.9983],[100.3329,14.0538],[100.3454,14.1139],[100.4232,14.1129],[100.4252,14.0982],[100.4823,14.0684],[100.4825,14.0552],[100.4969,14.0463],[100.4875,14.0173],[100.4599,14.0262],[100.4495,14.0148],[100.4836,13.9841],[100.4771,13.9726],[100.4643,13.9707]]]]}},{"type":"Feature","properties":{"province":"PathumThani","district":"MuangPathumThani","hasc":"TH.PT.PT"},"geometry":{"type":"MultiPolygon","coordinates":[[[[100.4967,13.9386],[100.4683,13.9665],[100.4822,13.9879],[100.4495,14.0148],[100.4599,14.0262],[100.4875,14.0173],[100.4969,14.0463],[100.5221,14.0306],[100.5436,14.0291],[100.5566,14.0405],[100.5778,14.0383],[100.5921,14.0603],[100.6071,13.9447],[100.5415,13.9549],[100.5262,13.9412],[100.4967,13.9386]]]]}},{"type":"Feature","properties":{"province":"PathumThani","district":"NongSua","hasc":"TH.PT.NS"},"geometry":{"type":"MultiPolygon","coordinates":[[[[100.757,14.0517],[100.7568,14.21],[100.8881,14.2721],[100.8944,14.2431],[100.9529,14.272],[100.9474,14.2358],[100.9157,14.219],[100.9152,14.0985],[100.7571,14.0424],[100.757,14.0517]]]]}},{"type":"Feature","properties":{"province":"PathumThani","district":"SamKhok","hasc":"TH.PT.SK"},"geometry":{"type":"MultiPolygon","coordinates":[[[[100.5458,14.0304],[100.5221,14.0306],[100.4825,14.0552],[100.4808,14.0701],[100.4272,14.0967],[100.4232,14.1129],[100.4788,14.1101],[100.5175,14.1269],[100.5495,14.1111],[100.5816,14.126],[100.5921,14.0603],[100.5881,14.0469],[100.5757,14.0378],[100.5566,14.0405],[100.5458,14.0304]]]]}},{"type":"Feature","properties":{"province":"PathumThani","district":"Thanyaburi","hasc":"TH.PT.TH"},"geometry":{"type":"MultiPolygon","coordinates":[[[[100.6042,13.9946],[100.681,14.0087],[100.9152,14.0985],[100.916,14.067],[100.6924,13.9855],[100.606,13.9633],[100.6042,13.9946]]]]}},{"type":"Feature","properties":{"province":"Pattani","district":"KaPho","hasc":"TH.PI.KA"},"geometry":{"type":"MultiPolygon","coordinates":[[[[101.5965,6.5769],[101.585,6.5576],[101.5666,6.5498],[101.5334,6.5576],[101.5179,6.5767],[101.5199,6.5917],[101.5032,6.6046],[101.4901,6.6698],[101.512,6.6763],[101.5508,6.6644],[101.5368,6.6438],[101.551,6.6252],[101.5614,6.6268],[101.5669,6.6418],[101.5783,6.6405],[101.5873,6.6255],[101.5772,6.6171],[101.5744,6.5986],[101.5965,6.5769]]]]}},{"type":"Feature","properties":{"province":"Pattani","district":"KhokPho","hasc":"TH.PI.KP"},"geometry":{"type":"MultiPolygon","coordinates":[[[[101.2004,6.6407],[101.2245,6.606],[101.215,6.5957],[101.1334,6.6092],[101.0844,6.6436],[101.0582,6.6717],[101.0568,6.7163],[101.0187,6.7256],[101.0313,6.7396],[101.0291,6.7789],[101.041,6.7946],[101.0557,6.8026],[101.0812,6.7917],[101.1153,6.7904],[101.1532,6.7636],[101.1932,6.7607],[101.1944,6.7337],[101.209,6.7236],[101.1886,6.6958],[101.1849,6.6616],[101.2069,6.6507],[101.2004,6.6407]]]]}},{"type":"Feature","properties":{"province":"Pattani","district":"MaeLan","hasc":"TH.PI.ML"},"geometry":{"type":"MultiPolygon","coordinates":[[[[101.2233,6.607],[101.2026,6.6338],[101.1988,6.6464],[101.2069,6.6507],[101.1849,6.6616],[101.1889,6.6965],[101.209,6.7236],[101.2693,6.691],[101.277,6.6913],[101.2865,6.7116],[101.2917,6.692],[101.2803,6.683],[101.2839,6.6686],[101.2492,6.6444],[101.2233,6.607]]]]}},{"type":"Feature","properties":{"province":"Pattani","district":"MaiKaen","hasc":"TH.PI.MK"},"geometry":{"type":"MultiPolygon","coordinates":[[[[101.6746,6.5727],[101.6539,6.601],[101.6603,6.6057],[101.6523,6.6143],[101.6556,6.6245],[101.6331,6.6247],[101.6314,6.6353],[101.6447,6.6351],[101.6373,6.6485],[101.6413,6.6738],[101.6643,6.6712],[101.6817,6.645],[101.6656,6.6303],[101.6831,6.6385],[101.6905,6.627],[101.6861,6.6208],[101.6932,6.6214],[101.6858,6.6406],[101.7252,6.5767],[101.7053,6.5674],[101.6746,6.5727]]]]}},{"type":"Feature","properties":{"province":"Pattani","district":"Mayo","hasc":"TH.PI.MA"},"geometry":{"type":"MultiPolygon","coordinates":[[[[101.4363,6.7001],[101.4279,6.6453],[101.3827,6.6228],[101.3807,6.6063],[101.3662,6.6016],[101.3588,6.613],[101.3646,6.6321],[101.3589,6.6562],[101.3312,6.7039],[101.3389,6.7421],[101.334,6.7702],[101.4027,6.76],[101.4171,6.7775],[101.4668,6.7755],[101.5021,6.7251],[101.4887,6.7124],[101.4526,6.7122],[101.4363,6.7001]]]]}},{"type":"Feature","properties":{"province":"Pattani","district":"MuangPattani","hasc":"TH.PI.PT"},"geometry":{"type":"MultiPolygon","coordinates":[[[[101.2913,6.8194],[101.2827,6.8053],[101.2529,6.8025],[101.2453,6.823],[101.2139,6.8202],[101.2201,6.8431],[101.2313,6.8505],[101.1901,6.8665],[101.2272,6.8805],[101.2454,6.899],[101.257,6.8824],[101.2485,6.9016],[101.2842,6.8918],[101.2884,6.878],[101.3101,6.8863],[101.3245,6.8761],[101.321,6.8422],[101.2934,6.8327],[101.2913,6.8194]]]]}},{"type":"Feature","properties":{"province":"Pattani","district":"NongChik","hasc":"TH.PI.NC"},"geometry":{"type":"MultiPolygon","coordinates":[[[[101.206,6.7252],[101.195,6.7324],[101.1946,6.7568],[101.1871,6.7638],[101.1539,6.7633],[101.116,6.7902],[101.0605,6.7976],[101.0557,6.8026],[101.0633,6.8289],[101.0736,6.8287],[101.044,6.8384],[101.0436,6.8473],[101.0744,6.8588],[101.1901,6.8665],[101.2088,6.8555],[101.227,6.8561],[101.2312,6.847],[101.2201,6.8431],[101.2133,6.8209],[101.2453,6.823],[101.2516,6.8004],[101.2699,6.7905],[101.267,6.7755],[101.2386,6.7583],[101.2737,6.6996],[101.2455,6.6989],[101.206,6.7252]]]]}},{"type":"Feature","properties":{"province":"Pattani","district":"Panare","hasc":"TH.PI.PN"},"geometry":{"type":"MultiPolygon","coordinates":[[[[101.5007,6.7304],[101.4668,6.7755],[101.4682,6.7989],[101.4501,6.8245],[101.4819,6.8509],[101.469,6.8633],[101.4625,6.858],[101.4543,6.8636],[101.4565,6.8825],[101.5092,6.8617],[101.5262,6.8649],[101.5448,6.8459],[101.5572,6.8461],[101.5959,6.7807],[101.5624,6.7673],[101.5365,6.7674],[101.5251,6.7458],[101.5007,6.7304]]]]}},{"type":"Feature","properties":{"province":"Pattani","district":"SaiBuri","hasc":"TH.PI.SB"},"geometry":{"type":"MultiPolygon","coordinates":[[[[101.614,6.6328],[101.6001,6.6236],[101.5873,6.6255],[101.5783,6.6405],[101.5679,6.6423],[101.5614,6.6268],[101.55,6.6256],[101.5368,6.6438],[101.5508,6.6644],[101.5128,6.6756],[101.5162,6.6983],[101.5048,6.7101],[101.4887,6.7124],[101.5251,6.7458],[101.5365,6.7674],[101.5624,6.7673],[101.5959,6.7807],[101.6378,6.716],[101.6329,6.714],[101.6447,6.6908],[101.6475,6.6983],[101.6373,6.7118],[101.6446,6.7081],[101.6643,6.6712],[101.6398,6.6723],[101.6435,6.6334],[101.6324,6.636],[101.6266,6.6242],[101.6255,6.6332],[101.614,6.6328]]]]}},{"type":"Feature","properties":{"province":"Pattani","district":"ThungYangDaeng","hasc":"TH.PI.TY"},"geometry":{"type":"MultiPolygon","coordinates":[[[[101.3729,6.5998],[101.3822,6.6224],[101.4279,6.6453],[101.4398,6.7089],[101.5038,6.7104],[101.5162,6.6983],[101.512,6.6763],[101.4897,6.6692],[101.5008,6.6355],[101.5001,6.602],[101.4894,6.6038],[101.4765,6.5942],[101.4584,6.5975],[101.4526,6.5765],[101.4259,6.5949],[101.3897,6.568],[101.3723,6.5753],[101.3729,6.5998]]]]}},{"type":"Feature","properties":{"province":"Pattani","district":"Yarang","hasc":"TH.PI.YA"},"geometry":{"type":"MultiPolygon","coordinates":[[[[101.3642,6.6369],[101.3588,6.613],[101.3743,6.595],[101.3707,6.5811],[101.3802,6.5693],[101.3443,6.5619],[101.3403,6.5542],[101.3194,6.5684],[101.305,6.5684],[101.2926,6.6143],[101.3034,6.6221],[101.2881,6.6727],[101.2973,6.6768],[101.2803,6.6812],[101.2917,6.692],[101.2883,6.7094],[101.2835,6.7113],[101.277,6.6913],[101.2683,6.6912],[101.2734,6.704],[101.2666,6.7033],[101.261,6.7264],[101.2386,6.7583],[101.271,6.7836],[101.252,6.8033],[101.2827,6.8053],[101.2934,6.8327],[101.321,6.8422],[101.3356,6.8151],[101.3389,6.7421],[101.3312,6.7039],[101.3642,6.6369]]]]}},{"type":"Feature","properties":{"province":"Pattani","district":"Yaring","hasc":"TH.PI.YI"},"geometry":{"type":"MultiPolygon","coordinates":[[[[101.4629,6.7739],[101.4171,6.7775],[101.4027,6.76],[101.334,6.7702],[101.3356,6.8151],[101.3207,6.8509],[101.3245,6.8761],[101.3383,6.8697],[101.3436,6.8731],[101.3326,6.8744],[101.3375,6.8831],[101.3478,6.8828],[101.3424,6.9106],[101.3306,6.9106],[101.3242,6.9276],[101.3128,6.9225],[101.2856,6.9375],[101.2842,6.9483],[101.2397,6.9314],[101.2428,6.9403],[101.2878,6.9508],[101.3614,6.9025],[101.4585,6.8825],[101.4543,6.8636],[101.4625,6.858],[101.469,6.8633],[101.4819,6.8509],[101.4501,6.8245],[101.4682,6.7989],[101.4629,6.7739]]]]}},{"type":"Feature","properties":{"province":"Phangnga","district":"Kapong","hasc":"TH.PG.KA"},"geometry":{"type":"MultiPolygon","coordinates":[[[[98.5268,8.6609],[98.5148,8.6244],[98.4892,8.6015],[98.4397,8.6311],[98.3965,8.6306],[98.3845,8.6414],[98.3563,8.6293],[98.3111,8.6728],[98.331,8.7328],[98.3525,8.7347],[98.3634,8.7584],[98.3793,8.7555],[98.4019,8.7696],[98.3957,8.7858],[98.406,8.8131],[98.4001,8.8392],[98.4372,8.876],[98.4453,8.8955],[98.5053,8.8806],[98.5138,8.8605],[98.5354,8.8581],[98.5325,8.8446],[98.5525,8.8287],[98.5547,8.814],[98.5984,8.797],[98.594,8.712],[98.5701,8.6821],[98.5268,8.6609]]]]}},{"type":"Feature","properties":{"province":"Phangnga","district":"KhuraBuri","hasc":"TH.PG.KB"},"geometry":{"type":"MultiPolygon","coordinates":[[[[98.3114,9.0535],[98.3131,9.0525],[98.3125,9.0514],[98.3111,9.0525],[98.3114,9.0535]]],[[[98.3597,9.0735],[98.3608,9.0743],[98.3617,9.0743],[98.3606,9.0721],[98.3597,9.0735]]],[[[98.3606,9.0886],[98.3614,9.0906],[98.3625,9.0911],[98.3619,9.0869],[98.3606,9.0886]]],[[[98.3506,9.0997],[98.3508,9.0958],[98.3472,9.0994],[98.3464,9.1058],[98.3506,9.0997]]],[[[98.3078,9.0593],[98.3083,9.0603],[98.3083,9.0563],[98.3078,9.0571],[98.3078,9.0593]]],[[[98.3023,9.0647],[98.3015,9.0661],[98.3016,9.0679],[98.3049,9.0642],[98.3023,9.0647]]],[[[98.2915,9.1648],[98.2816,9.1358],[98.2898,9.1481],[98.2867,9.1568],[98.2943,9.16],[98.2989,9.1334],[98.2815,9.1134],[98.2798,9.0892],[98.2853,9.1142],[98.3064,9.1414],[98.3036,9.1175],[98.3163,9.1074],[98.3095,9.1244],[98.3233,9.1182],[98.3214,9.0929],[98.315,9.0914],[98.3208,9.0881],[98.3268,9.106],[98.3344,9.0806],[98.3243,9.0785],[98.3339,9.0758],[98.3233,9.0634],[98.3156,9.0724],[98.32,9.0639],[98.3112,9.054],[98.3042,9.0792],[98.3001,9.0664],[98.3106,9.0486],[98.3032,9.0525],[98.3041,9.0392],[98.2971,9.0356],[98.2815,9.0471],[98.2868,9.0537],[98.2813,9.0616],[98.2849,9.0522],[98.2757,9.0506],[98.2875,9.0285],[98.2519,9.0292],[98.246,9.0319],[98.2492,9.1264],[98.2616,9.1409],[98.2612,9.1653],[98.2915,9.1648]]],[[[98.2828,9.1133],[98.2843,9.1139],[98.2825,9.1108],[98.2824,9.1121],[98.2828,9.1133]]],[[[98.2978,9.13],[98.2986,9.13],[98.2958,9.1277],[98.2958,9.1283],[98.2978,9.13]]],[[[98.2529,9.1323],[98.2529,9.1331],[98.2543,9.1328],[98.2537,9.1311],[98.2529,9.1323]]],[[[98.2528,9.1371],[98.2534,9.1382],[98.2548,9.1379],[98.252,9.1354],[98.2528,9.1371]]],[[[98.2913,9.1665],[98.2906,9.1683],[98.2927,9.1673],[98.2931,9.1653],[98.2913,9.1665]]],[[[98.3403,9.1517],[98.3161,9.194],[98.3291,9.2232],[98.3431,9.1814],[98.3362,9.1741],[98.3457,9.1855],[98.352,9.1773],[98.3381,9.1942],[98.3461,9.2217],[98.3706,9.1994],[98.3679,9.1887],[98.3734,9.1869],[98.3679,9.1908],[98.3724,9.1959],[98.3874,9.1808],[98.3659,9.2126],[98.3812,9.237],[98.3803,9.2497],[98.3724,9.2282],[98.3442,9.2414],[98.3625,9.2592],[98.3681,9.2797],[98.38,9.2658],[98.3812,9.2765],[98.3754,9.2706],[98.3608,9.2828],[98.3779,9.2918],[98.3925,9.3473],[98.4039,9.3504],[98.4164,9.3398],[98.4474,9.351],[98.4691,9.3295],[98.4556,9.316],[98.4713,9.3209],[98.4796,9.3047],[98.5069,9.3085],[98.5269,9.2965],[98.5277,9.2432],[98.5015,9.2155],[98.4923,9.1877],[98.5024,9.154],[98.4809,9.1454],[98.4939,9.0811],[98.4725,9.0638],[98.4876,9.016],[98.5106,8.9977],[98.5051,8.9831],[98.494,8.9853],[98.4511,8.9663],[98.4489,8.9507],[98.434,8.941],[98.3846,8.9767],[98.3803,8.9939],[98.36,8.9991],[98.382,9.0164],[98.4024,8.9985],[98.3811,9.0192],[98.3884,9.0283],[98.4026,9.0227],[98.3942,9.028],[98.4071,9.0281],[98.3961,9.0304],[98.4058,9.04],[98.3877,9.0342],[98.3503,9.003],[98.3345,9.0088],[98.3386,9.0177],[98.327,9.0165],[98.3279,9.0267],[98.3184,9.0332],[98.33,9.0565],[98.3534,9.0703],[98.3853,9.0547],[98.3759,9.0719],[98.3855,9.0698],[98.3747,9.0756],[98.3884,9.0817],[98.3787,9.0857],[98.3914,9.0901],[98.4012,9.0837],[98.3883,9.0951],[98.3692,9.0787],[98.3667,9.0953],[98.3833,9.1022],[98.3684,9.1008],[98.3672,9.1153],[98.365,9.0988],[98.3524,9.0947],[98.3499,9.1073],[98.361,9.11],[98.3467,9.1102],[98.3545,9.1225],[98.3431,9.1164],[98.3494,9.1288],[98.3417,9.1299],[98.3478,9.1347],[98.3396,9.136],[98.3403,9.1517]]],[[[98.3156,9.1686],[98.3234,9.1643],[98.3168,9.1743],[98.3389,9.1486],[98.3333,9.1472],[98.3389,9.1447],[98.3325,9.1261],[98.3117,9.1531],[98.3097,9.1711],[98.3125,9.1797],[98.3156,9.1686]]],[[[98.3426,9.1833],[98.3413,9.185],[98.3446,9.1849],[98.3442,9.1825],[98.3426,9.1833]]],[[[98.3628,9.2102],[98.3616,9.2113],[98.3617,9.2142],[98.3645,9.2094],[98.3628,9.2102]]],[[[98.3754,9.0203],[98.3762,9.0216],[98.3784,9.0216],[98.3784,9.0197],[98.3762,9.018],[98.3754,9.0203]]],[[[98.3799,9.0644],[98.3805,9.0638],[98.3782,9.0647],[98.3791,9.065],[98.3799,9.0644]]],[[[98.3653,9.0817],[98.3672,9.0828],[98.3686,9.0786],[98.365,9.0789],[98.3653,9.0817]]],[[[98.3933,9.091],[98.3941,9.0908],[98.3946,9.0899],[98.3923,9.0905],[98.3933,9.091]]],[[[98.3645,9.094],[98.3658,9.0949],[98.3655,9.0922],[98.3643,9.0928],[98.3645,9.094]]],[[[98.3748,9.1949],[98.3729,9.1964],[98.372,9.1999],[98.3771,9.1938],[98.3748,9.1949]]],[[[98.3757,9.1984],[98.3699,9.2051],[98.3695,9.2079],[98.3729,9.208],[98.3778,9.1971],[98.3757,9.1984]]],[[[98.3647,9.215],[98.3625,9.2203],[98.3633,9.2217],[98.3661,9.2154],[98.3647,9.215]]],[[[98.335,9.2114],[98.3347,9.2147],[98.3358,9.2156],[98.3367,9.2125],[98.3353,9.2087],[98.335,9.2114]]],[[[98.3599,9.2117],[98.3528,9.2203],[98.3535,9.2247],[98.3593,9.2194],[98.361,9.2142],[98.3611,9.2116],[98.3599,9.2117]]],[[[98.3317,9.2236],[98.333,9.2242],[98.334,9.2214],[98.3336,9.2214],[98.3317,9.2236]]],[[[98.3225,9.3328],[98.3212,9.3356],[98.3242,9.3374],[98.3254,9.334],[98.3237,9.3315],[98.3225,9.3328]]],[[[98.2788,9.1732],[98.2752,9.173],[98.2817,9.1761],[98.2818,9.1756],[98.2788,9.1732]]],[[[98.308,9.1816],[98.3071,9.18],[98.306,9.1808],[98.3068,9.1822],[98.308,9.1816]]],[[[98.2884,9.1861],[98.2896,9.1889],[98.2918,9.1881],[98.2904,9.1842],[98.2884,9.1861]]],[[[98.3142,9.2569],[98.3173,9.2513],[98.2845,9.1991],[98.2931,9.2016],[98.2953,9.1955],[98.2834,9.1783],[98.26,9.1675],[98.2639,9.2061],[98.2764,9.2086],[98.3062,9.2641],[98.3142,9.2569]]]]}},{"type":"Feature","properties":{"province":"Phangnga","district":"KoYao","hasc":"TH.PG.KY"},"geometry":{"type":"MultiPolygon","coordinates":[[[[98.602,8.0325],[98.6033,7.9937],[98.6141,7.9629],[98.5974,7.8885],[98.5828,7.9156],[98.5823,7.8879],[98.5644,7.9587],[98.5713,7.9744],[98.5647,7.9886],[98.58,7.9864],[98.5879,8.0127],[98.5658,8.0348],[98.5539,8.0273],[98.5482,8.0552],[98.5381,8.0636],[98.5433,8.0658],[98.5308,8.0707],[98.5245,8.0891],[98.5266,8.0956],[98.5288,8.0894],[98.5408,8.0922],[98.5311,8.0916],[98.5278,8.1172],[98.5708,8.0787],[98.5985,8.0822],[98.5928,8.0637],[98.6105,8.0439],[98.602,8.0325]]],[[[98.6241,8.0359],[98.621,8.0385],[98.6225,8.0419],[98.6254,8.0375],[98.6241,8.0359]]],[[[98.6267,8.0783],[98.6267,8.0804],[98.6278,8.0811],[98.628,8.0781],[98.6267,8.0783]]],[[[98.5594,8.1205],[98.5599,8.122],[98.5619,8.1224],[98.5603,8.1194],[98.5594,8.1205]]],[[[98.5562,8.1321],[98.5396,8.1382],[98.535,8.1561],[98.5562,8.1321]]],[[[98.6358,8.1843],[98.6344,8.1416],[98.6225,8.1304],[98.6247,8.1012],[98.6117,8.0806],[98.6057,8.0992],[98.5865,8.0972],[98.5625,8.1195],[98.5876,8.1181],[98.6009,8.1544],[98.6217,8.1825],[98.6256,8.1761],[98.6271,8.1858],[98.6358,8.1843]]],[[[98.5774,8.1475],[98.5768,8.1497],[98.577,8.1505],[98.5786,8.1467],[98.5774,8.1475]]],[[[98.6621,8.1884],[98.6627,8.1875],[98.6616,8.1867],[98.6612,8.1877],[98.6621,8.1884]]],[[[98.613,8.1962],[98.6146,8.1936],[98.612,8.1905],[98.6098,8.1959],[98.613,8.1962]]],[[[98.6386,8.1901],[98.6341,8.1944],[98.6381,8.2002],[98.6382,8.1964],[98.6405,8.1933],[98.6386,8.1901]]],[[[98.6321,8.1957],[98.6316,8.1973],[98.6322,8.1983],[98.6333,8.1946],[98.6321,8.1957]]],[[[98.5917,8.2081],[98.5908,8.2108],[98.5928,8.2169],[98.591,8.2195],[98.5925,8.2217],[98.5941,8.2183],[98.5939,8.2119],[98.5917,8.2081]]],[[[98.5153,7.8903],[98.5137,7.8914],[98.5141,7.8926],[98.5168,7.8901],[98.5153,7.8903]]],[[[98.5139,7.9517],[98.5156,7.9542],[98.5169,7.9598],[98.5164,7.9531],[98.5139,7.9503],[98.5139,7.9517]]],[[[98.5641,7.9957],[98.5658,7.9977],[98.5687,7.9966],[98.5658,7.9937],[98.5641,7.9957]]],[[[98.5396,8.1591],[98.5412,8.1588],[98.5407,8.1574],[98.5393,8.1588],[98.5396,8.1591]]],[[[98.5412,8.1645],[98.5426,8.1647],[98.5428,8.1636],[98.5426,8.1635],[98.5412,8.1645]]],[[[98.5371,8.1686],[98.5345,8.1735],[98.5381,8.1847],[98.5399,8.1679],[98.5371,8.1686]]],[[[98.4931,8.2002],[98.4913,8.1658],[98.4862,8.1977],[98.4931,8.2002]]],[[[98.5094,8.1962],[98.5086,8.195],[98.5081,8.1969],[98.5086,8.1969],[98.5094,8.1962]]],[[[98.5088,8.202],[98.5094,8.2057],[98.5108,8.2056],[98.5099,8.201],[98.5088,8.202]]],[[[98.5067,8.2103],[98.5039,8.2155],[98.5048,8.2194],[98.5034,8.2228],[98.5073,8.2253],[98.5098,8.2089],[98.5075,8.2078],[98.5067,8.2103]]],[[[98.499,8.222],[98.499,8.2265],[98.5009,8.227],[98.5026,8.2243],[98.5006,8.2231],[98.5026,8.2226],[98.5012,8.2206],[98.499,8.222]]],[[[98.5052,8.2349],[98.5076,8.23],[98.5078,8.2279],[98.5041,8.2353],[98.5011,8.2354],[98.5,8.237],[98.5016,8.2396],[98.5024,8.2371],[98.5038,8.2372],[98.5038,8.2409],[98.5052,8.2349]]],[[[98.4923,8.2426],[98.4915,8.2457],[98.4921,8.2461],[98.4946,8.2415],[98.4923,8.2426]]],[[[98.4942,8.2487],[98.4931,8.2499],[98.4932,8.2526],[98.4956,8.2466],[98.4942,8.2487]]],[[[98.5104,8.2546],[98.5108,8.2568],[98.5122,8.2566],[98.5109,8.2543],[98.5104,8.2546]]],[[[98.5041,8.2612],[98.5058,8.2615],[98.5058,8.2593],[98.5044,8.2593],[98.5041,8.2612]]],[[[98.4921,8.2626],[98.4937,8.2635],[98.4947,8.2628],[98.493,8.2618],[98.4921,8.2626]]]]}},{"type":"Feature","properties":{"province":"Phangnga","district":"MuangPhangnga","hasc":"TH.PG.PH"},"geometry":{"type":"MultiPolygon","coordinates":[[[[98.5042,8.3331],[98.5019,8.3344],[98.5033,8.3386],[98.5047,8.3347],[98.5042,8.3331]]],[[[98.552,8.3507],[98.5507,8.3526],[98.55,8.3503],[98.5471,8.3512],[98.5438,8.3588],[98.548,8.3576],[98.552,8.3507]]],[[[98.5334,8.3907],[98.5503,8.3413],[98.5337,8.345],[98.5328,8.3546],[98.5371,8.3368],[98.5279,8.332],[98.5221,8.3433],[98.5142,8.3425],[98.5249,8.3336],[98.5136,8.3256],[98.5069,8.3477],[98.5172,8.4142],[98.5036,8.3419],[98.4976,8.3581],[98.4856,8.3595],[98.4975,8.3706],[98.4948,8.3849],[98.4838,8.3619],[98.4856,8.3547],[98.4961,8.3556],[98.4933,8.3406],[98.4792,8.3492],[98.4604,8.3906],[98.4657,8.3982],[98.46,8.4136],[98.4797,8.4415],[98.475,8.4522],[98.4352,8.4389],[98.4145,8.4626],[98.3959,8.4539],[98.3897,8.4728],[98.3765,8.4751],[98.3673,8.4897],[98.3791,8.5225],[98.4358,8.5783],[98.4374,8.6084],[98.4531,8.6152],[98.4641,8.6042],[98.4939,8.6031],[98.5148,8.6244],[98.5314,8.6627],[98.5648,8.638],[98.5868,8.6282],[98.6,8.6306],[98.605,8.6229],[98.5724,8.5761],[98.5691,8.5533],[98.5542,8.5486],[98.5484,8.5344],[98.5532,8.5145],[98.5811,8.5041],[98.5859,8.4913],[98.5777,8.4646],[98.5928,8.4506],[98.5888,8.4297],[98.6008,8.4251],[98.6104,8.4015],[98.594,8.3814],[98.6002,8.3721],[98.5958,8.3637],[98.5796,8.3584],[98.5754,8.3719],[98.5745,8.3598],[98.5641,8.3552],[98.5595,8.366],[98.5758,8.4012],[98.564,8.3947],[98.5625,8.4077],[98.5519,8.4021],[98.547,8.4132],[98.5672,8.3841],[98.5565,8.3682],[98.5581,8.3498],[98.5334,8.3907]]],[[[98.4943,8.3722],[98.4949,8.3749],[98.4964,8.3716],[98.4948,8.3695],[98.4943,8.3722]]],[[[98.5917,8.2928],[98.5985,8.286],[98.5741,8.2803],[98.5917,8.2928]]],[[[98.5508,8.345],[98.5498,8.3481],[98.55,8.3487],[98.5521,8.3464],[98.5508,8.345]]],[[[98.5767,8.3569],[98.5761,8.3583],[98.5769,8.3592],[98.5786,8.3569],[98.5767,8.3569]]],[[[98.6051,8.3662],[98.5948,8.3793],[98.6079,8.3873],[98.6051,8.3662]]]]}},{"type":"Feature","properties":{"province":"Phangnga","district":"TakuaPa","hasc":"TH.PG.TK"},"geometry":{"type":"MultiPolygon","coordinates":[[[[98.3601,8.7544],[98.3531,8.7354],[98.3321,8.7338],[98.3229,8.7154],[98.3265,8.7039],[98.311,8.6735],[98.3253,8.6659],[98.3269,8.6525],[98.2788,8.6284],[98.2683,8.6451],[98.2316,8.618],[98.2439,8.6302],[98.2472,8.6533],[98.235,8.7211],[98.2161,8.7361],[98.2183,8.744],[98.235,8.734],[98.2613,8.7622],[98.2616,8.7904],[98.2525,8.8095],[98.2649,8.8236],[98.2642,8.8592],[98.2943,8.8856],[98.2955,8.8937],[98.2826,8.8857],[98.2999,8.9026],[98.3176,8.9006],[98.31,8.9072],[98.2874,8.896],[98.2889,8.9183],[98.3224,8.9713],[98.3308,8.9771],[98.3402,8.9636],[98.3333,8.9782],[98.3488,8.9675],[98.3495,8.9409],[98.3534,8.9626],[98.3603,8.9517],[98.3606,8.9594],[98.3653,8.9478],[98.3564,8.9278],[98.3681,8.9498],[98.3796,8.9108],[98.3828,8.9272],[98.3914,8.9114],[98.3716,8.9731],[98.3584,8.984],[98.3667,8.9924],[98.3815,8.9854],[98.3848,8.9551],[98.3839,8.9782],[98.4178,8.9498],[98.4328,8.9412],[98.4427,8.9454],[98.4562,8.9325],[98.4379,8.8767],[98.4001,8.8392],[98.406,8.8131],[98.3957,8.7858],[98.4019,8.7696],[98.3793,8.7555],[98.3601,8.7544]]],[[[98.216,8.7258],[98.2173,8.7272],[98.2201,8.7273],[98.2171,8.7251],[98.216,8.7258]]],[[[98.2722,9.0146],[98.283,9.0073],[98.2822,8.995],[98.2883,9.0058],[98.3211,8.9911],[98.3239,8.9827],[98.3089,8.9462],[98.3024,8.9421],[98.2979,8.9511],[98.2977,8.9409],[98.2932,8.9465],[98.2963,8.9283],[98.2859,8.9186],[98.2828,8.8942],[98.267,8.8646],[98.2646,8.8876],[98.2484,8.9133],[98.2632,8.9534],[98.2597,8.9846],[98.2475,9.0064],[98.2722,9.0146]]],[[[98.3247,8.98],[98.3258,8.9817],[98.3272,8.9808],[98.3256,8.9781],[98.3247,8.98]]],[[[98.2306,9.0195],[98.2312,9.0183],[98.2292,9.0175],[98.2242,9.0195],[98.2306,9.0195]]],[[[98.3575,8.9642],[98.3563,8.963],[98.3554,8.963],[98.3554,8.9642],[98.3575,8.9642]]],[[[98.3582,8.9775],[98.3728,8.9545],[98.3494,8.9784],[98.3582,8.9775]]],[[[98.3483,8.9858],[98.3447,8.9869],[98.3422,8.9893],[98.3447,8.99],[98.3483,8.9858]]],[[[98.3541,8.9883],[98.3549,8.9875],[98.3524,8.9892],[98.3538,8.9895],[98.3541,8.9883]]],[[[98.3779,8.9232],[98.3774,8.9258],[98.3782,8.9263],[98.3792,8.9244],[98.3779,8.9232]]],[[[98.3786,8.9274],[98.3786,8.9327],[98.3806,8.9365],[98.3836,8.9334],[98.383,8.9283],[98.3796,8.926],[98.3786,8.9274]]],[[[98.3653,8.9431],[98.3642,8.9408],[98.3631,8.9399],[98.3656,8.9454],[98.3653,8.9431]]],[[[98.3713,8.9487],[98.3687,8.9519],[98.3675,8.9575],[98.3716,8.9529],[98.373,8.9482],[98.3713,8.9487]]],[[[98.3823,8.9356],[98.3812,8.9371],[98.3814,8.941],[98.3841,8.9387],[98.3838,8.9344],[98.3823,8.9356]]],[[[98.3771,8.9338],[98.3737,8.946],[98.3739,8.948],[98.3783,8.9431],[98.3798,8.9378],[98.3783,8.9334],[98.3771,8.9338]]]]}},{"type":"Feature","properties":{"province":"Phangnga","district":"TakuaThung","hasc":"TH.PG.TT"},"geometry":{"type":"MultiPolygon","coordinates":[[[[98.4442,8.1215],[98.4426,8.1263],[98.4441,8.1282],[98.4473,8.1256],[98.4454,8.1206],[98.4442,8.1215]]],[[[98.4103,8.1493],[98.4078,8.1601],[98.4097,8.1625],[98.4138,8.1534],[98.4129,8.1491],[98.4103,8.1493]]],[[[98.4089,8.166],[98.4096,8.1679],[98.4093,8.1639],[98.4087,8.1647],[98.4089,8.166]]],[[[98.4575,8.2656],[98.4618,8.2517],[98.4552,8.2418],[98.4648,8.2391],[98.4681,8.2188],[98.461,8.2201],[98.4642,8.2129],[98.4445,8.1916],[98.4353,8.1633],[98.4432,8.1511],[98.4283,8.1356],[98.4215,8.1575],[98.4122,8.1625],[98.4127,8.1806],[98.4039,8.137],[98.3879,8.1267],[98.3738,8.1393],[98.3597,8.1925],[98.3362,8.1803],[98.3247,8.1914],[98.327,8.2043],[98.3402,8.207],[98.3166,8.1992],[98.2821,8.2047],[98.2823,8.2453],[98.2698,8.3063],[98.2848,8.3095],[98.2971,8.3014],[98.3368,8.3228],[98.3529,8.322],[98.3513,8.3387],[98.3655,8.3433],[98.367,8.3667],[98.381,8.3898],[98.3772,8.4002],[98.3939,8.4166],[98.3941,8.4518],[98.4055,8.4627],[98.4161,8.4615],[98.4352,8.4389],[98.4649,8.4539],[98.4798,8.4425],[98.46,8.4136],[98.4654,8.3841],[98.4563,8.3671],[98.4668,8.3467],[98.4493,8.3476],[98.4609,8.343],[98.4735,8.3187],[98.4405,8.3234],[98.4151,8.2987],[98.3996,8.3028],[98.413,8.2963],[98.4092,8.2799],[98.4245,8.3069],[98.4436,8.3087],[98.4605,8.292],[98.4532,8.2799],[98.4575,8.2656]]],[[[98.3354,8.2063],[98.3318,8.206],[98.3318,8.2066],[98.3348,8.2069],[98.3354,8.2063]]],[[[98.4728,8.2753],[98.4741,8.2759],[98.4742,8.2736],[98.473,8.274],[98.4728,8.2753]]],[[[98.456,8.2773],[98.457,8.2782],[98.458,8.2766],[98.4574,8.276],[98.456,8.2773]]],[[[98.4667,8.2833],[98.4661,8.2819],[98.4622,8.2828],[98.4622,8.2916],[98.4669,8.2883],[98.4667,8.2833]]],[[[98.4657,8.2926],[98.4645,8.2939],[98.4656,8.2949],[98.4679,8.2926],[98.4657,8.2926]]],[[[98.4697,8.3041],[98.4697,8.3056],[98.4708,8.3031],[98.4703,8.3028],[98.4697,8.3041]]],[[[98.4623,8.3121],[98.4691,8.3049],[98.4632,8.2956],[98.4418,8.3125],[98.4623,8.3121]]],[[[98.4466,8.3147],[98.4442,8.3153],[98.4439,8.3171],[98.4502,8.3189],[98.4552,8.3171],[98.4503,8.3146],[98.4466,8.3147]]],[[[98.474,8.3326],[98.4634,8.3352],[98.4682,8.3466],[98.4579,8.3596],[98.4618,8.3748],[98.4772,8.3579],[98.4761,8.3392],[98.4988,8.3256],[98.4958,8.3183],[98.4834,8.3174],[98.474,8.3326]]],[[[98.4686,8.2047],[98.4599,8.1961],[98.4526,8.1988],[98.46,8.2079],[98.4686,8.2047]]],[[[98.4759,8.23],[98.4762,8.2314],[98.4778,8.2314],[98.4767,8.2278],[98.4759,8.23]]],[[[98.4642,8.244],[98.4663,8.2475],[98.4726,8.2535],[98.474,8.2486],[98.4668,8.2461],[98.4646,8.2422],[98.4642,8.244]]],[[[98.4717,8.2576],[98.4726,8.2584],[98.4722,8.2561],[98.472,8.2574],[98.4717,8.2576]]],[[[98.4764,8.2349],[98.4763,8.2362],[98.4779,8.2374],[98.4766,8.2327],[98.4764,8.2349]]],[[[98.4773,8.2468],[98.4782,8.2483],[98.4786,8.2452],[98.4776,8.2461],[98.4773,8.2468]]],[[[98.4911,8.2661],[98.4891,8.2675],[98.4872,8.2661],[98.4858,8.2681],[98.4891,8.27],[98.4922,8.2681],[98.4911,8.2661]]],[[[98.4809,8.2694],[98.4792,8.276],[98.4812,8.2813],[98.482,8.2752],[98.4848,8.271],[98.4823,8.2688],[98.4831,8.2672],[98.4809,8.2694]]],[[[98.4986,8.273],[98.5003,8.2756],[98.5014,8.2756],[98.5006,8.2732],[98.4986,8.273]]],[[[98.4978,8.2769],[98.4853,8.2878],[98.4908,8.3056],[98.4992,8.2958],[98.4978,8.2769]]],[[[98.4791,8.2978],[98.4796,8.2995],[98.4813,8.295],[98.4796,8.2958],[98.4791,8.2978]]],[[[98.5002,8.3042],[98.5002,8.3026],[98.4967,8.2994],[98.4961,8.3058],[98.4994,8.3072],[98.5002,8.3042]]],[[[98.4781,8.3042],[98.4778,8.3076],[98.4792,8.309],[98.4806,8.3034],[98.4798,8.3001],[98.4781,8.3042]]],[[[98.4936,8.3129],[98.4951,8.3118],[98.4912,8.3092],[98.4881,8.3128],[98.4936,8.3129]]],[[[98.4903,8.3319],[98.479,8.3457],[98.4897,8.3421],[98.4903,8.3319]]]]}},{"type":"Feature","properties":{"province":"Phangnga","district":"ThaiMuang","hasc":"TH.PG.TM"},"geometry":{"type":"MultiPolygon","coordinates":[[[[98.2565,8.3596],[98.2055,8.5524],[98.2128,8.5817],[98.2209,8.5846],[98.2145,8.5643],[98.2286,8.5471],[98.2172,8.528],[98.2325,8.5042],[98.237,8.4709],[98.2343,8.508],[98.223,8.5242],[98.2306,8.532],[98.2256,8.5391],[98.2396,8.5414],[98.2348,8.545],[98.243,8.5388],[98.255,8.4927],[98.2571,8.5028],[98.2721,8.5059],[98.2582,8.5041],[98.2591,8.5403],[98.2405,8.5514],[98.241,8.5652],[98.2367,8.5522],[98.2242,8.5669],[98.2226,8.5789],[98.2371,8.5849],[98.2425,8.5997],[98.2334,8.6188],[98.2683,8.6451],[98.2788,8.6284],[98.3287,8.6527],[98.3401,8.6398],[98.3504,8.6419],[98.3563,8.6293],[98.3845,8.6414],[98.3965,8.6306],[98.4397,8.6311],[98.4611,8.6223],[98.469,8.6077],[98.4634,8.6044],[98.4522,8.6153],[98.4374,8.6084],[98.4358,8.5783],[98.3777,8.5203],[98.3681,8.4834],[98.3903,8.4719],[98.3983,8.4363],[98.3921,8.4123],[98.3772,8.4002],[98.381,8.3898],[98.367,8.3667],[98.3655,8.3433],[98.3513,8.3387],[98.3529,8.322],[98.3368,8.3228],[98.2971,8.3014],[98.2848,8.3095],[98.2698,8.3063],[98.2565,8.3596]]],[[[98.2541,8.5067],[98.2528,8.5097],[98.2535,8.5109],[98.2553,8.5059],[98.2541,8.5067]]],[[[97.6558,8.5169],[97.6567,8.5156],[97.6553,8.5144],[97.6539,8.5175],[97.6558,8.5169]]],[[[97.6445,8.4848],[97.6541,8.4778],[97.6474,8.4756],[97.6386,8.4844],[97.6445,8.4848]]],[[[97.6452,8.4944],[97.6388,8.5018],[97.6356,8.5083],[97.648,8.499],[97.6486,8.4955],[97.6452,8.4944]]],[[[97.6325,8.5747],[97.6411,8.5686],[97.6375,8.5594],[97.6325,8.5747]]],[[[97.6455,8.5714],[97.6472,8.5683],[97.6453,8.5686],[97.6419,8.5731],[97.6433,8.5736],[97.6455,8.5714]]],[[[97.6506,8.6814],[97.6506,8.6735],[97.6409,8.6788],[97.6506,8.6814]]],[[[97.6372,8.5969],[97.6412,8.5899],[97.6374,8.5865],[97.6354,8.588],[97.6347,8.5919],[97.6364,8.5933],[97.6358,8.5972],[97.6372,8.5969]]],[[[97.6472,8.6686],[97.6491,8.6287],[97.6368,8.6605],[97.6472,8.6686]]]]}},{"type":"Feature","properties":{"province":"Phangnga","district":"ThapPut","hasc":"TH.PG.TP"},"geometry":{"type":"MultiPolygon","coordinates":[[[[98.67,8.4583],[98.664,8.4266],[98.652,8.427],[98.6432,8.4135],[98.6574,8.3848],[98.6436,8.3814],[98.6433,8.3922],[98.6394,8.3811],[98.6231,8.3803],[98.6236,8.3969],[98.6203,8.3887],[98.6119,8.4181],[98.6249,8.4365],[98.6206,8.4394],[98.6087,8.4203],[98.6031,8.4241],[98.6091,8.4433],[98.6033,8.4271],[98.5891,8.4326],[98.5928,8.4506],[98.5775,8.4656],[98.5856,8.4931],[98.5787,8.5069],[98.5523,8.5154],[98.5484,8.5353],[98.5542,8.5486],[98.5691,8.5533],[98.5724,8.5761],[98.6094,8.6363],[98.6382,8.6444],[98.6485,8.6595],[98.6618,8.6553],[98.6709,8.6611],[98.7032,8.6321],[98.7067,8.5983],[98.6906,8.5759],[98.6728,8.5118],[98.6489,8.4815],[98.67,8.4583]]],[[[98.6546,8.3812],[98.6569,8.3833],[98.6576,8.3833],[98.6571,8.3809],[98.6546,8.3812]]],[[[98.6606,8.3845],[98.6606,8.387],[98.6623,8.3873],[98.6612,8.3836],[98.6606,8.3845]]],[[[98.6554,8.3946],[98.6541,8.3971],[98.6543,8.3977],[98.6567,8.3939],[98.6554,8.3946]]]]}},{"type":"Feature","properties":{"province":"Phatthalung","district":"BangKaeo","hasc":"TH.PL.BK"},"geometry":{"type":"MultiPolygon","coordinates":[[[[100.1987,7.3765],[100.1904,7.3693],[100.1733,7.3712],[100.17,7.3603],[100.154,7.3531],[100.1262,7.3661],[100.1066,7.3621],[100.0981,7.3832],[100.1272,7.4111],[100.1283,7.4473],[100.1615,7.4629],[100.1693,7.4786],[100.1881,7.4738],[100.2243,7.4809],[100.2431,7.4282],[100.2258,7.3931],[100.1987,7.3765]]]]}},{"type":"Feature","properties":{"province":"Phatthalung","district":"K.SriNakarin","hasc":"TH.PL.SR"},"geometry":{"type":"MultiPolygon","coordinates":[[[[99.9836,7.6415],[99.9875,7.5873],[99.937,7.5706],[99.9538,7.5538],[99.9936,7.5766],[99.986,7.5612],[99.9879,7.5209],[99.9768,7.5104],[99.9593,7.5157],[99.9265,7.5063],[99.9103,7.4796],[99.8957,7.4715],[99.8787,7.4765],[99.848,7.4688],[99.8528,7.4824],[99.8188,7.5206],[99.8355,7.5477],[99.799,7.5844],[99.8008,7.598],[99.8444,7.5993],[99.9079,7.6518],[99.9836,7.6415]]]]}},{"type":"Feature","properties":{"province":"Phatthalung","district":"KhaoChaison","hasc":"TH.PL.KC"},"geometry":{"type":"MultiPolygon","coordinates":[[[[100.1255,7.4093],[100.0981,7.3832],[100.1045,7.355],[100.0473,7.3404],[100.0207,7.3483],[100.0134,7.3428],[100.0077,7.3627],[100.0012,7.3639],[100.005,7.3827],[99.9934,7.4222],[100.038,7.4372],[100.0451,7.4607],[100.032,7.4828],[100.0666,7.4893],[100.0852,7.5334],[100.1021,7.5372],[100.1147,7.5588],[100.1613,7.5761],[100.174,7.5669],[100.1762,7.5178],[100.2007,7.5017],[100.2038,7.4911],[100.2153,7.4881],[100.2253,7.4996],[100.2243,7.4809],[100.1674,7.4773],[100.1615,7.4629],[100.1283,7.4473],[100.1255,7.4093]]]]}},{"type":"Feature","properties":{"province":"Phatthalung","district":"KhuanKhanun","hasc":"TH.PL.KK"},"geometry":{"type":"MultiPolygon","coordinates":[[[[99.9836,7.6415],[99.9834,7.656],[99.941,7.6577],[99.9171,7.6974],[99.9171,7.7062],[99.9312,7.7106],[99.9338,7.7266],[99.9274,7.7348],[99.9374,7.7518],[99.9437,7.795],[99.9267,7.7892],[99.9296,7.7989],[99.9885,7.7998],[99.9872,7.834],[100.0064,7.8535],[100.0531,7.836],[100.0968,7.862],[100.1439,7.8697],[100.127,7.7998],[100.1455,7.8091],[100.1735,7.8047],[100.183,7.7959],[100.1819,7.786],[100.2028,7.7708],[100.1466,7.7282],[100.1333,7.7379],[100.1086,7.7301],[100.0842,7.7109],[100.0667,7.7144],[100.0576,7.7082],[100.0522,7.6756],[100.0414,7.6658],[100.0429,7.6435],[99.9951,7.6354],[99.9836,7.6415]]]]}},{"type":"Feature","properties":{"province":"Phatthalung","district":"KongRa","hasc":"TH.PL.KR"},"geometry":{"type":"MultiPolygon","coordinates":[[[[100.0024,7.3808],[100.0012,7.3639],[100.0123,7.3456],[99.9956,7.3283],[99.9725,7.3261],[99.9549,7.3135],[99.9117,7.3223],[99.8952,7.3649],[99.9015,7.3879],[99.848,7.4688],[99.8787,7.4765],[99.8957,7.4715],[99.9354,7.5105],[99.9593,7.5157],[99.9768,7.5104],[99.9827,7.5195],[100.014,7.5252],[100.0277,7.5099],[100.0162,7.4816],[100.0051,7.475],[100.0021,7.4543],[100.0048,7.446],[100.0294,7.4377],[100.022,7.4282],[99.9936,7.4231],[100.0024,7.3808]]]]}},{"type":"Feature","properties":{"province":"Phatthalung","district":"MuangPhatthalung","hasc":"TH.PL.PH"},"geometry":{"type":"MultiPolygon","coordinates":[[[[100.062,7.4892],[100.032,7.4828],[100.0451,7.4607],[100.0365,7.4358],[100.0268,7.4322],[100.0288,7.4391],[100.0048,7.446],[100.0044,7.4733],[100.0162,7.4816],[100.028,7.5127],[100.0127,7.5259],[99.9879,7.5209],[99.986,7.5612],[99.9936,7.5766],[99.9538,7.5538],[99.937,7.5706],[99.9875,7.5873],[99.9866,7.639],[100.0429,7.6435],[100.0414,7.6658],[100.0522,7.6756],[100.0576,7.7082],[100.0667,7.7144],[100.0842,7.7109],[100.1086,7.7301],[100.1349,7.7378],[100.1466,7.7282],[100.149,7.6502],[100.1604,7.6245],[100.1557,7.6172],[100.1675,7.5728],[100.1594,7.5762],[100.114,7.5583],[100.1021,7.5372],[100.0777,7.5242],[100.062,7.4892]]]]}},{"type":"Feature","properties":{"province":"Phatthalung","district":"PaBon","hasc":"TH.PL.PB"},"geometry":{"type":"MultiPolygon","coordinates":[[[[100.1904,7.1801],[100.174,7.1746],[100.1562,7.1487],[100.1201,7.1659],[100.074,7.1463],[100.0618,7.1331],[100.0658,7.1088],[100.039,7.1091],[100.0281,7.0903],[100.0242,7.1036],[99.992,7.1212],[99.9603,7.1694],[99.9554,7.1893],[99.9844,7.2151],[100.0469,7.1999],[100.0515,7.2173],[100.0914,7.2462],[100.0941,7.2649],[100.1291,7.271],[100.1169,7.3143],[100.1316,7.3349],[100.17,7.3603],[100.1733,7.3712],[100.1919,7.3697],[100.2031,7.381],[100.2082,7.3653],[100.1971,7.3609],[100.2071,7.3457],[100.2256,7.3529],[100.257,7.3091],[100.2143,7.2888],[100.1944,7.2652],[100.1956,7.2467],[100.2011,7.2403],[100.219,7.2492],[100.3029,7.2515],[100.3174,7.2319],[100.3046,7.2095],[100.2851,7.2107],[100.2757,7.1984],[100.2659,7.203],[100.1904,7.1801]]]]}},{"type":"Feature","properties":{"province":"Phatthalung","district":"PaPayom","hasc":"TH.PL.PP"},"geometry":{"type":"MultiPolygon","coordinates":[[[[99.9073,7.7727],[99.8957,7.7606],[99.854,7.7649],[99.8416,7.7483],[99.8207,7.7502],[99.7712,7.787],[99.7508,7.8335],[99.7378,7.8391],[99.7331,7.8542],[99.7829,7.8569],[99.8063,7.8903],[99.8633,7.8852],[99.8969,7.8937],[99.9209,7.8821],[99.9602,7.8882],[99.9851,7.8617],[100.0064,7.8535],[99.9872,7.834],[99.9885,7.7998],[99.938,7.8025],[99.9073,7.7727]]]]}},{"type":"Feature","properties":{"province":"Phatthalung","district":"PakPhayun","hasc":"TH.PL.PK"},"geometry":{"type":"MultiPolygon","coordinates":[[[[100.3135,7.2343],[100.3029,7.2515],[100.219,7.2492],[100.2011,7.2403],[100.1931,7.2516],[100.1954,7.2671],[100.2143,7.2888],[100.257,7.3091],[100.2277,7.3514],[100.208,7.3449],[100.1971,7.3609],[100.2073,7.3639],[100.2031,7.381],[100.2258,7.3931],[100.2349,7.4224],[100.244,7.4289],[100.2572,7.3881],[100.2679,7.3862],[100.2988,7.3534],[100.2999,7.3378],[100.315,7.34],[100.3257,7.3542],[100.3376,7.3454],[100.3587,7.3472],[100.3737,7.3265],[100.373,7.3052],[100.356,7.2974],[100.3604,7.277],[100.3381,7.273],[100.3405,7.2493],[100.3335,7.2394],[100.3135,7.2343]]],[[[100.364,7.3823],[100.3685,7.3961],[100.3909,7.4031],[100.3951,7.333],[100.4261,7.3085],[100.424,7.2871],[100.4085,7.2804],[100.4006,7.2646],[100.3838,7.2811],[100.3833,7.331],[100.3769,7.325],[100.3508,7.3557],[100.3619,7.3586],[100.366,7.3519],[100.3557,7.363],[100.364,7.3823]]],[[[100.3805,7.5047],[100.3737,7.4851],[100.3545,7.4832],[100.3501,7.4755],[100.3553,7.4582],[100.3662,7.4607],[100.3693,7.4376],[100.3629,7.4072],[100.3469,7.3992],[100.3497,7.3551],[100.3266,7.3556],[100.3208,7.3773],[100.3293,7.4186],[100.3428,7.4174],[100.3473,7.4259],[100.3409,7.4338],[100.3338,7.4291],[100.3405,7.4632],[100.3349,7.4839],[100.3666,7.4914],[100.371,7.5034],[100.3805,7.5047]]]]}},{"type":"Feature","properties":{"province":"Phatthalung","district":"SiBanphot","hasc":"TH.PL.SB"},"geometry":{"type":"MultiPolygon","coordinates":[[[[99.9827,7.6421],[99.9079,7.6518],[99.8444,7.5993],[99.8008,7.598],[99.8097,7.6218],[99.7853,7.6442],[99.8133,7.6494],[99.8178,7.6783],[99.7883,7.7005],[99.7881,7.7435],[99.7798,7.7504],[99.7837,7.7595],[99.7671,7.7689],[99.7712,7.787],[99.8348,7.7466],[99.8527,7.7647],[99.9017,7.7622],[99.9077,7.7757],[99.9431,7.7966],[99.9374,7.7518],[99.9274,7.7348],[99.9338,7.7266],[99.9312,7.7106],[99.9171,7.7062],[99.9169,7.698],[99.941,7.6577],[99.9834,7.656],[99.9827,7.6421]]]]}},{"type":"Feature","properties":{"province":"Phatthalung","district":"SongkhlaLake","hasc":"NA"},"geometry":{"type":"MultiPolygon","coordinates":[[[[100.2431,7.4282],[100.2241,7.4678],[100.2266,7.4985],[100.2153,7.4881],[100.2038,7.4911],[100.2007,7.5017],[100.1762,7.5178],[100.174,7.5669],[100.1486,7.6533],[100.147,7.7292],[100.1906,7.7583],[100.206,7.7809],[100.2266,7.6713],[100.2352,7.5238],[100.296,7.4573],[100.3346,7.5395],[100.3726,7.543],[100.3934,7.5068],[100.3979,7.4831],[100.3905,7.4423],[100.4022,7.3763],[100.4285,7.309],[100.4248,7.2805],[100.4011,7.2625],[100.3821,7.2807],[100.3662,7.3397],[100.3257,7.3542],[100.315,7.34],[100.2999,7.3378],[100.2988,7.3534],[100.2679,7.3862],[100.2572,7.3881],[100.2431,7.4282]],[[100.378,7.5049],[100.3666,7.4914],[100.3349,7.4839],[100.3405,7.4632],[100.3338,7.4291],[100.3409,7.4338],[100.3473,7.4259],[100.3428,7.4174],[100.3293,7.4186],[100.3208,7.3773],[100.3266,7.3556],[100.3497,7.3551],[100.3469,7.3992],[100.3629,7.4072],[100.3693,7.4376],[100.3662,7.4607],[100.3553,7.4582],[100.3501,7.4755],[100.3545,7.4832],[100.3737,7.4851],[100.3822,7.5004],[100.378,7.5049]],[[100.3642,7.3796],[100.3557,7.363],[100.366,7.3519],[100.3619,7.3586],[100.3508,7.3557],[100.3769,7.325],[100.3833,7.331],[100.3838,7.2811],[100.4006,7.2646],[100.4085,7.2804],[100.424,7.2871],[100.4261,7.3085],[100.3951,7.333],[100.3968,7.3837],[100.3902,7.4039],[100.3685,7.3961],[100.3642,7.3796]]]]}},{"type":"Feature","properties":{"province":"Phatthalung","district":"Tamot","hasc":"TH.PL.TA"},"geometry":{"type":"MultiPolygon","coordinates":[[[[100.1169,7.3143],[100.1291,7.271],[100.0941,7.2649],[100.0914,7.2462],[100.0515,7.2173],[100.0469,7.1999],[99.9844,7.2151],[99.9639,7.1981],[99.9481,7.2042],[99.9325,7.2436],[99.9463,7.265],[99.9391,7.3139],[99.9628,7.3149],[99.9728,7.3262],[99.9865,7.3227],[100.0207,7.3483],[100.0473,7.3404],[100.1262,7.3661],[100.1404,7.3547],[100.166,7.3576],[100.1322,7.3355],[100.1169,7.3143]]]]}},{"type":"Feature","properties":{"province":"Phayao","district":"ChiangKham","hasc":"TH.PY.CK"},"geometry":{"type":"MultiPolygon","coordinates":[[[[100.3578,19.3871],[100.3549,19.3606],[100.3481,19.3562],[100.3357,19.3699],[100.3156,19.3627],[100.3124,19.3382],[100.2864,19.341],[100.2778,19.331],[100.2521,19.349],[100.2371,19.3435],[100.2053,19.4086],[100.2155,19.4156],[100.2145,19.4281],[100.2062,19.432],[100.2064,19.4518],[100.1972,19.4561],[100.2087,19.4677],[100.1423,19.4782],[100.1362,19.4882],[100.1364,19.5032],[100.1467,19.5051],[100.1497,19.5192],[100.1595,19.5192],[100.154,19.5375],[100.1668,19.5497],[100.1666,19.5843],[100.1841,19.5857],[100.226,19.6086],[100.2502,19.5884],[100.2876,19.582],[100.2976,19.5523],[100.3233,19.5395],[100.3466,19.5469],[100.3683,19.5653],[100.3898,19.5494],[100.4476,19.5685],[100.4831,19.5575],[100.4853,19.548],[100.4726,19.5289],[100.4823,19.4872],[100.5085,19.4858],[100.5307,19.494],[100.5704,19.4815],[100.583,19.4843],[100.5904,19.473],[100.5675,19.453],[100.5666,19.434],[100.5241,19.4051],[100.4492,19.3915],[100.4234,19.4002],[100.3964,19.3953],[100.3826,19.376],[100.3578,19.3871]]]]}},{"type":"Feature","properties":{"province":"Phayao","district":"ChiangMuan","hasc":"TH.PY.CM"},"geometry":{"type":"MultiPolygon","coordinates":[[[[100.2594,18.8188],[100.2283,18.8235],[100.1979,18.8124],[100.1872,18.8288],[100.1736,18.8227],[100.1549,18.8362],[100.1511,18.8703],[100.1282,18.877],[100.112,18.9067],[100.1291,18.9703],[100.1167,18.9771],[100.1205,18.9878],[100.1089,19.0016],[100.113,19.023],[100.1443,19.005],[100.223,19.0294],[100.2357,19.0213],[100.2497,19.0259],[100.252,19.012],[100.2732,19.0197],[100.2946,19.0481],[100.3102,19.0515],[100.3163,19.0685],[100.3404,19.0628],[100.3487,19.041],[100.3685,19.0336],[100.4498,19.03],[100.4296,18.9835],[100.4205,18.9799],[100.43,18.953],[100.4077,18.9434],[100.4092,18.9336],[100.3929,18.9249],[100.39,18.8921],[100.3686,18.87],[100.3653,18.8462],[100.3416,18.824],[100.3426,18.8041],[100.3398,18.8116],[100.2594,18.8188]]]]}},{"type":"Feature","properties":{"province":"Phayao","district":"Chun","hasc":"TH.PY.CH"},"geometry":{"type":"MultiPolygon","coordinates":[[[[100.2282,19.3625],[100.2389,19.3396],[100.2293,19.331],[100.2624,19.2854],[100.2672,19.2572],[100.2275,19.2639],[100.2147,19.2256],[100.1926,19.2297],[100.1469,19.2026],[100.1281,19.1543],[100.1168,19.1552],[100.1226,19.1893],[100.117,19.1899],[100.1077,19.2536],[100.0981,19.2671],[100.1066,19.2834],[100.0976,19.2993],[100.071,19.2953],[100.0828,19.3338],[100.0524,19.3516],[100.06,19.3606],[100.0523,19.3901],[100.0587,19.4125],[100.049,19.4411],[100.0701,19.4624],[100.0693,19.519],[100.062,19.5244],[100.0688,19.5383],[100.0856,19.5502],[100.1396,19.5535],[100.1703,19.5643],[100.1642,19.5416],[100.1554,19.5442],[100.1595,19.5192],[100.1497,19.5192],[100.1467,19.5051],[100.1364,19.5032],[100.1362,19.4882],[100.1423,19.4782],[100.2087,19.4677],[100.1972,19.4561],[100.2064,19.4518],[100.2062,19.432],[100.2145,19.4281],[100.2155,19.4156],[100.2046,19.4117],[100.2282,19.3625]]]]}},{"type":"Feature","properties":{"province":"Phayao","district":"DokKhamTai","hasc":"TH.PY.DK"},"geometry":{"type":"MultiPolygon","coordinates":[[[[100.0066,19.4278],[100.0147,19.4269],[100.0119,19.4373],[100.0525,19.4382],[100.06,19.3606],[100.0524,19.3516],[100.0831,19.3329],[100.071,19.2953],[100.101,19.2979],[100.1083,19.2774],[100.0981,19.2671],[100.1077,19.2536],[100.117,19.1899],[100.1226,19.1893],[100.1087,19.075],[100.1266,19.0566],[100.1073,19.0133],[100.1205,18.9878],[100.1167,18.9771],[100.1291,18.9703],[100.112,18.9067],[100.1282,18.877],[100.1511,18.8703],[100.1587,18.8325],[100.1358,18.8154],[100.1194,18.8176],[100.1129,18.8063],[100.09,18.8256],[100.0685,18.8153],[100.0635,18.8326],[100.072,18.8635],[100.0355,18.9003],[100.0288,18.8965],[100.0182,18.9216],[100.0219,18.936],[100.0048,18.9617],[100.0183,18.9818],[100.0124,18.9888],[100.0168,19.0418],[99.9845,19.092],[99.9805,19.1112],[99.9221,19.1594],[99.9356,19.1644],[99.9417,19.1847],[99.9658,19.1963],[99.9756,19.2116],[99.994,19.217],[100.0173,19.2598],[100.013,19.2673],[100.0273,19.304],[100.0125,19.3146],[100.0111,19.3468],[100.004,19.3436],[99.9994,19.3587],[100.0044,19.3792],[100.0141,19.3874],[100.0281,19.3859],[100.0042,19.4055],[100.0066,19.4278]]]]}},{"type":"Feature","properties":{"province":"Phayao","district":"K.PhuKamYao","hasc":"TH.PY.PK"},"geometry":{"type":"MultiPolygon","coordinates":[[[[99.9233,19.4048],[99.9475,19.4258],[99.9942,19.4274],[100.0,19.4337],[100.0098,19.4201],[100.0042,19.4055],[100.0281,19.3859],[100.0141,19.3874],[100.0044,19.3792],[99.9994,19.3587],[100.004,19.3436],[100.0111,19.3468],[100.0125,19.3146],[100.0273,19.304],[100.013,19.2673],[100.0173,19.2598],[99.994,19.217],[99.9756,19.2116],[99.9594,19.1919],[99.9156,19.2545],[99.9296,19.3123],[99.9233,19.4048]]]]}},{"type":"Feature","properties":{"province":"Phayao","district":"K.PhuSang","hasc":"TH.PY.PS"},"geometry":{"type":"MultiPolygon","coordinates":[[[[100.4086,19.7339],[100.4416,19.7127],[100.4299,19.6713],[100.4434,19.6628],[100.449,19.6266],[100.4876,19.5965],[100.4894,19.5658],[100.4824,19.5569],[100.4456,19.5685],[100.3891,19.5495],[100.3683,19.5653],[100.3466,19.5469],[100.3226,19.5396],[100.2971,19.5529],[100.2876,19.582],[100.2315,19.5994],[100.2285,19.6068],[100.2391,19.6072],[100.2577,19.6441],[100.3185,19.6468],[100.3356,19.6818],[100.3606,19.6871],[100.4086,19.7339]]]]}},{"type":"Feature","properties":{"province":"Phayao","district":"MaeChai","hasc":"TH.PY.MC"},"geometry":{"type":"MultiPolygon","coordinates":[[[[99.8206,19.3069],[99.8136,19.2946],[99.7764,19.2884],[99.7425,19.3141],[99.7064,19.3205],[99.7099,19.3384],[99.6942,19.3578],[99.6979,19.378],[99.6847,19.4204],[99.7081,19.4235],[99.716,19.4178],[99.7881,19.4486],[99.8656,19.444],[99.8777,19.4538],[99.9013,19.4241],[99.9163,19.4309],[99.9233,19.4048],[99.8995,19.3914],[99.8997,19.3785],[99.8919,19.38],[99.892,19.3501],[99.8702,19.3543],[99.8656,19.3273],[99.8422,19.318],[99.8315,19.3268],[99.8249,19.3182],[99.8288,19.3093],[99.8206,19.3069]]]]}},{"type":"Feature","properties":{"province":"Phayao","district":"MuangPhayao","hasc":"TH.PY.PH"},"geometry":{"type":"MultiPolygon","coordinates":[[[[100.0088,18.9031],[99.9475,18.9401],[99.9283,18.9771],[99.9142,18.9853],[99.8913,18.9862],[99.885,18.9978],[99.84,18.9995],[99.8313,19.0089],[99.8345,19.0385],[99.8227,19.0431],[99.8207,19.0594],[99.7962,19.0515],[99.7751,19.0623],[99.76,19.1314],[99.728,19.1676],[99.7309,19.179],[99.7053,19.2426],[99.6996,19.3045],[99.7064,19.3205],[99.7425,19.3141],[99.7764,19.2884],[99.8136,19.2946],[99.8218,19.3099],[99.8288,19.3093],[99.8249,19.3182],[99.8315,19.3268],[99.8422,19.318],[99.8656,19.3273],[99.8702,19.3543],[99.892,19.3501],[99.8919,19.38],[99.8997,19.3785],[99.8995,19.3914],[99.9233,19.4048],[99.9296,19.3123],[99.9156,19.2545],[99.9549,19.2051],[99.9549,19.1939],[99.9412,19.1841],[99.9356,19.1644],[99.9221,19.1594],[99.9805,19.1112],[99.9845,19.092],[100.0202,19.0322],[100.0124,18.9888],[100.0183,18.9818],[100.0048,18.9617],[100.0219,18.936],[100.0182,18.9216],[100.0288,18.8965],[100.0183,18.8943],[100.0088,18.9031]]]]}},{"type":"Feature","properties":{"province":"Phayao","district":"Pong","hasc":"TH.PY.PO"},"geometry":{"type":"MultiPolygon","coordinates":[[[[100.33,19.0642],[100.3136,19.0675],[100.3102,19.0515],[100.2946,19.0481],[100.2732,19.0197],[100.252,19.012],[100.2497,19.0259],[100.2357,19.0213],[100.2238,19.0294],[100.1569,19.0054],[100.1301,19.0102],[100.112,19.0284],[100.1213,19.0352],[100.1266,19.0566],[100.1087,19.075],[100.1161,19.1541],[100.1281,19.1543],[100.1469,19.2026],[100.1926,19.2297],[100.2147,19.2256],[100.2275,19.2639],[100.2672,19.2572],[100.2624,19.2854],[100.2293,19.331],[100.2382,19.3444],[100.2546,19.3482],[100.2778,19.331],[100.2864,19.341],[100.3117,19.338],[100.3156,19.3627],[100.3357,19.3699],[100.3481,19.3562],[100.3549,19.3606],[100.3599,19.3908],[100.3826,19.376],[100.3964,19.3953],[100.4234,19.4002],[100.4492,19.3915],[100.5241,19.4051],[100.5217,19.3868],[100.5378,19.3685],[100.5332,19.3585],[100.5624,19.3366],[100.5651,19.3079],[100.6133,19.3094],[100.6023,19.2493],[100.6185,19.2245],[100.6198,19.1807],[100.6489,19.1168],[100.6298,19.0982],[100.6032,19.1028],[100.5867,19.0941],[100.5753,19.103],[100.5656,19.0732],[100.6212,19.0315],[100.6067,19.0185],[100.5689,19.0275],[100.5595,19.0417],[100.5402,19.0445],[100.5479,18.9952],[100.5235,18.9983],[100.5067,18.9878],[100.5046,19.0048],[100.5167,19.0217],[100.4929,19.0363],[100.4951,19.0506],[100.4611,19.0521],[100.4501,19.029],[100.3863,19.0378],[100.3692,19.0335],[100.3487,19.041],[100.3472,19.0565],[100.33,19.0642]]]]}},{"type":"Feature","properties":{"province":"Phetchabun","district":"BuangSamPhan","hasc":"TH.PH.BS"},"geometry":{"type":"MultiPolygon","coordinates":[[[[100.8359,15.7082],[100.8204,15.7116],[100.8204,15.7521],[100.7985,15.8242],[100.8384,15.8429],[100.8524,15.8602],[100.8789,15.8551],[100.8906,15.8638],[100.9128,15.9072],[100.9639,15.9055],[101.0017,15.8876],[101.0279,15.891],[101.041,15.8569],[101.0891,15.8753],[101.1415,15.859],[101.1861,15.8658],[101.2379,15.8939],[101.2363,15.8814],[101.2503,15.8686],[101.2797,15.8727],[101.2978,15.868],[101.3187,15.8416],[101.3323,15.8489],[101.3257,15.8307],[101.3325,15.8245],[101.3175,15.8197],[101.268,15.8172],[101.2599,15.833],[101.2471,15.8377],[101.2323,15.8305],[101.2052,15.8336],[101.1452,15.8042],[101.1054,15.8093],[101.0926,15.8006],[101.0898,15.7802],[101.0763,15.7665],[101.0464,15.7698],[101.0009,15.7398],[100.9412,15.7263],[100.9121,15.7349],[100.8472,15.7059],[100.8359,15.7082]]]]}},{"type":"Feature","properties":{"province":"Phetchabun","district":"ChonDaen","hasc":"TH.PH.CD"},"geometry":{"type":"MultiPolygon","coordinates":[[[[100.7968,15.8906],[100.7723,15.8988],[100.7637,15.92],[100.785,15.9935],[100.7672,16.0018],[100.7634,16.0116],[100.7536,16.01],[100.7278,16.0254],[100.6578,16.0463],[100.6378,16.0441],[100.645,16.0504],[100.6564,16.1042],[100.6551,16.1254],[100.6455,16.1374],[100.7092,16.2414],[100.7214,16.2499],[100.72,16.2574],[100.7626,16.2578],[100.8081,16.2824],[100.8436,16.2761],[100.8564,16.3171],[100.8637,16.3127],[100.8689,16.3235],[100.8889,16.3317],[100.9247,16.3301],[100.9455,16.319],[100.9448,16.3046],[100.9642,16.2817],[100.9616,16.2717],[100.9825,16.2538],[100.9835,16.225],[100.9935,16.2236],[100.9946,16.2081],[100.9838,16.186],[100.9875,16.1368],[100.9796,16.1324],[100.9743,16.1436],[100.9441,16.1327],[100.9415,16.1233],[100.9264,16.1307],[100.9085,16.1053],[100.9358,16.0595],[100.9443,16.0599],[100.9456,16.069],[100.9754,16.0587],[100.983,16.0639],[100.9822,16.0469],[100.9901,16.0395],[100.9876,16.0016],[100.9626,15.9838],[100.9451,15.9877],[100.9396,15.9729],[100.891,15.9486],[100.8876,15.9397],[100.9021,15.8979],[100.9104,15.8962],[100.8789,15.8551],[100.8553,15.8612],[100.8384,15.8429],[100.8044,15.8309],[100.8132,15.8749],[100.7968,15.8906]]]]}},{"type":"Feature","properties":{"province":"Phetchabun","district":"KhaoKho","hasc":"TH.PH.KK"},"geometry":{"type":"MultiPolygon","coordinates":[[[[101.0192,16.5322],[101.004,16.5225],[101.0004,16.5097],[100.9837,16.5177],[100.9634,16.5116],[100.9427,16.5216],[100.9343,16.5076],[100.9236,16.5079],[100.8593,16.5449],[100.849,16.5901],[100.8642,16.6375],[100.8881,16.6642],[100.9247,16.6636],[100.9335,16.6786],[100.9436,16.6784],[100.9318,16.6833],[100.9344,16.6938],[100.9248,16.702],[100.9322,16.7169],[100.9155,16.7298],[100.921,16.7552],[100.9024,16.7587],[100.8978,16.7697],[100.9072,16.7797],[100.9047,16.7972],[100.9208,16.7898],[100.9575,16.7931],[100.9552,16.8203],[100.9624,16.8281],[100.981,16.828],[100.9749,16.8392],[100.9826,16.847],[101.0134,16.8561],[101.0449,16.9011],[101.0762,16.9032],[101.0866,16.8952],[101.0614,16.8779],[101.0586,16.8232],[101.0684,16.7998],[101.059,16.7895],[101.0858,16.7785],[101.0887,16.7702],[101.0691,16.745],[101.0759,16.7112],[101.0642,16.6977],[101.0652,16.6813],[101.0694,16.6703],[101.094,16.6648],[101.0921,16.6325],[101.1029,16.6121],[101.123,16.6019],[101.1194,16.5715],[101.0983,16.5102],[101.0776,16.5163],[101.0694,16.5111],[101.0192,16.5322]]]]}},{"type":"Feature","properties":{"province":"Phetchabun","district":"LomKao","hasc":"TH.PH.LK"},"geometry":{"type":"MultiPolygon","coordinates":[[[[101.2112,16.8405],[101.1997,16.8334],[101.1963,16.8194],[101.136,16.8047],[101.1128,16.817],[101.0978,16.8107],[101.0696,16.8227],[101.059,16.8195],[101.0628,16.8804],[101.0866,16.8952],[101.0999,16.8923],[101.1088,16.9024],[101.1168,16.9348],[101.1113,16.9988],[101.1166,17.0164],[101.1711,17.0394],[101.1721,17.0522],[101.2021,17.0899],[101.2008,17.1198],[101.2251,17.1309],[101.2618,17.0884],[101.2798,17.0935],[101.2831,17.0824],[101.3124,17.092],[101.3305,17.0704],[101.3432,17.0856],[101.3747,17.0883],[101.3881,17.0786],[101.4052,17.0923],[101.4397,17.0717],[101.4656,17.093],[101.4786,17.0847],[101.492,17.0524],[101.515,17.0449],[101.5152,17.0011],[101.4715,17.003],[101.452,16.9894],[101.4433,16.9981],[101.4023,16.9672],[101.3923,16.9445],[101.3784,16.9338],[101.3396,16.9317],[101.2903,16.9065],[101.2828,16.8945],[101.2855,16.8773],[101.2656,16.8677],[101.2534,16.8483],[101.2112,16.8405]]]]}},{"type":"Feature","properties":{"province":"Phetchabun","district":"LomSak","hasc":"TH.PH.LS"},"geometry":{"type":"MultiPolygon","coordinates":[[[[101.1967,16.583],[101.1866,16.5813],[101.177,16.5991],[101.1586,16.6056],[101.1564,16.6324],[101.15,16.6362],[101.145,16.6299],[101.1106,16.6274],[101.0921,16.6325],[101.094,16.6648],[101.0694,16.6703],[101.0642,16.6977],[101.0748,16.7063],[101.0767,16.7283],[101.0691,16.745],[101.0887,16.7702],[101.0858,16.7785],[101.059,16.7895],[101.0685,16.8042],[101.059,16.8195],[101.0696,16.8227],[101.0978,16.8107],[101.1128,16.817],[101.1327,16.8045],[101.1963,16.8194],[101.2126,16.8437],[101.2612,16.854],[101.2656,16.8677],[101.2855,16.8773],[101.2828,16.8945],[101.2903,16.9065],[101.3284,16.9282],[101.3561,16.9346],[101.4246,16.9292],[101.4259,16.8896],[101.4445,16.8555],[101.5033,16.8564],[101.5181,16.8251],[101.5264,16.7806],[101.5105,16.7442],[101.5169,16.6886],[101.5109,16.6547],[101.5278,16.6183],[101.5031,16.61],[101.5002,16.5783],[101.4289,16.6095],[101.4064,16.5927],[101.372,16.5907],[101.3563,16.5587],[101.3085,16.541],[101.2621,16.5515],[101.2137,16.5394],[101.2202,16.5706],[101.2076,16.5832],[101.1967,16.583]]]]}},{"type":"Feature","properties":{"province":"Phetchabun","district":"MuangPhetchabun","hasc":"TH.PH.PH"},"geometry":{"type":"MultiPolygon","coordinates":[[[[101.173,16.1418],[101.1665,16.138],[101.169,16.1043],[101.1425,16.0905],[101.1336,16.101],[101.1086,16.098],[101.095,16.1187],[101.0879,16.1521],[101.0357,16.1689],[101.02,16.1661],[101.0102,16.1533],[100.9978,16.1686],[100.9857,16.1651],[100.9935,16.2236],[100.9835,16.225],[100.9825,16.2538],[100.968,16.2609],[100.9642,16.2817],[100.9447,16.3074],[100.9734,16.3191],[100.9947,16.3525],[100.9921,16.3686],[100.9821,16.3807],[100.9097,16.412],[100.8863,16.4403],[100.8745,16.4315],[100.8386,16.4279],[100.8074,16.4475],[100.7955,16.4708],[100.818,16.481],[100.8158,16.4929],[100.8346,16.503],[100.8381,16.5204],[100.8502,16.5216],[100.849,16.539],[100.8593,16.5449],[100.9288,16.5064],[100.9427,16.5216],[100.9634,16.5116],[100.9837,16.5177],[101.0004,16.5097],[101.004,16.5225],[101.0219,16.5342],[101.0641,16.5126],[101.0983,16.5102],[101.123,16.6019],[101.1029,16.6121],[101.097,16.6314],[101.1543,16.6341],[101.161,16.6033],[101.177,16.5991],[101.1895,16.5796],[101.2076,16.5832],[101.2202,16.5706],[101.2137,16.5394],[101.2621,16.5515],[101.3165,16.5423],[101.3588,16.5608],[101.356,16.5677],[101.372,16.5907],[101.4064,16.5927],[101.4315,16.6099],[101.4937,16.584],[101.5003,16.5618],[101.5207,16.5468],[101.4855,16.5234],[101.4743,16.5272],[101.4687,16.5181],[101.4651,16.5],[101.4748,16.477],[101.4524,16.4539],[101.4493,16.4355],[101.429,16.4255],[101.4223,16.4073],[101.4039,16.396],[101.4141,16.3806],[101.3831,16.3442],[101.3838,16.3127],[101.3724,16.2887],[101.3763,16.2681],[101.3535,16.2542],[101.3772,16.2397],[101.3734,16.2191],[101.3833,16.1871],[101.3613,16.1898],[101.3603,16.1822],[101.3422,16.1801],[101.3373,16.1717],[101.326,16.1839],[101.2964,16.1876],[101.2741,16.175],[101.2515,16.1781],[101.2447,16.1649],[101.1977,16.1766],[101.1931,16.1462],[101.173,16.1418]]]]}},{"type":"Feature","properties":{"province":"Phetchabun","district":"NamNao","hasc":"TH.PH.NN"},"geometry":{"type":"MultiPolygon","coordinates":[[[[101.7475,16.6669],[101.728,16.6498],[101.6844,16.6863],[101.6354,16.6791],[101.6194,16.6853],[101.6063,16.7062],[101.5949,16.7073],[101.5893,16.7223],[101.5622,16.7297],[101.5556,16.7287],[101.5548,16.7161],[101.579,16.6707],[101.5734,16.6475],[101.5632,16.6478],[101.5483,16.6675],[101.5401,16.6641],[101.5287,16.6776],[101.5155,16.6803],[101.5105,16.7442],[101.5264,16.7895],[101.5071,16.8517],[101.4913,16.8583],[101.4445,16.8555],[101.4259,16.8896],[101.4246,16.9292],[101.4033,16.9341],[101.3899,16.9274],[101.3784,16.9338],[101.3923,16.9445],[101.4023,16.9672],[101.4433,16.9981],[101.452,16.9894],[101.4715,17.003],[101.5152,17.0011],[101.515,17.0449],[101.492,17.0524],[101.4838,17.07],[101.4885,17.0748],[101.5107,17.0561],[101.5332,17.052],[101.5363,17.0209],[101.5519,16.9939],[101.5695,16.9845],[101.6103,16.9989],[101.6308,17.0432],[101.6508,17.0385],[101.6467,17.028],[101.6772,16.9747],[101.6733,16.9507],[101.6797,16.9363],[101.6908,16.934],[101.6793,16.8589],[101.7226,16.8047],[101.7201,16.7971],[101.7023,16.8061],[101.6877,16.7954],[101.7281,16.7507],[101.7887,16.7613],[101.7895,16.7484],[101.7801,16.7375],[101.7895,16.7207],[101.778,16.7088],[101.7683,16.6779],[101.7475,16.6669]]]]}},{"type":"Feature","properties":{"province":"Phetchabun","district":"NongPhai","hasc":"TH.PH.NP"},"geometry":{"type":"MultiPolygon","coordinates":[[[[101.0651,15.8699],[101.041,15.8569],[101.0279,15.891],[100.9968,15.8884],[100.9639,15.9055],[100.9193,15.9084],[100.9104,15.8962],[100.9021,15.8979],[100.8876,15.9397],[100.891,15.9486],[100.9396,15.9729],[100.9451,15.9877],[100.9626,15.9838],[100.9881,16.0035],[100.9901,16.0395],[100.9822,16.0469],[100.983,16.0639],[100.9754,16.0587],[100.9456,16.069],[100.9443,16.0599],[100.9358,16.0595],[100.9085,16.1053],[100.9264,16.1307],[100.9415,16.1233],[100.9441,16.1327],[100.9743,16.1436],[100.984,16.1335],[100.9857,16.1651],[100.9978,16.1686],[101.0102,16.1533],[101.02,16.1661],[101.0357,16.1689],[101.0912,16.1504],[101.095,16.1187],[101.1086,16.098],[101.1336,16.101],[101.1453,16.0907],[101.169,16.1043],[101.1665,16.138],[101.1931,16.1462],[101.1977,16.1766],[101.2447,16.1649],[101.2515,16.1781],[101.2741,16.175],[101.2964,16.1876],[101.326,16.1839],[101.3373,16.1717],[101.3422,16.1801],[101.3603,16.1822],[101.3613,16.1898],[101.3799,16.1855],[101.3649,16.1831],[101.343,16.1509],[101.3244,16.0393],[101.3422,16.0113],[101.3428,15.9837],[101.359,15.9611],[101.3755,15.9658],[101.3624,15.9226],[101.3762,15.9178],[101.354,15.8873],[101.3329,15.8789],[101.3246,15.8461],[101.3091,15.8465],[101.2978,15.868],[101.2503,15.8686],[101.2363,15.8814],[101.2379,15.8939],[101.221,15.8898],[101.1994,15.8687],[101.1415,15.859],[101.1021,15.8751],[101.0651,15.8699]]]]}},{"type":"Feature","properties":{"province":"Phetchabun","district":"SiThep","hasc":"TH.PH.ST"},"geometry":{"type":"MultiPolygon","coordinates":[[[[101.2191,15.3362],[101.2061,15.3186],[101.1909,15.3283],[101.1363,15.3248],[101.1067,15.3356],[101.0929,15.3506],[101.0709,15.3361],[101.0243,15.3376],[101.0101,15.3633],[100.978,15.3855],[100.9797,15.4118],[100.9612,15.4194],[100.9494,15.445],[100.9291,15.4533],[100.9342,15.4674],[100.9283,15.4809],[100.9681,15.4986],[101.0854,15.4813],[101.0907,15.4848],[101.0844,15.4985],[101.0955,15.5101],[101.0842,15.5167],[101.0894,15.5367],[101.0806,15.5498],[101.0949,15.5587],[101.1115,15.5429],[101.1417,15.5672],[101.1843,15.556],[101.312,15.5719],[101.3044,15.5421],[101.2899,15.5298],[101.3055,15.5175],[101.3081,15.4713],[101.2994,15.4543],[101.3089,15.4333],[101.3066,15.3866],[101.2774,15.3604],[101.2191,15.3362]]]]}},{"type":"Feature","properties":{"province":"Phetchabun","district":"WangPong","hasc":"TH.PH.WP"},"geometry":{"type":"MultiPolygon","coordinates":[[[[100.8234,16.4363],[100.8386,16.4279],[100.8745,16.4315],[100.8863,16.4403],[100.9097,16.412],[100.9842,16.3794],[100.9947,16.3525],[100.9734,16.3191],[100.9469,16.3095],[100.9455,16.319],[100.9247,16.3301],[100.8889,16.3317],[100.8689,16.3235],[100.8637,16.3127],[100.8535,16.3144],[100.8436,16.2761],[100.8081,16.2824],[100.7626,16.2578],[100.72,16.2574],[100.7145,16.2646],[100.6954,16.2483],[100.6818,16.2486],[100.6657,16.2818],[100.652,16.2929],[100.6503,16.3247],[100.6623,16.3316],[100.6791,16.3616],[100.704,16.3723],[100.7087,16.4176],[100.7635,16.4291],[100.7729,16.4238],[100.778,16.4381],[100.7988,16.4491],[100.8234,16.4363]]]]}},{"type":"Feature","properties":{"province":"Phetchabun","district":"WichianBuri","hasc":"TH.PH.WB"},"geometry":{"type":"MultiPolygon","coordinates":[[[[101.0788,15.4809],[100.9681,15.4986],[100.9324,15.4861],[100.9275,15.4759],[100.9342,15.4674],[100.9207,15.4564],[100.8966,15.4738],[100.854,15.4703],[100.8396,15.48],[100.8261,15.4789],[100.81,15.4878],[100.7917,15.5229],[100.761,15.5215],[100.7703,15.5322],[100.7928,15.5365],[100.814,15.5679],[100.819,15.5841],[100.8101,15.5944],[100.8269,15.612],[100.8201,15.628],[100.8285,15.6745],[100.8469,15.6854],[100.8472,15.7059],[100.9121,15.7349],[100.9412,15.7263],[101.0074,15.742],[101.0464,15.7698],[101.0763,15.7665],[101.0898,15.7802],[101.0926,15.8006],[101.1054,15.8093],[101.1452,15.8042],[101.2052,15.8336],[101.2323,15.8305],[101.2471,15.8377],[101.2599,15.833],[101.268,15.8172],[101.3325,15.8245],[101.3321,15.8013],[101.3182,15.7879],[101.3299,15.7833],[101.3397,15.7664],[101.3368,15.7536],[101.3851,15.7351],[101.3937,15.7435],[101.4078,15.7345],[101.3719,15.5779],[101.2058,15.5569],[101.1639,15.5582],[101.1417,15.5672],[101.1115,15.5429],[101.0949,15.5587],[101.0806,15.5498],[101.0894,15.5367],[101.0842,15.5167],[101.0955,15.5101],[101.0844,15.4985],[101.0907,15.4848],[101.0788,15.4809]]]]}},{"type":"Feature","properties":{"province":"Phetchaburi","district":"BanLaem","hasc":"TH.PE.LM"},"geometry":{"type":"MultiPolygon","coordinates":[[[[100.0694,13.0769],[100.0839,13.0617],[100.1039,13.0567],[100.0645,13.0065],[100.0316,13.0599],[100.0411,13.1082],[100.035,13.1201],[100.0234,13.1219],[100.0228,13.1386],[99.9835,13.1339],[99.9705,13.1451],[99.9509,13.1359],[99.9485,13.1867],[99.9008,13.1824],[99.908,13.2216],[99.8755,13.2331],[99.885,13.2456],[99.8829,13.2587],[99.896,13.2686],[99.8965,13.2861],[99.9264,13.2799],[99.9531,13.2954],[99.9422,13.2658],[99.9861,13.235],[100.0197,13.185],[100.0672,13.1569],[100.0625,13.1083],[100.0694,13.0769]]]]}},{"type":"Feature","properties":{"province":"Phetchaburi","district":"BanLat","hasc":"TH.PE.LT"},"geometry":{"type":"MultiPolygon","coordinates":[[[[99.9614,13.0311],[99.9641,12.9877],[99.9204,12.9936],[99.8986,13.0145],[99.875,13.0127],[99.8518,13.0008],[99.834,12.9674],[99.7994,12.9718],[99.7707,12.9613],[99.7456,12.9861],[99.7443,13.0158],[99.7193,13.0452],[99.7204,13.0626],[99.7442,13.0917],[99.759,13.0876],[99.7702,13.0958],[99.7794,13.1138],[99.8113,13.1301],[99.8467,13.1293],[99.8396,13.1195],[99.8493,13.0959],[99.89,13.0993],[99.888,13.1118],[99.9049,13.114],[99.9206,13.0891],[99.9347,13.0915],[99.942,13.0721],[99.9567,13.0696],[99.9614,13.0311]]]]}},{"type":"Feature","properties":{"province":"Phetchaburi","district":"Cha-Am","hasc":"TH.PE.CH"},"geometry":{"type":"MultiPolygon","coordinates":[[[[99.7874,12.6933],[99.7961,12.7111],[99.7835,12.7354],[99.8113,12.7303],[99.8225,12.7478],[99.8538,12.7568],[99.8426,12.7777],[99.8482,12.7876],[99.8615,12.7892],[99.8671,12.8106],[99.8497,12.8229],[99.8589,12.8332],[99.8523,12.8553],[99.8825,12.8877],[99.9097,12.9049],[99.9798,12.9093],[99.9991,12.9248],[100.0094,12.9159],[100.0261,12.9169],[100.0191,12.8744],[99.9664,12.7408],[99.9556,12.6326],[99.9259,12.63],[99.9229,12.6231],[99.9056,12.6356],[99.8835,12.6206],[99.8261,12.6296],[99.7596,12.5826],[99.7484,12.6069],[99.7502,12.6281],[99.7787,12.6543],[99.7773,12.6806],[99.7874,12.6933]]]]}},{"type":"Feature","properties":{"province":"Phetchaburi","district":"KaengKrachan","hasc":"TH.PE.KK"},"geometry":{"type":"MultiPolygon","coordinates":[[[[99.4389,12.5831],[99.4127,12.615],[99.3796,12.615],[99.3664,12.6244],[99.3663,12.6336],[99.3454,12.6401],[99.339,12.6611],[99.2961,12.6771],[99.3011,12.6883],[99.2906,12.6982],[99.2906,12.7148],[99.2795,12.7162],[99.2705,12.7283],[99.2486,12.7186],[99.2405,12.7229],[99.2284,12.7432],[99.2354,12.7769],[99.223,12.8227],[99.1867,12.8492],[99.1835,12.9098],[99.1634,12.9265],[99.1731,12.9424],[99.1958,12.9555],[99.1878,12.9756],[99.199,12.9779],[99.2128,13.0],[99.2449,13.0227],[99.2417,13.0377],[99.2729,13.0325],[99.2723,13.0495],[99.2623,13.053],[99.2415,13.0884],[99.2622,13.101],[99.2733,13.0994],[99.3385,13.1427],[99.3908,13.101],[99.4023,13.0658],[99.4362,13.0659],[99.4396,13.0501],[99.4326,13.0466],[99.4491,13.036],[99.4476,13.0244],[99.4542,13.0254],[99.4561,13.0171],[99.4663,13.0171],[99.4788,13.0311],[99.498,13.0294],[99.5179,13.0476],[99.5332,13.0455],[99.5522,13.0604],[99.5606,13.061],[99.5736,13.026],[99.6077,13.0652],[99.6239,13.0433],[99.6532,13.0621],[99.7184,13.0475],[99.7443,13.0158],[99.7454,12.9869],[99.7552,12.9731],[99.7707,12.9613],[99.7939,12.9703],[99.7975,12.9573],[99.7916,12.9171],[99.7773,12.9078],[99.7829,12.8914],[99.7431,12.8789],[99.7483,12.8669],[99.7367,12.8466],[99.6711,12.8354],[99.6672,12.8251],[99.6802,12.8167],[99.6778,12.8077],[99.6558,12.8048],[99.6448,12.8133],[99.6186,12.8053],[99.605,12.7957],[99.592,12.7671],[99.5903,12.7604],[99.6071,12.7527],[99.6067,12.7248],[99.6197,12.71],[99.6152,12.6767],[99.6324,12.6624],[99.6148,12.6361],[99.6144,12.6124],[99.6288,12.5986],[99.6203,12.5416],[99.5943,12.5477],[99.5788,12.5785],[99.5405,12.5771],[99.5218,12.5607],[99.4887,12.59],[99.4541,12.5786],[99.4389,12.5831]]]]}},{"type":"Feature","properties":{"province":"Phetchaburi","district":"KhaoYoi","hasc":"TH.PE.KY"},"geometry":{"type":"MultiPolygon","coordinates":[[[[99.8385,13.1295],[99.8113,13.1301],[99.7771,13.1123],[99.7896,13.1452],[99.7779,13.1932],[99.7547,13.2125],[99.7562,13.2227],[99.731,13.2575],[99.7197,13.2606],[99.7197,13.2705],[99.7078,13.2704],[99.6932,13.2836],[99.6867,13.2994],[99.7001,13.3164],[99.7587,13.343],[99.8034,13.329],[99.8103,13.3393],[99.8217,13.3397],[99.8573,13.3278],[99.8601,13.2449],[99.8777,13.2504],[99.8835,13.2464],[99.8787,13.2281],[99.908,13.2216],[99.9099,13.2116],[99.9042,13.1763],[99.8885,13.1725],[99.8727,13.1556],[99.8408,13.1523],[99.8467,13.1293],[99.8385,13.1295]]]]}},{"type":"Feature","properties":{"province":"Phetchaburi","district":"MuangPhetchaburi","hasc":"TH.PE.PH"},"geometry":{"type":"MultiPolygon","coordinates":[[[[99.9368,13.1874],[99.9505,13.1831],[99.9496,13.1367],[99.9705,13.1451],[99.9835,13.1339],[100.0213,13.139],[100.0234,13.1219],[100.035,13.1201],[100.0407,13.1097],[100.0316,13.0599],[100.0412,13.0521],[100.0419,13.0352],[100.0553,13.0298],[100.0581,13.0143],[100.0685,13.0086],[100.0368,12.9534],[100.0331,12.9619],[99.9647,12.9829],[99.9567,13.0696],[99.942,13.0721],[99.9347,13.0915],[99.9174,13.0917],[99.9066,13.1134],[99.888,13.1118],[99.8918,13.1012],[99.8794,13.0962],[99.847,13.098],[99.8408,13.1523],[99.8727,13.1556],[99.906,13.1828],[99.9368,13.1874]]]]}},{"type":"Feature","properties":{"province":"Phetchaburi","district":"NongYaPlong","hasc":"TH.PE.NY"},"geometry":{"type":"MultiPolygon","coordinates":[[[[99.1876,12.977],[99.1955,12.9899],[99.1814,12.9927],[99.1713,13.014],[99.1461,13.0326],[99.1251,13.0376],[99.1,13.0729],[99.105,13.0837],[99.1317,13.0963],[99.1285,13.1145],[99.1367,13.1332],[99.1306,13.1412],[99.1377,13.1507],[99.1346,13.1638],[99.1171,13.1756],[99.124,13.1939],[99.1392,13.2047],[99.1646,13.2072],[99.1842,13.1914],[99.1993,13.1928],[99.2111,13.2063],[99.2304,13.2012],[99.272,13.1477],[99.3246,13.1763],[99.3188,13.2013],[99.3239,13.219],[99.335,13.2209],[99.3512,13.2413],[99.3592,13.2309],[99.3678,13.2323],[99.3742,13.2172],[99.3992,13.2159],[99.415,13.1964],[99.4281,13.1967],[99.4411,13.1833],[99.4609,13.1814],[99.4785,13.1996],[99.5078,13.1794],[99.5224,13.209],[99.5778,13.1962],[99.6027,13.2045],[99.6363,13.2011],[99.6404,13.2101],[99.6645,13.2136],[99.6695,13.2593],[99.6633,13.2778],[99.6867,13.2994],[99.6932,13.2836],[99.731,13.2575],[99.7562,13.2227],[99.7547,13.2125],[99.7779,13.1932],[99.789,13.1394],[99.7702,13.0958],[99.759,13.0876],[99.7442,13.0917],[99.7264,13.0745],[99.7202,13.0469],[99.6532,13.0621],[99.6239,13.0433],[99.6077,13.0652],[99.5736,13.026],[99.5581,13.0616],[99.5332,13.0455],[99.5179,13.0476],[99.498,13.0294],[99.4788,13.0311],[99.4663,13.0171],[99.4561,13.0171],[99.4542,13.0254],[99.4476,13.0244],[99.4491,13.036],[99.4326,13.0466],[99.4396,13.0501],[99.4362,13.0659],[99.4023,13.0658],[99.3908,13.101],[99.3385,13.1427],[99.2733,13.0994],[99.2622,13.101],[99.2415,13.0884],[99.2623,13.053],[99.2723,13.0495],[99.2729,13.0325],[99.2417,13.0377],[99.2449,13.0227],[99.2128,13.0],[99.199,12.9779],[99.1876,12.977]]]]}},{"type":"Feature","properties":{"province":"Phetchaburi","district":"ThaYang","hasc":"TH.PE.TY"},"geometry":{"type":"MultiPolygon","coordinates":[[[[99.8237,12.7482],[99.8113,12.7303],[99.7835,12.7354],[99.7961,12.7111],[99.7775,12.6817],[99.7792,12.6552],[99.7588,12.6316],[99.738,12.6234],[99.7356,12.6374],[99.7032,12.652],[99.6463,12.636],[99.6316,12.6432],[99.6324,12.6624],[99.6196,12.6685],[99.6134,12.6825],[99.62,12.6867],[99.6204,12.7069],[99.6067,12.7248],[99.6071,12.7527],[99.5903,12.7604],[99.605,12.7957],[99.6448,12.8133],[99.6558,12.8048],[99.6778,12.8077],[99.6802,12.8167],[99.6672,12.8251],[99.6711,12.8354],[99.7367,12.8466],[99.7483,12.8669],[99.7431,12.8789],[99.7829,12.8914],[99.7773,12.9078],[99.7903,12.9152],[99.7973,12.9363],[99.7939,12.9703],[99.8356,12.9683],[99.8403,12.9873],[99.8627,13.0097],[99.8986,13.0145],[99.9204,12.9936],[99.9624,12.9883],[100.0341,12.9613],[100.0261,12.9169],[100.0094,12.9159],[99.9991,12.9248],[99.9798,12.9093],[99.9097,12.9049],[99.8825,12.8877],[99.8523,12.8553],[99.8589,12.8332],[99.8497,12.8229],[99.8671,12.8106],[99.8615,12.7892],[99.8482,12.7876],[99.8426,12.7777],[99.8538,12.7568],[99.8237,12.7482]]]]}},{"type":"Feature","properties":{"province":"Phichit","district":"BangMunNak","hasc":"TH.PC.BM"},"geometry":{"type":"MultiPolygon","coordinates":[[[[100.4674,15.925],[100.4206,15.9263],[100.3758,15.9393],[100.3505,15.9335],[100.3319,15.9386],[100.3475,15.9729],[100.3247,15.9857],[100.3253,15.9681],[100.312,15.9639],[100.3021,15.9786],[100.3042,15.9972],[100.3152,16.0007],[100.3144,16.015],[100.3285,16.032],[100.3431,16.0335],[100.3438,16.0534],[100.3699,16.0906],[100.3738,16.1057],[100.3502,16.1247],[100.3939,16.1522],[100.4119,16.1497],[100.4235,16.1233],[100.4632,16.1099],[100.4655,16.0942],[100.5312,16.0919],[100.5431,16.0786],[100.5373,16.0508],[100.5232,16.0388],[100.5356,15.9916],[100.4674,15.925]]]]}},{"type":"Feature","properties":{"province":"Phichit","district":"K.BungNarang","hasc":"TH.PC.BN"},"geometry":{"type":"MultiPolygon","coordinates":[[[[100.0469,16.2075],[100.0425,16.2142],[100.0566,16.2276],[100.0223,16.2501],[100.0351,16.2821],[100.1291,16.2438],[100.19,16.2481],[100.246,16.2418],[100.2468,16.2251],[100.2614,16.2243],[100.2688,16.2134],[100.2546,16.1928],[100.2751,16.1836],[100.276,16.1731],[100.2474,16.1559],[100.2283,16.1588],[100.2103,16.177],[100.1941,16.1713],[100.1823,16.1569],[100.1911,16.1432],[100.1669,16.1114],[100.1721,16.104],[100.1408,16.0737],[100.1154,16.0697],[100.1151,16.0792],[100.0958,16.0984],[100.0966,16.1101],[100.0792,16.125],[100.0941,16.1557],[100.0809,16.1713],[100.0536,16.1766],[100.0469,16.1902],[100.0348,16.1947],[100.0469,16.2075]]]]}},{"type":"Feature","properties":{"province":"Phichit","district":"K.DongCharoen","hasc":"TH.PC.DC"},"geometry":{"type":"MultiPolygon","coordinates":[[[[100.5627,15.9394],[100.5253,15.911],[100.5218,15.9167],[100.5371,15.9352],[100.5322,15.94],[100.4744,15.926],[100.4804,15.9423],[100.5068,15.9573],[100.5356,15.9916],[100.5232,16.0388],[100.5373,16.0508],[100.5431,16.0786],[100.6452,16.0512],[100.6378,16.0441],[100.6578,16.0463],[100.7278,16.0254],[100.7536,16.01],[100.7634,16.0116],[100.7716,15.9985],[100.7313,15.9874],[100.7094,15.9952],[100.6614,15.9891],[100.5871,15.9618],[100.5627,15.9394]]]]}},{"type":"Feature","properties":{"province":"Phichit","district":"K.SakLek","hasc":"TH.PC.SL"},"geometry":{"type":"MultiPolygon","coordinates":[[[[100.4162,16.4548],[100.4173,16.4867],[100.4293,16.4963],[100.4272,16.5104],[100.47,16.519],[100.4843,16.5359],[100.4847,16.5494],[100.5067,16.5607],[100.5114,16.5726],[100.5199,16.5668],[100.5287,16.5759],[100.5853,16.5933],[100.5978,16.5839],[100.5976,16.5302],[100.5832,16.5184],[100.5853,16.4669],[100.5667,16.4568],[100.5562,16.4643],[100.5285,16.457],[100.476,16.4657],[100.4162,16.4548]]]]}},{"type":"Feature","properties":{"province":"Phichit","district":"MuangPhichit","hasc":"TH.PC.PH"},"geometry":{"type":"MultiPolygon","coordinates":[[[[100.4058,16.3074],[100.4123,16.29],[100.3854,16.2695],[100.3255,16.2878],[100.3354,16.3265],[100.3198,16.3591],[100.2817,16.3621],[100.2693,16.3933],[100.2495,16.3901],[100.2307,16.4],[100.2329,16.415],[100.2448,16.426],[100.2424,16.4354],[100.2578,16.4555],[100.2485,16.4722],[100.2549,16.4896],[100.2514,16.5284],[100.2676,16.5361],[100.3226,16.5227],[100.3789,16.5448],[100.3765,16.5351],[100.396,16.5177],[100.406,16.5251],[100.4281,16.5074],[100.4293,16.4963],[100.4173,16.4867],[100.4179,16.4436],[100.4082,16.4359],[100.4144,16.4207],[100.4578,16.4229],[100.4913,16.4348],[100.5142,16.4155],[100.5366,16.3764],[100.5338,16.36],[100.4581,16.3689],[100.4708,16.3306],[100.4489,16.2938],[100.4058,16.3074]]]]}},{"type":"Feature","properties":{"province":"Phichit","district":"PhoPrathapChan","hasc":"TH.PC.PP"},"geometry":{"type":"MultiPolygon","coordinates":[[[[100.2646,16.2226],[100.2473,16.2246],[100.2451,16.2421],[100.19,16.2481],[100.1291,16.2438],[100.0351,16.2821],[100.0318,16.2751],[100.0213,16.2795],[100.0105,16.2726],[100.0012,16.2879],[100.0227,16.3122],[100.0296,16.3055],[100.0545,16.3184],[100.0573,16.337],[100.0859,16.3649],[100.1094,16.3592],[100.1164,16.365],[100.1542,16.3631],[100.1774,16.3811],[100.2152,16.3819],[100.2285,16.4041],[100.2495,16.3901],[100.2693,16.3933],[100.2817,16.3621],[100.319,16.3598],[100.3352,16.3282],[100.3251,16.2882],[100.2768,16.2781],[100.2687,16.2672],[100.2612,16.2499],[100.2747,16.2488],[100.273,16.2205],[100.2646,16.2226]]]]}},{"type":"Feature","properties":{"province":"Phichit","district":"PhoThale","hasc":"TH.PC.PT"},"geometry":{"type":"MultiPolygon","coordinates":[[[[100.164,15.9718],[100.1326,16.0183],[100.132,16.035],[100.1176,16.0466],[100.1141,16.0687],[100.1408,16.0737],[100.1721,16.104],[100.1672,16.112],[100.1911,16.1432],[100.1824,16.1559],[100.1863,16.1641],[100.2103,16.177],[100.2283,16.1588],[100.248,16.156],[100.2725,16.1687],[100.2751,16.1836],[100.2831,16.1863],[100.3319,16.1742],[100.3349,16.1444],[100.3453,16.144],[100.3518,16.1207],[100.3739,16.1052],[100.3546,16.061],[100.3411,16.0474],[100.3431,16.0335],[100.3256,16.0296],[100.3144,16.015],[100.3126,15.9956],[100.3042,15.9972],[100.3017,15.9802],[100.311,15.9601],[100.2688,15.9386],[100.261,15.958],[100.2427,15.9594],[100.2265,15.9193],[100.204,15.9333],[100.1773,15.9252],[100.177,15.947],[100.1621,15.9597],[100.164,15.9718]]]]}},{"type":"Feature","properties":{"province":"Phichit","district":"SamNgam","hasc":"TH.PC.SN"},"geometry":{"type":"MultiPolygon","coordinates":[[[[100.2545,16.4453],[100.2434,16.437],[100.2427,16.4197],[100.2222,16.4016],[100.2152,16.3819],[100.1774,16.3811],[100.1478,16.3615],[100.0859,16.3649],[100.0573,16.337],[100.0552,16.319],[100.0296,16.3055],[100.0202,16.3184],[100.0269,16.3346],[100.0063,16.3351],[99.9846,16.3759],[100.001,16.4478],[100.0572,16.4324],[100.1118,16.4532],[100.1825,16.4546],[100.1841,16.528],[100.1972,16.5411],[100.1886,16.6021],[100.2049,16.6216],[100.192,16.6314],[100.2063,16.6439],[100.2178,16.6457],[100.2338,16.6218],[100.2337,16.5332],[100.2537,16.5234],[100.2485,16.4722],[100.2561,16.4635],[100.2545,16.4453]]]]}},{"type":"Feature","properties":{"province":"Phichit","district":"TaphanHin","hasc":"TH.PC.TH"},"geometry":{"type":"MultiPolygon","coordinates":[[[[100.4235,16.1233],[100.421,16.1401],[100.4007,16.1525],[100.3524,16.1274],[100.3453,16.144],[100.3349,16.1444],[100.3319,16.1742],[100.3034,16.1862],[100.2571,16.189],[100.2666,16.2214],[100.273,16.2205],[100.2751,16.2467],[100.2614,16.2519],[100.2768,16.2781],[100.3308,16.2882],[100.3854,16.2695],[100.4123,16.29],[100.4077,16.309],[100.4569,16.2894],[100.5229,16.3023],[100.4917,16.2609],[100.4937,16.251],[100.5184,16.2372],[100.5788,16.2489],[100.5823,16.2355],[100.5314,16.2018],[100.5302,16.1918],[100.5406,16.1803],[100.5374,16.1674],[100.5157,16.156],[100.5145,16.1014],[100.5312,16.0919],[100.4682,16.0933],[100.4614,16.0974],[100.4632,16.1099],[100.4235,16.1233]]]]}},{"type":"Feature","properties":{"province":"Phichit","district":"ThapKhlo","hasc":"TH.PC.TK"},"geometry":{"type":"MultiPolygon","coordinates":[[[[100.6555,16.1096],[100.6452,16.0512],[100.5595,16.0713],[100.5145,16.1014],[100.5157,16.156],[100.5321,16.1614],[100.5405,16.1783],[100.5314,16.2018],[100.5827,16.238],[100.5782,16.2491],[100.5184,16.2372],[100.4937,16.251],[100.4917,16.2609],[100.5237,16.3017],[100.5525,16.2927],[100.5619,16.3037],[100.6164,16.3158],[100.6133,16.3072],[100.6491,16.3252],[100.652,16.2929],[100.6657,16.2818],[100.6818,16.2486],[100.6954,16.2483],[100.7145,16.2646],[100.722,16.2546],[100.6455,16.1374],[100.6555,16.1096]]]]}},{"type":"Feature","properties":{"province":"Phichit","district":"WachiraBarami","hasc":"TH.PC.WA"},"geometry":{"type":"MultiPolygon","coordinates":[[[[100.0125,16.5713],[100.0361,16.5817],[100.0506,16.5709],[100.0832,16.5776],[100.0905,16.5861],[100.0871,16.596],[100.0994,16.6036],[100.1161,16.5993],[100.1183,16.6066],[100.1317,16.6063],[100.1574,16.5918],[100.1884,16.6043],[100.1972,16.5411],[100.1841,16.528],[100.1841,16.4566],[100.1754,16.4499],[100.1118,16.4532],[100.0572,16.4324],[100.001,16.4478],[100.0359,16.5002],[100.022,16.559],[100.0125,16.5713]]]]}},{"type":"Feature","properties":{"province":"Phichit","district":"WangSaiPhun","hasc":"TH.PC.WS"},"geometry":{"type":"MultiPolygon","coordinates":[[[[100.4503,16.2962],[100.4708,16.3306],[100.4581,16.3689],[100.5016,16.3683],[100.5259,16.3582],[100.5338,16.36],[100.5369,16.3754],[100.5142,16.4155],[100.4913,16.4348],[100.4578,16.4229],[100.4144,16.4207],[100.4082,16.4359],[100.4174,16.4421],[100.4162,16.4548],[100.476,16.4657],[100.5285,16.457],[100.5562,16.4643],[100.5667,16.4568],[100.5954,16.4672],[100.6029,16.3827],[100.6251,16.3626],[100.6164,16.3158],[100.5619,16.3037],[100.5513,16.2924],[100.5229,16.3023],[100.4592,16.2894],[100.4503,16.2962]]]]}},{"type":"Feature","properties":{"province":"Phitsanulok","district":"BangKrathum","hasc":"TH.PS.BK"},"geometry":{"type":"MultiPolygon","coordinates":[[[[100.2716,16.5349],[100.2348,16.5293],[100.2339,16.621],[100.2175,16.6438],[100.2481,16.6356],[100.2953,16.642],[100.3068,16.708],[100.3373,16.6998],[100.3673,16.6599],[100.3773,16.6619],[100.3806,16.654],[100.4168,16.6423],[100.4111,16.6316],[100.4259,16.6315],[100.4386,16.6156],[100.4541,16.6159],[100.4708,16.6046],[100.488,16.5623],[100.4843,16.5359],[100.4708,16.5196],[100.4256,16.5071],[100.406,16.5251],[100.396,16.5177],[100.3765,16.5351],[100.3789,16.5448],[100.3226,16.5227],[100.2716,16.5349]]]]}},{"type":"Feature","properties":{"province":"Phitsanulok","district":"BangRakam","hasc":"TH.PS.BR"},"geometry":{"type":"MultiPolygon","coordinates":[[[[100.0175,16.5799],[100.0081,16.5839],[99.9613,16.5709],[99.9504,16.5883],[99.913,16.6041],[99.8974,16.6935],[99.9007,16.7209],[99.8611,16.726],[99.8577,16.7349],[99.8764,16.7661],[99.9245,16.764],[99.9121,16.8023],[99.9429,16.8248],[99.9531,16.8573],[99.9913,16.8664],[100.0027,16.859],[99.9995,16.8522],[100.0183,16.8521],[100.0229,16.8606],[100.017,16.8689],[100.0091,16.866],[100.0095,16.8889],[100.0879,16.8901],[100.1059,16.9172],[100.1219,16.9094],[100.1233,16.9006],[100.1155,16.8959],[100.13,16.8925],[100.1383,16.8786],[100.1303,16.8773],[100.1367,16.8725],[100.1327,16.8606],[100.1573,16.8457],[100.1671,16.8248],[100.1611,16.8034],[100.1657,16.7807],[100.1574,16.783],[100.1421,16.7649],[100.2034,16.7024],[100.2082,16.6873],[100.2028,16.6832],[100.2174,16.6623],[100.2278,16.6631],[100.2178,16.6457],[100.192,16.6314],[100.2049,16.6229],[100.192,16.6016],[100.1574,16.5918],[100.1183,16.6066],[100.1167,16.5995],[100.0994,16.6036],[100.0871,16.596],[100.0905,16.5861],[100.0832,16.5776],[100.0506,16.5709],[100.0361,16.5817],[100.0148,16.5732],[100.0175,16.5799]]]]}},{"type":"Feature","properties":{"province":"Phitsanulok","district":"ChatTrakan","hasc":"TH.PS.CT"},"geometry":{"type":"MultiPolygon","coordinates":[[[[100.6125,17.2071],[100.6138,17.195],[100.5986,17.187],[100.6126,17.1859],[100.6144,17.1734],[100.6063,17.169],[100.6191,17.1622],[100.6071,17.1615],[100.6127,17.1446],[100.6056,17.1292],[100.5971,17.1215],[100.5845,17.1265],[100.5505,17.1162],[100.5256,17.0951],[100.5164,17.0996],[100.5213,17.1114],[100.5045,17.1318],[100.5075,17.1618],[100.4971,17.1874],[100.4902,17.1978],[100.4634,17.1999],[100.4428,17.2169],[100.4335,17.243],[100.4468,17.2499],[100.4509,17.2629],[100.4359,17.2869],[100.4244,17.2875],[100.4336,17.3112],[100.4011,17.3292],[100.392,17.376],[100.3793,17.378],[100.3738,17.389],[100.423,17.4108],[100.4285,17.4198],[100.4856,17.4164],[100.5026,17.4268],[100.5158,17.4023],[100.5321,17.4154],[100.5995,17.4214],[100.6155,17.4637],[100.6469,17.4721],[100.6443,17.492],[100.6715,17.4993],[100.7044,17.528],[100.7402,17.5395],[100.7758,17.5819],[100.7777,17.5987],[100.8039,17.6367],[100.8459,17.6532],[100.8764,17.7096],[100.9063,17.7134],[100.9108,17.6998],[100.9264,17.6944],[100.9565,17.6986],[100.9743,17.709],[100.9927,17.7399],[101.0074,17.724],[101.0014,17.6974],[101.0108,17.6981],[100.9936,17.6729],[100.9965,17.6403],[100.989,17.6097],[100.9586,17.5706],[100.9296,17.5678],[100.9051,17.5916],[100.8825,17.5829],[100.8628,17.5457],[100.8746,17.5276],[100.8455,17.5004],[100.8303,17.4498],[100.8015,17.4244],[100.8071,17.4118],[100.8223,17.4081],[100.8042,17.3502],[100.8177,17.3238],[100.791,17.3032],[100.7446,17.2294],[100.714,17.2176],[100.6835,17.1836],[100.6686,17.1918],[100.6549,17.1858],[100.6608,17.2045],[100.6441,17.2205],[100.6207,17.2072],[100.6168,17.2147],[100.6125,17.2071]]],[[[100.9685,17.5735],[100.9692,17.5697],[100.9667,17.5723],[100.9634,17.5727],[100.9685,17.5735]]]]}},{"type":"Feature","properties":{"province":"Phitsanulok","district":"MuangPhitsanulok","hasc":"TH.PS.PH"},"geometry":{"type":"MultiPolygon","coordinates":[[[[100.2178,16.6457],[100.2277,16.6639],[100.2174,16.6623],[100.2031,16.6824],[100.2082,16.6873],[100.2034,16.7024],[100.1421,16.7649],[100.1574,16.783],[100.1657,16.7807],[100.1611,16.8034],[100.1684,16.8179],[100.1586,16.8442],[100.1327,16.8606],[100.1367,16.8725],[100.1303,16.8773],[100.1528,16.8784],[100.1505,16.8956],[100.1732,16.9219],[100.1995,16.924],[100.2139,16.9131],[100.2335,16.912],[100.2278,16.9402],[100.2195,16.9411],[100.231,16.9559],[100.3021,16.9269],[100.3254,16.9454],[100.4194,16.9606],[100.4378,16.9736],[100.4482,16.9666],[100.4723,16.9778],[100.4884,16.9762],[100.502,16.9269],[100.4864,16.8979],[100.4596,16.886],[100.4509,16.8725],[100.4357,16.8753],[100.4346,16.867],[100.3725,16.8393],[100.3713,16.823],[100.3489,16.789],[100.3057,16.7963],[100.304,16.7476],[100.3108,16.7328],[100.3027,16.7236],[100.3083,16.7179],[100.3015,16.6969],[100.3056,16.6751],[100.2958,16.6425],[100.2481,16.6356],[100.2178,16.6457]]]]}},{"type":"Feature","properties":{"province":"Phitsanulok","district":"NakhonThai","hasc":"TH.PS.NT"},"geometry":{"type":"MultiPolygon","coordinates":[[[[100.9508,16.7898],[100.9189,16.7904],[100.9047,16.7972],[100.8916,16.8295],[100.8688,16.8299],[100.855,16.8445],[100.8358,16.8432],[100.8306,16.8519],[100.8428,16.8625],[100.8431,16.8737],[100.8202,16.8562],[100.8143,16.8653],[100.8052,16.8622],[100.787,16.8863],[100.7651,16.8746],[100.7087,16.8779],[100.6974,16.8939],[100.7031,16.9033],[100.6729,16.9396],[100.6774,16.9474],[100.6594,16.9811],[100.6503,16.9788],[100.6491,16.995],[100.6002,17.0474],[100.5992,17.0603],[100.6086,17.0719],[100.6044,17.0996],[100.6172,17.1103],[100.6163,17.145],[100.6053,17.1568],[100.6191,17.1622],[100.6063,17.169],[100.6144,17.1734],[100.6126,17.1859],[100.5989,17.1882],[100.6138,17.195],[100.6168,17.2147],[100.6207,17.2072],[100.6435,17.2207],[100.6608,17.2045],[100.6549,17.1858],[100.6686,17.1918],[100.6835,17.1836],[100.714,17.2176],[100.7435,17.2283],[100.7559,17.2416],[100.791,17.3032],[100.8201,17.3285],[100.808,17.3361],[100.8109,17.3462],[100.8042,17.3502],[100.8223,17.4081],[100.8071,17.4118],[100.8008,17.422],[100.8303,17.4498],[100.836,17.4658],[100.8586,17.4493],[100.8777,17.4481],[100.8958,17.4626],[100.9173,17.4491],[100.9163,17.4325],[100.9256,17.4173],[100.9146,17.3751],[100.917,17.34],[100.9562,17.3324],[100.9933,17.3388],[101.0071,17.3322],[101.0132,17.3124],[101.0283,17.3078],[101.0511,17.2812],[101.0843,17.2782],[101.1112,17.2313],[101.1091,17.2149],[101.0784,17.1768],[101.0799,17.1378],[101.0709,17.1147],[101.0639,17.1131],[101.0615,17.0849],[101.052,17.0777],[101.0596,17.0272],[101.0417,16.9886],[101.0521,16.9574],[101.0284,16.9438],[101.0352,16.9304],[101.0718,16.9241],[101.0709,16.9039],[101.0449,16.9011],[101.0329,16.8909],[101.0237,16.8652],[100.9826,16.847],[100.9749,16.8392],[100.981,16.828],[100.9624,16.8281],[100.9552,16.8203],[100.9575,16.7931],[100.9508,16.7898]]]]}},{"type":"Feature","properties":{"province":"Phitsanulok","district":"NoenMaprang","hasc":"TH.PS.NM"},"geometry":{"type":"MultiPolygon","coordinates":[[[[100.7216,16.4175],[100.7087,16.4176],[100.7039,16.4088],[100.704,16.3723],[100.6791,16.3616],[100.6597,16.3295],[100.6124,16.3072],[100.6251,16.3626],[100.6031,16.382],[100.5919,16.4582],[100.5967,16.465],[100.5843,16.4709],[100.5832,16.5184],[100.5976,16.5302],[100.5994,16.5801],[100.5873,16.5933],[100.5562,16.5839],[100.5792,16.6414],[100.5683,16.7018],[100.5576,16.7189],[100.6414,16.7465],[100.7237,16.7523],[100.7514,16.748],[100.7785,16.7237],[100.8496,16.7153],[100.8713,16.6968],[100.8842,16.7033],[100.9046,16.6934],[100.9244,16.7045],[100.9352,16.6917],[100.9318,16.6833],[100.9436,16.6784],[100.9335,16.6786],[100.9247,16.6636],[100.8923,16.667],[100.8666,16.6417],[100.849,16.5901],[100.8593,16.5449],[100.849,16.539],[100.8502,16.5216],[100.8381,16.5204],[100.8346,16.503],[100.8158,16.4929],[100.818,16.481],[100.7955,16.4708],[100.8074,16.4475],[100.7891,16.4471],[100.7729,16.4238],[100.7635,16.4291],[100.7216,16.4175]]]]}},{"type":"Feature","properties":{"province":"Phitsanulok","district":"PhromPhiram","hasc":"TH.PS.PP"},"geometry":{"type":"MultiPolygon","coordinates":[[[[100.1348,16.8845],[100.1155,16.8959],[100.1233,16.9006],[100.1219,16.9094],[100.1107,16.9156],[100.1069,16.9669],[100.0995,16.9717],[100.1096,16.9738],[100.1016,16.976],[100.0959,16.9932],[100.0786,16.9932],[100.0813,17.0011],[100.0707,17.0096],[100.049,17.0099],[100.0177,17.031],[100.0082,17.0541],[99.9988,17.0568],[99.9952,17.0779],[99.9856,17.0813],[99.9668,17.0691],[99.9509,17.0787],[99.9511,17.1127],[99.9645,17.1245],[99.9572,17.1683],[99.9735,17.1632],[99.993,17.1738],[99.9981,17.1853],[100.0318,17.1625],[100.0385,17.1784],[100.074,17.1791],[100.1075,17.1976],[100.16,17.2102],[100.1769,17.1889],[100.2074,17.2053],[100.2258,17.1736],[100.2499,17.1514],[100.2675,17.1585],[100.2942,17.1563],[100.3013,17.1296],[100.3314,17.0809],[100.3244,17.0674],[100.3073,17.0653],[100.2816,17.025],[100.2818,16.9975],[100.2726,16.9813],[100.2821,16.9325],[100.231,16.9559],[100.2195,16.9411],[100.2278,16.9402],[100.2335,16.912],[100.2139,16.9131],[100.1995,16.924],[100.1732,16.9219],[100.1505,16.8956],[100.1528,16.8784],[100.1348,16.8845]]]]}},{"type":"Feature","properties":{"province":"Phitsanulok","district":"WangThong","hasc":"TH.PS.WT"},"geometry":{"type":"MultiPolygon","coordinates":[[[[100.4467,16.615],[100.4259,16.6315],[100.4111,16.6316],[100.4168,16.6423],[100.3806,16.654],[100.3773,16.6619],[100.3673,16.6599],[100.3373,16.6998],[100.3068,16.708],[100.3057,16.7963],[100.3489,16.789],[100.3713,16.823],[100.3725,16.8393],[100.4346,16.867],[100.4357,16.8753],[100.4509,16.8725],[100.4596,16.886],[100.4864,16.8979],[100.4901,16.9152],[100.4984,16.9183],[100.502,16.9277],[100.486,16.9837],[100.4552,17.0142],[100.4596,17.0276],[100.4526,17.0645],[100.4421,17.0771],[100.4635,17.0823],[100.4643,17.1082],[100.4893,17.0883],[100.5108,17.1001],[100.5256,17.0951],[100.5336,17.1081],[100.5649,17.1218],[100.5929,17.1272],[100.5979,17.1218],[100.6151,17.1464],[100.6172,17.1103],[100.6044,17.0996],[100.6086,17.0719],[100.5992,17.0603],[100.6005,17.0462],[100.6491,16.995],[100.6503,16.9788],[100.6594,16.9811],[100.6774,16.9474],[100.6729,16.9396],[100.7031,16.9033],[100.6972,16.8947],[100.7036,16.8825],[100.737,16.8722],[100.7758,16.8765],[100.7879,16.8861],[100.8052,16.8622],[100.8143,16.8653],[100.8202,16.8562],[100.8447,16.8729],[100.8308,16.8511],[100.8366,16.8428],[100.857,16.8439],[100.8688,16.8299],[100.8848,16.8332],[100.898,16.8209],[100.9072,16.7797],[100.8978,16.7697],[100.9024,16.7587],[100.921,16.7552],[100.9155,16.7298],[100.9327,16.7109],[100.906,16.6937],[100.8842,16.7033],[100.8729,16.6965],[100.8455,16.7167],[100.7785,16.7237],[100.7396,16.7514],[100.6414,16.7465],[100.5576,16.7189],[100.5683,16.7018],[100.5792,16.6414],[100.5562,16.5839],[100.5199,16.5668],[100.5114,16.5726],[100.5067,16.5607],[100.4889,16.5522],[100.4732,16.6011],[100.4467,16.615]]]]}},{"type":"Feature","properties":{"province":"Phitsanulok","district":"WatBot","hasc":"TH.PS.WB"},"geometry":{"type":"MultiPolygon","coordinates":[[[[100.3171,16.9399],[100.3021,16.9269],[100.2821,16.9325],[100.2726,16.9827],[100.2818,16.9975],[100.2816,17.025],[100.3073,17.0653],[100.3244,17.0674],[100.331,17.087],[100.313,17.106],[100.2936,17.1569],[100.2499,17.1514],[100.2258,17.1736],[100.2074,17.2053],[100.2543,17.2426],[100.2389,17.3151],[100.2449,17.3503],[100.2899,17.3737],[100.3055,17.3777],[100.3247,17.367],[100.3309,17.385],[100.3738,17.389],[100.3793,17.378],[100.392,17.376],[100.4011,17.3292],[100.4336,17.3112],[100.4244,17.2875],[100.4359,17.2869],[100.4509,17.2629],[100.4468,17.2499],[100.4335,17.243],[100.4428,17.2169],[100.4634,17.1999],[100.4921,17.1966],[100.5075,17.1618],[100.5045,17.1318],[100.5214,17.1083],[100.4893,17.0883],[100.4643,17.1082],[100.4635,17.0823],[100.4421,17.0771],[100.4526,17.0645],[100.4596,17.0276],[100.4552,17.0142],[100.4884,16.9762],[100.4723,16.9778],[100.4482,16.9666],[100.4378,16.9736],[100.4231,16.9617],[100.3883,16.9606],[100.3171,16.9399]]]]}},{"type":"Feature","properties":{"province":"PhraNakhonSiAyutthaya","district":"BanPhraek","hasc":"TH.PA.PK"},"geometry":{"type":"MultiPolygon","coordinates":[[[[100.5834,14.6247],[100.5317,14.619],[100.5041,14.6288],[100.4982,14.6529],[100.511,14.673],[100.5156,14.6603],[100.5501,14.6709],[100.5546,14.6598],[100.5836,14.664],[100.6039,14.6537],[100.5834,14.6247]]]]}},{"type":"Feature","properties":{"province":"PhraNakhonSiAyutthaya","district":"BangBan","hasc":"TH.PA.BB"},"geometry":{"type":"MultiPolygon","coordinates":[[[[100.4381,14.363],[100.4166,14.3731],[100.4147,14.4379],[100.4333,14.4463],[100.4431,14.4362],[100.4613,14.4377],[100.5009,14.4591],[100.5133,14.4373],[100.5049,14.3997],[100.5225,14.3703],[100.5151,14.3294],[100.4994,14.3299],[100.4825,14.3161],[100.4523,14.3223],[100.4328,14.3065],[100.4206,14.3349],[100.4381,14.363]]]]}},{"type":"Feature","properties":{"province":"PhraNakhonSiAyutthaya","district":"BangPa-In","hasc":"TH.PA.PI"},"geometry":{"type":"MultiPolygon","coordinates":[[[[100.6209,14.1379],[100.6189,14.1279],[100.606,14.1335],[100.5829,14.1269],[100.5799,14.1381],[100.5353,14.1627],[100.5241,14.2758],[100.549,14.299],[100.5877,14.3018],[100.5855,14.3193],[100.6136,14.3227],[100.6324,14.3218],[100.6559,14.3038],[100.6707,14.3111],[100.6853,14.2946],[100.678,14.2677],[100.6434,14.2321],[100.6448,14.2105],[100.6156,14.191],[100.6209,14.1379]]]]}},{"type":"Feature","properties":{"province":"PhraNakhonSiAyutthaya","district":"BangPahan","hasc":"TH.PA.PA"},"geometry":{"type":"MultiPolygon","coordinates":[[[[100.5071,14.409],[100.5133,14.4373],[100.5014,14.4552],[100.4965,14.507],[100.5094,14.531],[100.5209,14.5191],[100.5464,14.5228],[100.5699,14.5436],[100.6026,14.5543],[100.6045,14.543],[100.5948,14.537],[100.6013,14.5134],[100.5868,14.486],[100.5648,14.4663],[100.5752,14.465],[100.5979,14.432],[100.5814,14.4263],[100.5762,14.4023],[100.5201,14.4016],[100.5071,14.409]]]]}},{"type":"Feature","properties":{"province":"PhraNakhonSiAyutthaya","district":"BangSai","hasc":"TH.PA.BS"},"geometry":{"type":"MultiPolygon","coordinates":[[[[100.5816,14.126],[100.5495,14.1111],[100.5175,14.1269],[100.4881,14.1118],[100.4551,14.1149],[100.4565,14.1336],[100.44,14.1449],[100.4081,14.214],[100.4389,14.2592],[100.431,14.2999],[100.4489,14.3211],[100.4825,14.3161],[100.4994,14.3299],[100.5107,14.3249],[100.5275,14.2803],[100.5353,14.1627],[100.5799,14.1381],[100.5816,14.126]]],[[[100.2686,14.3565],[100.2681,14.3818],[100.2823,14.4019],[100.3527,14.4023],[100.3589,14.384],[100.3493,14.3785],[100.3341,14.3431],[100.348,14.3304],[100.3459,14.307],[100.3255,14.2971],[100.2757,14.218],[100.2572,14.2139],[100.2443,14.2171],[100.2437,14.2835],[100.2684,14.3244],[100.2686,14.3565]]]]}},{"type":"Feature","properties":{"province":"PhraNakhonSiAyutthaya","district":"LatBuaLuang","hasc":"TH.PA.LB"},"geometry":{"type":"MultiPolygon","coordinates":[[[[100.4154,14.1136],[100.3483,14.1127],[100.3364,14.1262],[100.3001,14.1392],[100.2808,14.1243],[100.2849,14.1689],[100.2475,14.1731],[100.2459,14.2208],[100.2572,14.2139],[100.3521,14.2234],[100.381,14.2133],[100.4081,14.214],[100.44,14.1449],[100.4565,14.1336],[100.4551,14.1149],[100.4154,14.1136]]]]}},{"type":"Feature","properties":{"province":"PhraNakhonSiAyutthaya","district":"MahaRat","hasc":"TH.PA.MR"},"geometry":{"type":"MultiPolygon","coordinates":[[[[100.582,14.589],[100.6046,14.5766],[100.6026,14.5543],[100.5699,14.5436],[100.5464,14.5228],[100.5209,14.5191],[100.5131,14.5331],[100.5037,14.51],[100.4951,14.5077],[100.4927,14.548],[100.4793,14.5644],[100.493,14.5794],[100.4926,14.6077],[100.5041,14.6288],[100.5341,14.6186],[100.5834,14.6247],[100.5766,14.596],[100.582,14.589]]]]}},{"type":"Feature","properties":{"province":"PhraNakhonSiAyutthaya","district":"NakhonLuang","hasc":"TH.PA.NL"},"geometry":{"type":"MultiPolygon","coordinates":[[[[100.5791,14.4164],[100.5814,14.4263],[100.5991,14.4374],[100.5766,14.4552],[100.5752,14.465],[100.5648,14.4663],[100.5868,14.486],[100.6013,14.5134],[100.5948,14.537],[100.6045,14.543],[100.6026,14.5543],[100.6249,14.5533],[100.6253,14.5426],[100.6502,14.5302],[100.6598,14.5069],[100.6901,14.494],[100.6907,14.4812],[100.6823,14.4743],[100.6876,14.4545],[100.6532,14.4331],[100.6611,14.4156],[100.6159,14.3916],[100.5761,14.3968],[100.5791,14.4164]]]]}},{"type":"Feature","properties":{"province":"PhraNakhonSiAyutthaya","district":"Phachi","hasc":"TH.PA.PC"},"geometry":{"type":"MultiPolygon","coordinates":[[[[100.7648,14.4083],[100.7807,14.4089],[100.7826,14.397],[100.798,14.3892],[100.7784,14.3619],[100.7574,14.3761],[100.7488,14.3927],[100.7133,14.3989],[100.7207,14.412],[100.6914,14.4041],[100.6841,14.4108],[100.6676,14.4013],[100.6532,14.4331],[100.6851,14.45],[100.6823,14.4743],[100.6907,14.4812],[100.6901,14.494],[100.728,14.503],[100.7495,14.4853],[100.7667,14.4965],[100.7727,14.4922],[100.766,14.4828],[100.7741,14.4783],[100.7674,14.4766],[100.7714,14.4644],[100.7626,14.4503],[100.7708,14.4333],[100.7648,14.4083]]]]}},{"type":"Feature","properties":{"province":"PhraNakhonSiAyutthaya","district":"PhakHai","hasc":"TH.PA.PH"},"geometry":{"type":"MultiPolygon","coordinates":[[[[100.349,14.4012],[100.2797,14.4042],[100.274,14.428],[100.2494,14.4355],[100.2452,14.4594],[100.2588,14.4895],[100.2791,14.4858],[100.2896,14.4965],[100.3216,14.4877],[100.3894,14.508],[100.4127,14.5067],[100.4189,14.4432],[100.4108,14.4283],[100.4184,14.3976],[100.4012,14.4035],[100.349,14.4012]]]]}},{"type":"Feature","properties":{"province":"PhraNakhonSiAyutthaya","district":"PhraNakhonSiAyutthaya","hasc":"TH.PA.PN"},"geometry":{"type":"MultiPolygon","coordinates":[[[[100.5866,14.3017],[100.549,14.299],[100.5275,14.2803],[100.5082,14.3191],[100.5228,14.3672],[100.5052,14.4037],[100.5715,14.4035],[100.5793,14.3959],[100.6159,14.3916],[100.6162,14.359],[100.6042,14.3552],[100.6044,14.3485],[100.6324,14.3218],[100.5855,14.3193],[100.5866,14.3017]]]]}},{"type":"Feature","properties":{"province":"PhraNakhonSiAyutthaya","district":"Sena","hasc":"TH.PA.SE"},"geometry":{"type":"MultiPolygon","coordinates":[[[[100.2791,14.2263],[100.3255,14.2971],[100.3459,14.307],[100.348,14.3304],[100.3341,14.3431],[100.3493,14.3785],[100.3589,14.384],[100.3546,14.4004],[100.4144,14.4015],[100.4166,14.3731],[100.4422,14.3629],[100.4206,14.3349],[100.4292,14.3254],[100.4389,14.2592],[100.4221,14.2431],[100.4162,14.218],[100.381,14.2133],[100.328,14.2243],[100.2928,14.2156],[100.2757,14.218],[100.2791,14.2263]]]]}},{"type":"Feature","properties":{"province":"PhraNakhonSiAyutthaya","district":"ThaRua","hasc":"TH.PA.TR"},"geometry":{"type":"MultiPolygon","coordinates":[[[[100.6731,14.5002],[100.6598,14.5069],[100.6502,14.5302],[100.6253,14.5426],[100.625,14.5537],[100.6721,14.5534],[100.6756,14.5802],[100.6921,14.5828],[100.702,14.5725],[100.7162,14.5791],[100.7174,14.5703],[100.7312,14.5701],[100.7314,14.5804],[100.7432,14.5687],[100.7839,14.5665],[100.7767,14.5497],[100.7805,14.5304],[100.7494,14.5164],[100.7595,14.4889],[100.7495,14.4853],[100.728,14.503],[100.6948,14.4931],[100.6731,14.5002]]]]}},{"type":"Feature","properties":{"province":"PhraNakhonSiAyutthaya","district":"Uthai","hasc":"TH.PA.UT"},"geometry":{"type":"MultiPolygon","coordinates":[[[[100.7839,14.365],[100.7936,14.3617],[100.7739,14.327],[100.7841,14.3221],[100.7313,14.2963],[100.694,14.3072],[100.6831,14.2985],[100.6707,14.3111],[100.649,14.3054],[100.6044,14.3485],[100.6042,14.3552],[100.6162,14.359],[100.6159,14.3916],[100.6611,14.4156],[100.6676,14.4013],[100.6841,14.4108],[100.6914,14.4041],[100.7207,14.412],[100.7133,14.3989],[100.7488,14.3927],[100.7606,14.3734],[100.7839,14.365]]]]}},{"type":"Feature","properties":{"province":"PhraNakhonSiAyutthaya","district":"WangNoi","hasc":"TH.PA.WN"},"geometry":{"type":"MultiPolygon","coordinates":[[[[100.6463,14.1547],[100.6219,14.1418],[100.6156,14.191],[100.6448,14.2105],[100.6434,14.2321],[100.678,14.2677],[100.6902,14.3056],[100.7313,14.2963],[100.7841,14.3221],[100.8229,14.3283],[100.8253,14.2426],[100.6463,14.1547]]]]}},{"type":"Feature","properties":{"province":"Phrae","district":"DenChai","hasc":"TH.PR.DC"},"geometry":{"type":"MultiPolygon","coordinates":[[[[100.0009,17.8313],[99.9886,17.8325],[99.9948,17.8104],[99.9817,17.7982],[99.965,17.7968],[99.9591,17.7782],[99.9385,17.7811],[99.896,17.8073],[99.9131,17.8209],[99.9105,17.8391],[99.9373,17.8522],[99.9074,17.8821],[99.8946,17.8771],[99.8777,17.8958],[99.8786,17.9235],[99.894,17.9328],[99.8862,17.9397],[99.936,17.9751],[99.9699,18.0199],[99.9737,18.0417],[100.0076,18.044],[100.0195,18.0326],[100.1146,18.0126],[100.1221,18.0004],[100.1443,17.9917],[100.1502,17.9765],[100.131,17.9563],[100.1307,17.9366],[100.18,17.9147],[100.1894,17.9017],[100.1618,17.8878],[100.1304,17.8551],[100.0592,17.8318],[100.047,17.8458],[100.0009,17.8313]]]]}},{"type":"Feature","properties":{"province":"Phrae","district":"Long","hasc":"TH.PR.LO"},"geometry":{"type":"MultiPolygon","coordinates":[[[[99.8043,17.925],[99.7663,17.9266],[99.6847,17.9039],[99.6575,17.936],[99.669,17.9507],[99.6646,17.9534],[99.6777,17.9561],[99.6906,18.0065],[99.67,18.0401],[99.6934,18.0543],[99.6913,18.0628],[99.7208,18.0678],[99.7407,18.1069],[99.7624,18.1203],[99.7553,18.1393],[99.8005,18.1983],[99.8086,18.2212],[99.8229,18.2361],[99.8346,18.2345],[99.8521,18.2543],[99.8595,18.2821],[99.909,18.2791],[99.9379,18.3267],[99.9409,18.3492],[99.9523,18.354],[99.9564,18.3739],[99.9703,18.3831],[99.9677,18.3918],[99.989,18.3903],[99.9991,18.4015],[100.0264,18.3836],[100.0403,18.3855],[100.0376,18.3633],[100.0652,18.3603],[100.0602,18.3486],[100.0778,18.347],[100.0742,18.3304],[100.0847,18.3199],[100.0774,18.3077],[100.0927,18.2847],[100.0871,18.2518],[100.0791,18.2532],[100.073,18.2431],[100.0779,18.234],[100.0648,18.2088],[100.0588,18.171],[100.0382,18.1392],[100.0163,18.1271],[100.012,18.1139],[99.9795,18.0866],[99.9699,18.0199],[99.936,17.9751],[99.887,17.9407],[99.894,17.9328],[99.8786,17.9235],[99.8676,17.9374],[99.8371,17.9222],[99.8043,17.925]]]]}},{"type":"Feature","properties":{"province":"Phrae","district":"MuangPhrae","hasc":"TH.PR.PH"},"geometry":{"type":"MultiPolygon","coordinates":[[[[100.3438,17.8929],[100.3278,17.89],[100.3086,17.9309],[100.2896,17.9345],[100.2875,17.9479],[100.2725,17.9544],[100.262,17.9768],[100.2314,17.9812],[100.2219,18.0034],[100.2273,18.0086],[100.219,18.0158],[100.2408,18.0263],[100.2048,18.0671],[100.1873,18.0697],[100.1719,18.0995],[100.1185,18.1248],[100.0816,18.1172],[100.0378,18.146],[100.0588,18.171],[100.0648,18.2088],[100.0779,18.234],[100.073,18.2431],[100.0791,18.2532],[100.0871,18.2518],[100.0871,18.2601],[100.1075,18.2586],[100.1658,18.2309],[100.169,18.2449],[100.178,18.245],[100.1824,18.2313],[100.2054,18.2566],[100.2304,18.2667],[100.2453,18.2681],[100.2628,18.2533],[100.2734,18.2586],[100.2778,18.2497],[100.2706,18.2238],[100.2961,18.183],[100.3367,18.1568],[100.3546,18.1569],[100.3991,18.1343],[100.3934,18.1157],[100.4015,18.0976],[100.3974,18.0845],[100.4114,18.0738],[100.4049,18.0632],[100.4185,18.0267],[100.4158,18.0202],[100.3939,18.0198],[100.3518,17.9816],[100.3612,17.9246],[100.3492,17.9134],[100.3438,17.8929]]]]}},{"type":"Feature","properties":{"province":"Phrae","district":"NongMuangKai","hasc":"TH.PR.NM"},"geometry":{"type":"MultiPolygon","coordinates":[[[[100.0868,18.2628],[100.0924,18.2867],[100.0774,18.3077],[100.0847,18.3199],[100.0743,18.3369],[100.0805,18.3522],[100.0986,18.3578],[100.1089,18.3473],[100.159,18.343],[100.1644,18.3197],[100.1557,18.3132],[100.1695,18.3109],[100.1614,18.2966],[100.1777,18.288],[100.1867,18.2961],[100.191,18.2787],[100.1988,18.2775],[100.2064,18.2988],[100.2179,18.2832],[100.2586,18.2892],[100.2721,18.2672],[100.2628,18.2533],[100.2453,18.2681],[100.2304,18.2667],[100.2054,18.2566],[100.1824,18.2313],[100.178,18.245],[100.169,18.2449],[100.1658,18.2309],[100.0868,18.2628]]]]}},{"type":"Feature","properties":{"province":"Phrae","district":"RongKwang","hasc":"TH.PR.RK"},"geometry":{"type":"MultiPolygon","coordinates":[[[[100.4721,18.2471],[100.4557,18.2128],[100.4613,18.1923],[100.4432,18.1523],[100.4198,18.154],[100.3977,18.1338],[100.3546,18.1569],[100.3367,18.1568],[100.2976,18.1817],[100.277,18.2062],[100.2703,18.2252],[100.2779,18.2518],[100.2682,18.2558],[100.2721,18.2672],[100.2586,18.2892],[100.2179,18.2832],[100.2064,18.2988],[100.216,18.3511],[100.2088,18.3701],[100.2714,18.4517],[100.2989,18.4506],[100.3218,18.4654],[100.3418,18.4519],[100.3447,18.4415],[100.3965,18.4181],[100.3928,18.4363],[100.413,18.4415],[100.4226,18.4573],[100.4017,18.4842],[100.417,18.4806],[100.4245,18.4942],[100.4375,18.4986],[100.4456,18.4887],[100.4492,18.4945],[100.4783,18.4934],[100.4839,18.4805],[100.5081,18.4715],[100.5433,18.4878],[100.5523,18.4144],[100.5384,18.3889],[100.5152,18.3864],[100.4992,18.3512],[100.4829,18.3484],[100.4948,18.3369],[100.4818,18.3166],[100.4848,18.2903],[100.4958,18.278],[100.4793,18.2651],[100.4721,18.2471]]]]}},{"type":"Feature","properties":{"province":"Phrae","district":"Song","hasc":"TH.PR.SO"},"geometry":{"type":"MultiPolygon","coordinates":[[[[100.196,18.2783],[100.1875,18.2822],[100.1861,18.2965],[100.1777,18.288],[100.1614,18.2966],[100.1695,18.3109],[100.1557,18.3132],[100.1644,18.3197],[100.159,18.343],[100.1089,18.3473],[100.0994,18.3578],[100.0771,18.3468],[100.0613,18.348],[100.0652,18.3603],[100.0376,18.3633],[100.0403,18.3855],[100.0264,18.3836],[100.0017,18.3994],[100.0157,18.4353],[100.0058,18.4432],[100.0229,18.446],[100.0257,18.4677],[100.0508,18.4954],[100.0572,18.5554],[100.0775,18.5589],[100.0923,18.5711],[100.1101,18.5599],[100.1118,18.5881],[100.1219,18.5999],[100.1014,18.6275],[100.113,18.6697],[100.0984,18.7275],[100.1028,18.7495],[100.1273,18.7826],[100.1171,18.7985],[100.1194,18.8176],[100.1358,18.8154],[100.1587,18.8325],[100.1736,18.8227],[100.1872,18.8288],[100.1979,18.8124],[100.2283,18.8235],[100.3046,18.8166],[100.3131,18.809],[100.3398,18.8116],[100.3389,18.7855],[100.3645,18.7748],[100.36,18.7495],[100.3925,18.7404],[100.3902,18.7252],[100.3651,18.7056],[100.3538,18.6782],[100.3637,18.6425],[100.3936,18.6369],[100.3983,18.6256],[100.3833,18.6205],[100.3723,18.5644],[100.3894,18.5565],[100.3976,18.5253],[100.3889,18.5097],[100.4226,18.4573],[100.413,18.4415],[100.3928,18.4363],[100.3944,18.4179],[100.377,18.4323],[100.3447,18.4415],[100.3418,18.4519],[100.3218,18.4654],[100.2989,18.4506],[100.2714,18.4517],[100.2088,18.3701],[100.216,18.3511],[100.2095,18.3241],[100.2144,18.3194],[100.196,18.2783]]]]}},{"type":"Feature","properties":{"province":"Phrae","district":"SungMen","hasc":"TH.PR.SM"},"geometry":{"type":"MultiPolygon","coordinates":[[[[100.1887,17.9064],[100.1307,17.9366],[100.131,17.9563],[100.15,17.9778],[100.1443,17.9917],[100.1221,18.0004],[100.1153,18.0123],[100.0195,18.0326],[100.0076,18.044],[99.9746,18.0425],[99.9795,18.0866],[100.012,18.1139],[100.0163,18.1271],[100.0382,18.1392],[100.0378,18.146],[100.0816,18.1172],[100.1185,18.1248],[100.1719,18.0995],[100.1873,18.0697],[100.2048,18.0671],[100.2408,18.0263],[100.219,18.0158],[100.2273,18.0086],[100.2219,18.0034],[100.2304,17.9828],[100.262,17.9768],[100.2736,17.9539],[100.2449,17.9586],[100.2269,17.9467],[100.2162,17.919],[100.1963,17.9041],[100.1887,17.9064]]]]}},{"type":"Feature","properties":{"province":"Phrae","district":"WangChin","hasc":"TH.PR.WC"},"geometry":{"type":"MultiPolygon","coordinates":[[[[99.8796,17.9216],[99.8777,17.8958],[99.8946,17.8771],[99.9074,17.8821],[99.9377,17.8502],[99.9105,17.8391],[99.9131,17.8209],[99.8984,17.8051],[99.8384,17.7955],[99.8329,17.8019],[99.8084,17.8014],[99.7794,17.787],[99.7785,17.7759],[99.7524,17.7513],[99.7543,17.7382],[99.7374,17.7209],[99.7176,17.7274],[99.7086,17.7552],[99.6926,17.757],[99.6713,17.7989],[99.6513,17.7942],[99.6307,17.8132],[99.6003,17.8198],[99.5448,17.8087],[99.5209,17.7957],[99.5165,17.7805],[99.5029,17.7755],[99.483,17.7432],[99.4652,17.7345],[99.4574,17.7138],[99.444,17.7049],[99.4182,17.7042],[99.4005,17.7348],[99.3818,17.7425],[99.3867,17.7537],[99.3682,17.772],[99.3869,17.7879],[99.3954,17.8141],[99.4139,17.8236],[99.423,17.8486],[99.477,17.8927],[99.4847,17.9188],[99.5952,18.0063],[99.5871,18.0335],[99.6203,18.0469],[99.632,18.0603],[99.6519,18.0548],[99.6591,18.0384],[99.67,18.0401],[99.6893,18.0148],[99.6777,17.9561],[99.6646,17.9534],[99.669,17.9507],[99.6575,17.936],[99.6847,17.9039],[99.7881,17.9298],[99.7932,17.9226],[99.8123,17.9278],[99.8371,17.9222],[99.8579,17.9371],[99.8702,17.9365],[99.8796,17.9216]]]]}},{"type":"Feature","properties":{"province":"Phuket","district":"Kathu","hasc":"TH.PU.KA"},"geometry":{"type":"MultiPolygon","coordinates":[[[[98.3097,7.8744],[98.2923,7.8721],[98.2611,7.8858],[98.2646,7.8925],[98.2892,7.886],[98.2958,7.8984],[98.2931,7.9127],[98.2734,7.9247],[98.2625,7.9228],[98.2581,7.9353],[98.2626,7.949],[98.2815,7.9523],[98.2822,7.9711],[98.3121,7.9611],[98.3164,7.9446],[98.3329,7.9492],[98.3552,7.9351],[98.3667,7.936],[98.3597,7.9041],[98.3417,7.8772],[98.3097,7.8744]]]]}},{"type":"Feature","properties":{"province":"Phuket","district":"MuangPhuket","hasc":"TH.PU.PH"},"geometry":{"type":"MultiPolygon","coordinates":[[[[98.3196,7.4834],[98.3051,7.4613],[98.3125,7.4817],[98.3196,7.4834]]],[[[98.3344,7.52],[98.3197,7.4889],[98.3165,7.5011],[98.3344,7.52]]],[[[98.2955,7.7339],[98.2962,7.737],[98.2987,7.7372],[98.2988,7.7342],[98.2955,7.7339]]],[[[98.3005,7.7431],[98.2999,7.7481],[98.3018,7.7491],[98.3041,7.7452],[98.3005,7.7431]]],[[[98.3793,7.6124],[98.3636,7.5879],[98.3561,7.5891],[98.355,7.6025],[98.3678,7.6078],[98.3638,7.6143],[98.3793,7.6124]]],[[[98.3708,7.7463],[98.3861,7.7447],[98.3828,7.7395],[98.358,7.7352],[98.3708,7.7463]]],[[[98.4006,7.7647],[98.4,7.7622],[98.3958,7.7603],[98.3925,7.7561],[98.3897,7.7569],[98.3917,7.7608],[98.3994,7.7664],[98.4006,7.7647]]],[[[98.3722,7.7953],[98.3828,7.7938],[98.3894,7.7797],[98.3629,7.7797],[98.3546,7.7872],[98.3722,7.7953]]],[[[98.331,7.752],[98.328,7.7534],[98.3307,7.7593],[98.3356,7.7632],[98.3344,7.7547],[98.331,7.752]]],[[[98.3002,7.7639],[98.2977,7.7645],[98.2995,7.7667],[98.3026,7.7666],[98.3029,7.7647],[98.3002,7.7639]]],[[[98.3451,7.8193],[98.3334,7.7885],[98.3393,7.7797],[98.3188,7.7695],[98.3149,7.7589],[98.3025,7.7583],[98.306,7.7757],[98.289,7.7754],[98.2847,7.7882],[98.2989,7.8054],[98.2981,7.8191],[98.2892,7.8244],[98.2908,7.8553],[98.2729,7.8678],[98.2728,7.8777],[98.3391,7.8752],[98.3616,7.9105],[98.3667,7.936],[98.3552,7.9351],[98.3497,7.9448],[98.3586,7.9601],[98.3711,7.9703],[98.3958,7.9703],[98.3983,7.9453],[98.4136,7.9267],[98.4194,7.8978],[98.4289,7.8948],[98.4316,7.9108],[98.4411,7.9147],[98.4384,7.8933],[98.4451,7.8835],[98.431,7.8771],[98.4379,7.8653],[98.4254,7.8744],[98.4169,7.8692],[98.4142,7.8864],[98.415,7.8719],[98.4098,7.8775],[98.3986,7.8705],[98.4023,7.8625],[98.3933,7.85],[98.3977,7.8393],[98.4104,7.8367],[98.4014,7.8246],[98.4105,7.7989],[98.3959,7.8138],[98.3889,7.8047],[98.3756,7.8394],[98.3451,7.8193]]],[[[98.285,7.8192],[98.285,7.8205],[98.2877,7.8207],[98.2861,7.8181],[98.285,7.8192]]],[[[98.6153,7.7467],[98.6162,7.7455],[98.6145,7.7443],[98.6125,7.7472],[98.6136,7.7483],[98.6153,7.7467]]],[[[98.4808,7.7641],[98.4754,7.7504],[98.4756,7.7656],[98.4816,7.7707],[98.4808,7.7641]]],[[[98.5297,7.7983],[98.5314,7.7986],[98.5306,7.7961],[98.5294,7.7972],[98.5297,7.7983]]],[[[98.4184,7.8305],[98.4168,7.824],[98.4096,7.8288],[98.4184,7.8305]]],[[[98.4222,7.8332],[98.4229,7.8358],[98.424,7.8366],[98.425,7.8318],[98.4236,7.8308],[98.4222,7.8332]]],[[[98.425,7.9003],[98.425,7.8992],[98.4233,7.8986],[98.4236,7.8997],[98.425,7.9003]]],[[[98.4393,7.9381],[98.4317,7.9261],[98.4158,7.9293],[98.414,7.9374],[98.4348,7.946],[98.4393,7.9381]]],[[[98.4522,7.9549],[98.4531,7.9557],[98.4539,7.9544],[98.4526,7.9513],[98.4494,7.9515],[98.4453,7.9549],[98.4455,7.9593],[98.4488,7.9612],[98.45,7.959],[98.4491,7.9557],[98.4512,7.9538],[98.4522,7.9549]]],[[[98.4506,7.9637],[98.4514,7.9655],[98.4532,7.9664],[98.4524,7.9635],[98.4506,7.9637]]],[[[98.4001,7.9586],[98.3971,7.9586],[98.3963,7.9603],[98.3996,7.9603],[98.4001,7.9586]]]]}},{"type":"Feature","properties":{"province":"Phuket","district":"Thalang","hasc":"TH.PU.TH"},"geometry":{"type":"MultiPolygon","coordinates":[[[[98.3996,7.9745],[98.4002,7.9736],[98.4002,7.9725],[98.3977,7.9744],[98.3979,7.9756],[98.3996,7.9745]]],[[[98.3143,7.9497],[98.3066,7.965],[98.2773,7.9693],[98.2699,7.9863],[98.2866,7.9858],[98.2925,8.0027],[98.288,8.0295],[98.272,8.038],[98.2778,8.0582],[98.2707,8.0748],[98.2966,8.0884],[98.3019,8.1096],[98.2866,8.1999],[98.3017,8.198],[98.3099,8.1868],[98.305,8.1803],[98.3138,8.1871],[98.3376,8.1721],[98.348,8.1422],[98.3466,8.1197],[98.3542,8.1233],[98.3515,8.1111],[98.3564,8.1072],[98.3551,8.1125],[98.3734,8.119],[98.3754,8.0994],[98.3964,8.0789],[98.417,8.0858],[98.4246,8.1007],[98.4335,8.0987],[98.4398,8.0927],[98.4351,8.0752],[98.4436,8.0702],[98.4303,8.0564],[98.4314,8.0393],[98.4166,8.0493],[98.4215,8.0425],[98.4109,8.0258],[98.4108,8.0026],[98.4243,7.9845],[98.4075,7.99],[98.3952,7.9826],[98.3943,7.9688],[98.3646,7.9668],[98.3476,7.9423],[98.3143,7.9497]]],[[[98.4603,8.0236],[98.4586,8.0312],[98.4597,8.0326],[98.4619,8.0297],[98.4609,8.0222],[98.4603,8.0236]]],[[[98.4687,8.0565],[98.4689,8.0385],[98.4575,8.0546],[98.465,8.0619],[98.4687,8.0565]]],[[[98.4505,8.0589],[98.4494,8.0559],[98.448,8.0578],[98.4442,8.0575],[98.4428,8.06],[98.4448,8.0628],[98.4494,8.0641],[98.4505,8.0627],[98.4486,8.0594],[98.4505,8.0589]]],[[[98.4568,8.0944],[98.457,8.0953],[98.4587,8.0951],[98.4583,8.0937],[98.4568,8.0944]]],[[[98.4225,8.1147],[98.4236,8.1183],[98.4244,8.1189],[98.4239,8.1148],[98.4225,8.1147]]],[[[98.405,8.1064],[98.3994,8.1039],[98.3987,8.1051],[98.4013,8.1076],[98.404,8.1079],[98.405,8.1064]]]]}},{"type":"Feature","properties":{"province":"PrachinBuri","district":"BanSang","hasc":"TH.PB.BS"},"geometry":{"type":"MultiPolygon","coordinates":[[[[101.2509,13.8646],[101.2456,13.8761],[101.2222,13.8841],[101.2222,13.8751],[101.2023,13.8768],[101.1758,13.8565],[101.15,13.8513],[101.1617,13.8611],[101.1458,13.8694],[101.1404,13.8815],[101.1444,13.8861],[101.1535,13.8785],[101.1625,13.889],[101.1609,13.8946],[101.1519,13.8874],[101.1473,13.8917],[101.1561,13.8958],[101.1533,13.9104],[101.1617,13.931],[101.1534,13.9298],[101.1491,13.96],[101.1387,13.9663],[101.1401,13.9981],[101.1977,14.013],[101.1949,14.0225],[101.2012,14.0229],[101.2043,14.0436],[101.215,14.0542],[101.2668,14.0607],[101.2851,14.0499],[101.2865,14.0112],[101.3126,13.9999],[101.3181,13.978],[101.3469,13.974],[101.3525,13.9087],[101.3859,13.877],[101.3698,13.8622],[101.3516,13.8684],[101.3443,13.8579],[101.3371,13.8684],[101.2798,13.8771],[101.2509,13.8646]]]]}},{"type":"Feature","properties":{"province":"PrachinBuri","district":"KabinBuri","hasc":"TH.PB.KB"},"geometry":{"type":"MultiPolygon","coordinates":[[[[101.9125,13.5853],[101.892,13.5811],[101.8723,13.6046],[101.8647,13.6283],[101.8381,13.6368],[101.8383,13.6965],[101.8233,13.7046],[101.8007,13.6941],[101.7919,13.7202],[101.7981,13.7389],[101.7889,13.7531],[101.7906,13.7682],[101.7508,13.8108],[101.7329,13.7951],[101.702,13.7904],[101.6978,13.7694],[101.6296,13.807],[101.6137,13.8252],[101.6136,13.8467],[101.6267,13.8516],[101.6283,13.9048],[101.6169,13.9096],[101.5987,13.9395],[101.598,13.9678],[101.6134,13.9736],[101.5987,13.9884],[101.6085,13.9966],[101.5954,14.0132],[101.6134,14.0504],[101.6395,14.0728],[101.66,14.1174],[101.6835,14.0954],[101.7042,14.1003],[101.7269,14.0795],[101.7535,14.0855],[101.7446,14.0787],[101.756,14.0654],[101.7449,14.0534],[101.7556,14.0335],[101.7646,14.0344],[101.7698,14.0452],[101.7864,14.047],[101.7968,14.075],[101.8495,14.112],[101.8736,14.1114],[101.8966,14.0755],[101.8979,14.0444],[101.9441,14.0384],[101.9624,14.023],[101.9413,14.0153],[101.9359,14.0034],[101.9391,13.958],[101.9526,13.933],[101.9136,13.934],[101.9063,13.9063],[101.906,13.881],[101.93,13.8529],[101.922,13.8316],[101.9267,13.8143],[101.9448,13.8087],[101.9489,13.8001],[101.9436,13.7642],[101.9203,13.7523],[101.9431,13.7365],[101.9391,13.7092],[101.9495,13.6687],[101.9425,13.649],[101.956,13.6226],[101.9535,13.6177],[101.9467,13.623],[101.9479,13.6061],[101.9399,13.6071],[101.9396,13.6],[101.9134,13.6053],[101.9125,13.5853]]]]}},{"type":"Feature","properties":{"province":"PrachinBuri","district":"MuangPrachinBuri","hasc":"TH.PB.PB"},"geometry":{"type":"MultiPolygon","coordinates":[[[[101.285,14.0496],[101.3049,14.0715],[101.3131,14.0645],[101.3232,14.0748],[101.3091,14.0964],[101.3094,14.1114],[101.2881,14.1317],[101.2919,14.1521],[101.3308,14.1749],[101.3474,14.1965],[101.3745,14.2041],[101.3859,14.2268],[101.3801,14.2369],[101.3829,14.2708],[101.3966,14.2721],[101.4163,14.2517],[101.4421,14.2521],[101.4392,14.2263],[101.4248,14.2024],[101.458,14.1864],[101.4723,14.1617],[101.4711,14.1429],[101.4903,14.1237],[101.4966,14.0978],[101.4859,14.0786],[101.4895,14.0573],[101.4643,14.0547],[101.454,14.0366],[101.4591,14.0315],[101.4469,14.0345],[101.4649,14.0079],[101.4552,13.9996],[101.3965,13.9926],[101.4003,13.9831],[101.3896,13.9793],[101.388,13.9464],[101.3807,13.947],[101.3743,13.9559],[101.3526,13.9581],[101.3439,13.9777],[101.3178,13.9782],[101.3126,13.9999],[101.2865,14.0112],[101.285,14.0496]]]]}},{"type":"Feature","properties":{"province":"PrachinBuri","district":"NaDi","hasc":"TH.PB.ND"},"geometry":{"type":"MultiPolygon","coordinates":[[[[101.977,14.2301],[101.9689,14.2266],[102.036,14.1957],[102.0701,14.165],[102.1082,14.1496],[102.1008,14.1022],[102.0856,14.0866],[102.0487,14.0751],[102.0414,14.0628],[102.0426,14.0389],[101.9626,14.0217],[101.9441,14.0384],[101.8988,14.0438],[101.8967,14.0753],[101.8843,14.0992],[101.8623,14.1132],[101.8498,14.1122],[101.7968,14.075],[101.7865,14.0471],[101.7553,14.0335],[101.7449,14.0534],[101.756,14.0654],[101.7446,14.0787],[101.7535,14.0855],[101.7276,14.0793],[101.7042,14.1003],[101.6835,14.0954],[101.6523,14.1249],[101.6382,14.1512],[101.6754,14.1957],[101.6724,14.2356],[101.6643,14.245],[101.6836,14.2819],[101.676,14.2916],[101.6811,14.298],[101.6645,14.3089],[101.658,14.3016],[101.6535,14.3089],[101.6587,14.3236],[101.6485,14.3342],[101.6536,14.3532],[101.6432,14.358],[101.6422,14.3752],[101.6564,14.3907],[101.7427,14.3064],[101.752,14.3234],[101.7507,14.3473],[101.7637,14.3423],[101.79,14.3581],[101.8148,14.3468],[101.8422,14.3646],[101.8406,14.3511],[101.8908,14.3177],[101.8962,14.3289],[101.9243,14.3296],[101.9486,14.3008],[101.9615,14.3179],[101.9966,14.3122],[102.0007,14.2881],[101.9848,14.2824],[101.9732,14.2588],[101.9525,14.2522],[101.9921,14.2395],[101.977,14.2301]]]]}},{"type":"Feature","properties":{"province":"PrachinBuri","district":"Prachantakham","hasc":"TH.PB.PR"},"geometry":{"type":"MultiPolygon","coordinates":[[[[101.5423,13.9942],[101.4555,14.0142],[101.4469,14.0345],[101.4591,14.0315],[101.454,14.0366],[101.4643,14.0547],[101.4895,14.0573],[101.4859,14.0786],[101.4966,14.0978],[101.4903,14.1237],[101.4711,14.1429],[101.4723,14.1617],[101.458,14.1864],[101.4247,14.2027],[101.4392,14.2263],[101.4404,14.2533],[101.4825,14.2659],[101.4938,14.2609],[101.5003,14.268],[101.5063,14.3077],[101.4982,14.3167],[101.4983,14.3332],[101.4769,14.3642],[101.4338,14.3884],[101.4487,14.4202],[101.4377,14.4444],[101.4854,14.4619],[101.5107,14.4336],[101.5357,14.4233],[101.5491,14.4344],[101.5921,14.4374],[101.6235,14.4264],[101.6217,14.4144],[101.6506,14.4007],[101.6416,14.3721],[101.6434,14.3577],[101.6536,14.3532],[101.6485,14.3345],[101.6587,14.3233],[101.6535,14.3089],[101.658,14.3016],[101.6645,14.3089],[101.6811,14.298],[101.676,14.2916],[101.6836,14.2819],[101.6643,14.245],[101.6724,14.2356],[101.6754,14.1957],[101.6381,14.1529],[101.6596,14.1145],[101.6395,14.0728],[101.6134,14.0504],[101.5969,14.0178],[101.6085,13.9959],[101.5819,13.9799],[101.5517,13.984],[101.5423,13.9942]]]]}},{"type":"Feature","properties":{"province":"PrachinBuri","district":"SiMahosot","hasc":"TH.PB.SM"},"geometry":{"type":"MultiPolygon","coordinates":[[[[101.4594,13.8247],[101.3822,13.847],[101.3857,13.8801],[101.3578,13.8982],[101.3485,13.9226],[101.3528,13.9578],[101.3743,13.9559],[101.3889,13.9454],[101.4208,13.9501],[101.4324,13.9401],[101.4434,13.8792],[101.4974,13.8442],[101.5399,13.7854],[101.5287,13.775],[101.5252,13.7872],[101.4594,13.8247]]]]}},{"type":"Feature","properties":{"province":"PrachinBuri","district":"SriMaharPho","hasc":"TH.PB.SP"},"geometry":{"type":"MultiPolygon","coordinates":[[[[101.5929,13.7349],[101.5612,13.7686],[101.5541,13.7941],[101.5409,13.7844],[101.4974,13.8442],[101.4438,13.8786],[101.4314,13.9415],[101.4215,13.9501],[101.3883,13.9457],[101.3896,13.9793],[101.4003,13.9831],[101.3965,13.9926],[101.4552,13.9996],[101.4771,14.0116],[101.5267,13.9931],[101.5382,13.9964],[101.5517,13.984],[101.5823,13.9799],[101.5987,13.9884],[101.6099,13.9807],[101.6117,13.9703],[101.598,13.9678],[101.5986,13.9398],[101.6169,13.9096],[101.6283,13.9048],[101.6267,13.8516],[101.6136,13.8467],[101.6137,13.8252],[101.6296,13.807],[101.6978,13.7694],[101.6837,13.7627],[101.6684,13.7361],[101.6426,13.7457],[101.5929,13.7349]]]]}},{"type":"Feature","properties":{"province":"PrachuapKhiriKhan","district":"BangSaphan","hasc":"TH.PK.BS"},"geometry":{"type":"MultiPolygon","coordinates":[[[[99.5798,11.2159],[99.578,11.2182],[99.5786,11.2193],[99.5813,11.2169],[99.5798,11.2159]]],[[[99.55,11.2783],[99.56,11.2344],[99.5822,11.2122],[99.5839,11.2002],[99.5792,11.2069],[99.5792,11.1953],[99.5659,11.1835],[99.5594,11.1914],[99.5678,11.2103],[99.5642,11.2022],[99.5453,11.2081],[99.5222,11.2022],[99.4956,11.1628],[99.4861,11.1269],[99.4363,11.1243],[99.4075,11.1586],[99.38,11.1611],[99.3345,11.1482],[99.2901,11.193],[99.3079,11.2165],[99.3101,11.2333],[99.2963,11.2482],[99.3269,11.2866],[99.3125,11.3167],[99.3282,11.3362],[99.3431,11.3327],[99.3445,11.3475],[99.3654,11.3709],[99.4024,11.3884],[99.3981,11.3994],[99.4055,11.4063],[99.3969,11.4389],[99.4021,11.4428],[99.3948,11.4609],[99.4102,11.4627],[99.4217,11.4805],[99.443,11.4783],[99.4308,11.4531],[99.4374,11.4456],[99.4634,11.4385],[99.4876,11.4513],[99.5053,11.4395],[99.5105,11.4261],[99.5982,11.4026],[99.5808,11.3575],[99.5736,11.3586],[99.5608,11.3381],[99.55,11.2783]]]]}},{"type":"Feature","properties":{"province":"PrachuapKhiriKhan","district":"BangSaphanNoi","hasc":"TH.PK.BN"},"geometry":{"type":"MultiPolygon","coordinates":[[[[99.4933,11.08],[99.5017,10.9883],[99.4701,10.992],[99.4089,10.955],[99.3822,10.9614],[99.3753,10.972],[99.3459,10.975],[99.3352,10.9651],[99.2909,10.969],[99.2802,10.9573],[99.2372,10.9792],[99.202,10.9859],[99.1996,10.9966],[99.1825,10.9966],[99.1475,11.0156],[99.1512,11.0324],[99.172,11.0429],[99.1716,11.0542],[99.18,11.0592],[99.1792,11.0814],[99.2249,11.1079],[99.2249,11.1414],[99.2434,11.1548],[99.2697,11.2034],[99.2813,11.1903],[99.2901,11.193],[99.3345,11.1482],[99.38,11.1611],[99.4075,11.1586],[99.4363,11.1243],[99.4861,11.1269],[99.4908,11.0914],[99.4815,11.0845],[99.4928,11.0861],[99.4933,11.08]]],[[[99.5589,11.0695],[99.5447,11.0679],[99.5632,11.0857],[99.5589,11.0695]]],[[[99.4846,11.0865],[99.4871,11.0876],[99.4902,11.0867],[99.4857,11.0857],[99.4846,11.0865]]]]}},{"type":"Feature","properties":{"province":"PrachuapKhiriKhan","district":"HuaHin","hasc":"TH.PK.HH"},"geometry":{"type":"MultiPolygon","coordinates":[[[[99.4036,12.4615],[99.4065,12.4798],[99.4263,12.4904],[99.4186,12.5245],[99.4222,12.5508],[99.434,12.5564],[99.4318,12.5713],[99.4398,12.5824],[99.4541,12.5786],[99.4887,12.59],[99.5218,12.5607],[99.5405,12.5771],[99.5788,12.5785],[99.5943,12.5477],[99.6203,12.5416],[99.6288,12.5986],[99.6144,12.6124],[99.6148,12.6361],[99.6198,12.6512],[99.6289,12.6524],[99.6463,12.636],[99.6932,12.6507],[99.7181,12.65],[99.7386,12.6339],[99.738,12.6234],[99.7502,12.6281],[99.7484,12.6069],[99.7596,12.5826],[99.8261,12.6296],[99.8835,12.6206],[99.9056,12.6356],[99.9229,12.6231],[99.9259,12.63],[99.9556,12.6326],[99.9561,12.5839],[99.9756,12.5214],[99.9849,12.5138],[99.9743,12.4993],[99.9814,12.4538],[99.854,12.4544],[99.8187,12.4665],[99.8003,12.4893],[99.7959,12.4806],[99.8034,12.4653],[99.789,12.4696],[99.7892,12.4483],[99.7788,12.4385],[99.7624,12.4411],[99.7688,12.4293],[99.7515,12.4202],[99.7397,12.4404],[99.7064,12.4482],[99.6962,12.4595],[99.6685,12.4546],[99.6435,12.4311],[99.641,12.415],[99.6231,12.4096],[99.6058,12.4122],[99.5893,12.4255],[99.5907,12.4368],[99.5626,12.4392],[99.5561,12.4512],[99.5451,12.449],[99.5361,12.4585],[99.5184,12.4534],[99.4917,12.4683],[99.4372,12.4709],[99.4036,12.4615]]]]}},{"type":"Feature","properties":{"province":"PrachuapKhiriKhan","district":"K.SamRoiYot","hasc":"TH.PK.SR"},"geometry":{"type":"MultiPolygon","coordinates":[[[[100.0253,12.1994],[100.0264,12.2006],[100.0272,12.2006],[100.0261,12.1983],[100.0253,12.1994]]],[[[100.0303,12.205],[100.027,12.202],[100.0284,12.2042],[100.0271,12.2069],[100.0309,12.2109],[100.0322,12.2094],[100.0303,12.205]]],[[[100.0094,12.2248],[100.0098,12.2267],[100.0103,12.227],[100.0104,12.2244],[100.0094,12.2248]]],[[[100.0043,12.2293],[100.0038,12.2308],[100.0063,12.2324],[100.006,12.2297],[100.0043,12.2293]]],[[[99.5684,12.1448],[99.5158,12.1471],[99.501,12.1432],[99.4925,12.1285],[99.4737,12.131],[99.4734,12.1568],[99.4871,12.1654],[99.4968,12.1961],[99.4719,12.2349],[99.4848,12.2727],[99.4622,12.2849],[99.4626,12.2965],[99.5266,12.3032],[99.5883,12.3367],[99.6289,12.3418],[99.6627,12.3435],[99.7177,12.3234],[99.7691,12.3435],[99.8432,12.3477],[99.9454,12.3294],[99.9659,12.3485],[99.9976,12.3473],[100.0028,12.3367],[99.9852,12.3146],[99.974,12.2652],[100.0057,12.2221],[100.0014,12.2103],[100.0132,12.208],[100.0206,12.1893],[99.9941,12.1801],[99.9894,12.1712],[99.9836,12.1781],[99.9536,12.18],[99.9401,12.2056],[99.9214,12.205],[99.9256,12.191],[99.9075,12.1749],[99.8102,12.2004],[99.7652,12.1793],[99.7505,12.1885],[99.7274,12.1836],[99.6357,12.2011],[99.6114,12.1988],[99.5873,12.2127],[99.5823,12.1759],[99.5651,12.1695],[99.5725,12.1579],[99.5684,12.1448]]],[[[100.005,12.2364],[100.0081,12.2442],[100.0111,12.2483],[100.0121,12.2444],[100.01,12.2394],[100.007,12.2356],[100.005,12.2364]]]]}},{"type":"Feature","properties":{"province":"PrachuapKhiriKhan","district":"KuiBuri","hasc":"TH.PK.KB"},"geometry":{"type":"MultiPolygon","coordinates":[[[[99.5927,11.9781],[99.5925,11.9922],[99.5774,12.0059],[99.5381,12.0137],[99.5413,12.0361],[99.5328,12.0533],[99.5562,12.0925],[99.5556,12.1127],[99.5718,12.1438],[99.5651,12.1695],[99.5823,12.1759],[99.5873,12.2127],[99.6114,12.1988],[99.6357,12.2011],[99.7274,12.1836],[99.7505,12.1885],[99.7652,12.1793],[99.8079,12.2006],[99.9075,12.1749],[99.9256,12.191],[99.9255,12.2054],[99.9461,12.2024],[99.9609,12.1757],[99.9836,12.1781],[99.9894,12.1712],[99.9972,12.1818],[100.0174,12.185],[99.9692,12.1353],[99.962,12.0859],[99.9435,12.0824],[99.9087,12.0418],[99.8924,12.0543],[99.8939,12.0618],[99.8753,12.0598],[99.8654,12.047],[99.8417,12.0404],[99.726,12.0287],[99.5927,11.9781]]]]}},{"type":"Feature","properties":{"province":"PrachuapKhiriKhan","district":"MuangPrachuapKhiriKhan","hasc":"TH.PK.PK"},"geometry":{"type":"MultiPolygon","coordinates":[[[[99.7876,11.7093],[99.7881,11.7114],[99.7889,11.7119],[99.7888,11.7077],[99.7876,11.7093]]],[[[99.8327,11.7615],[99.8346,11.7586],[99.833,11.757],[99.8292,11.7585],[99.8286,11.7635],[99.8304,11.7638],[99.8327,11.7615]]],[[[99.8096,11.7656],[99.8078,11.7654],[99.8097,11.7688],[99.8112,11.7663],[99.8096,11.7656]]],[[[99.8154,11.7908],[99.8154,11.7921],[99.8169,11.7923],[99.8171,11.7897],[99.8154,11.7908]]],[[[99.5904,11.6909],[99.603,11.707],[99.6155,11.7096],[99.6195,11.7223],[99.6368,11.7265],[99.6407,11.7884],[99.6648,11.8228],[99.6222,11.8323],[99.6256,11.8485],[99.6101,11.8679],[99.6003,11.8782],[99.5886,11.8721],[99.5798,11.9023],[99.5871,11.917],[99.5803,11.9422],[99.5938,11.9536],[99.5951,11.9771],[99.726,12.0287],[99.8417,12.0404],[99.8654,12.047],[99.8753,12.0598],[99.8939,12.0618],[99.8924,12.0543],[99.9087,12.0418],[99.8478,11.9711],[99.8136,11.8925],[99.8129,11.8712],[99.8184,11.8636],[99.8252,11.8669],[99.8244,11.8506],[99.8353,11.8413],[99.8319,11.8281],[99.8287,11.8387],[99.8189,11.8394],[99.7989,11.8175],[99.8015,11.7987],[99.8182,11.7847],[99.8133,11.7763],[99.8132,11.7838],[99.8034,11.7826],[99.7957,11.7701],[99.8111,11.7375],[99.7866,11.7421],[99.7245,11.6872],[99.7158,11.6561],[99.7056,11.6657],[99.6903,11.6622],[99.6779,11.6743],[99.6183,11.6721],[99.5904,11.6909]]],[[[99.825,11.7953],[99.8253,11.793],[99.8217,11.7928],[99.8222,11.7964],[99.8242,11.7969],[99.825,11.7953]]],[[[99.8166,11.798],[99.8154,11.7929],[99.8133,11.7929],[99.8145,11.7989],[99.8166,11.798]]]]}},{"type":"Feature","properties":{"province":"PrachuapKhiriKhan","district":"PranBuri","hasc":"TH.PK.PB"},"geometry":{"type":"MultiPolygon","coordinates":[[[[99.9548,12.4548],[99.9838,12.4508],[99.9798,12.4297],[99.9938,12.4146],[99.9908,12.4055],[99.995,12.4137],[100.0006,12.3718],[99.9976,12.3473],[99.9659,12.3485],[99.9522,12.3304],[99.8432,12.3477],[99.7691,12.3435],[99.7177,12.3234],[99.6627,12.3435],[99.6289,12.3418],[99.5883,12.3367],[99.5266,12.3032],[99.4626,12.2965],[99.4344,12.3419],[99.4443,12.3509],[99.4327,12.363],[99.4472,12.4057],[99.4263,12.425],[99.4254,12.4482],[99.4025,12.4586],[99.4372,12.4709],[99.4917,12.4683],[99.5184,12.4534],[99.5361,12.4585],[99.5451,12.449],[99.5561,12.4512],[99.5626,12.4392],[99.5907,12.4368],[99.5893,12.4255],[99.6058,12.4122],[99.6231,12.4096],[99.6294,12.4166],[99.6403,12.4143],[99.6435,12.4311],[99.6805,12.4588],[99.6971,12.4594],[99.7064,12.4482],[99.7397,12.4404],[99.7515,12.4202],[99.7688,12.4293],[99.7624,12.4411],[99.7788,12.4385],[99.7892,12.4483],[99.789,12.4696],[99.8034,12.4653],[99.7959,12.4806],[99.8003,12.4893],[99.8187,12.4665],[99.8531,12.4546],[99.9548,12.4548]]]]}},{"type":"Feature","properties":{"province":"PrachuapKhiriKhan","district":"ThapSakae","hasc":"TH.PK.TS"},"geometry":{"type":"MultiPolygon","coordinates":[[[[99.6042,11.4007],[99.6058,11.4052],[99.6079,11.4049],[99.607,11.4008],[99.6042,11.4007]]],[[[99.4442,11.4808],[99.447,11.4913],[99.4593,11.4906],[99.4487,11.5078],[99.4741,11.5327],[99.4632,11.5487],[99.468,11.5663],[99.4582,11.5826],[99.4752,11.6229],[99.5165,11.636],[99.5297,11.6209],[99.5663,11.6258],[99.5704,11.6426],[99.5876,11.6584],[99.5883,11.687],[99.6183,11.6721],[99.6779,11.6743],[99.6903,11.6622],[99.7056,11.6657],[99.7145,11.6593],[99.6383,11.5178],[99.6278,11.4711],[99.615,11.4558],[99.5982,11.4026],[99.5105,11.4261],[99.5053,11.4395],[99.4876,11.4513],[99.4634,11.4385],[99.4374,11.4456],[99.4308,11.4531],[99.4442,11.4808]]],[[[99.7747,11.6256],[99.7753,11.6235],[99.7742,11.6217],[99.7726,11.6252],[99.7747,11.6256]]]]}},{"type":"Feature","properties":{"province":"Ranong","district":"K.SukSamran","hasc":"TH.RN.SS"},"geometry":{"type":"MultiPolygon","coordinates":[[[[98.5029,9.3081],[98.4796,9.3047],[98.4713,9.3209],[98.4556,9.316],[98.4691,9.3295],[98.4474,9.351],[98.4164,9.3398],[98.4039,9.3504],[98.3925,9.3473],[98.3962,9.3847],[98.4031,9.3786],[98.3969,9.4028],[98.4092,9.3965],[98.4267,9.4267],[98.437,9.5052],[98.4547,9.5564],[98.4625,9.5544],[98.4758,9.5263],[98.4691,9.4968],[98.4599,9.4952],[98.4716,9.4676],[98.465,9.4541],[98.4718,9.4605],[98.477,9.4547],[98.47,9.4854],[98.4818,9.5029],[98.4868,9.536],[98.4975,9.5121],[98.4806,9.4944],[98.4842,9.4653],[98.4842,9.4969],[98.4908,9.5],[98.4876,9.4918],[98.492,9.4972],[98.4981,9.4798],[98.4933,9.4944],[98.5008,9.5092],[98.5197,9.5119],[98.5138,9.5043],[98.522,9.5093],[98.5298,9.4962],[98.5231,9.476],[98.5433,9.4703],[98.5762,9.4285],[98.5594,9.4036],[98.5688,9.3918],[98.5631,9.3717],[98.5695,9.3615],[98.545,9.3597],[98.5029,9.3081]]],[[[98.3917,9.4],[98.3919,9.4017],[98.3925,9.4017],[98.3933,9.3994],[98.3925,9.3986],[98.3917,9.4]]],[[[98.4748,9.456],[98.4755,9.4569],[98.4747,9.4546],[98.4747,9.4554],[98.4748,9.456]]],[[[98.349,9.4343],[98.3485,9.4401],[98.3523,9.4407],[98.3547,9.4367],[98.3507,9.4339],[98.349,9.4343]]],[[[98.3281,9.4542],[98.326,9.4537],[98.3269,9.4575],[98.329,9.457],[98.3281,9.4542]]],[[[98.3522,9.5014],[98.3422,9.4744],[98.3315,9.4677],[98.3397,9.4942],[98.3522,9.5014]]],[[[98.3723,9.4995],[98.3726,9.5011],[98.3738,9.5006],[98.3736,9.499],[98.3723,9.4995]]],[[[98.3806,9.4778],[98.372,9.4783],[98.3705,9.4946],[98.383,9.4852],[98.3806,9.4778]]],[[[98.4658,9.4907],[98.4672,9.4917],[98.4681,9.4917],[98.467,9.4903],[98.4658,9.4907]]],[[[98.3667,9.5003],[98.3686,9.5033],[98.3692,9.5039],[98.3697,9.501],[98.3675,9.4986],[98.3667,9.5003]]],[[[98.37,9.5059],[98.3712,9.5067],[98.3699,9.5042],[98.3697,9.5046],[98.37,9.5059]]],[[[98.3581,9.5114],[98.3544,9.5109],[98.3556,9.5128],[98.3576,9.5122],[98.3554,9.5148],[98.3587,9.5185],[98.3601,9.5133],[98.3581,9.5114]]]]}},{"type":"Feature","properties":{"province":"Ranong","district":"Kapoe","hasc":"TH.RN.KA"},"geometry":{"type":"MultiPolygon","coordinates":[[[[98.4804,9.5362],[98.4789,9.5465],[98.4797,9.5494],[98.483,9.5521],[98.4858,9.5472],[98.4858,9.5395],[98.4837,9.5364],[98.4804,9.5362]]],[[[98.5122,9.5571],[98.5128,9.5574],[98.5147,9.5574],[98.5111,9.5557],[98.5122,9.5571]]],[[[98.3874,9.5723],[98.3844,9.5647],[98.3815,9.5642],[98.3832,9.571],[98.3874,9.5723]]],[[[98.4607,9.5544],[98.4556,9.5633],[98.4686,9.5667],[98.4607,9.5544]]],[[[98.5183,9.5703],[98.5155,9.5701],[98.5149,9.5705],[98.5195,9.5707],[98.5183,9.5703]]],[[[98.4731,9.5853],[98.4694,9.575],[98.4625,9.5754],[98.4673,9.5923],[98.4731,9.5853]]],[[[98.5156,9.5853],[98.5223,9.5829],[98.5225,9.5814],[98.5153,9.5819],[98.5111,9.5844],[98.5128,9.5861],[98.5156,9.5853]]],[[[98.5182,9.5722],[98.5115,9.5739],[98.516,9.5777],[98.5261,9.5747],[98.5182,9.5722]]],[[[98.4793,9.5819],[98.4871,9.5733],[98.4743,9.5753],[98.4793,9.5819]]],[[[98.5668,9.3671],[98.5688,9.3918],[98.5594,9.4036],[98.5759,9.4297],[98.5433,9.4703],[98.5231,9.476],[98.5286,9.5228],[98.5221,9.5142],[98.5036,9.5125],[98.4982,9.5467],[98.5137,9.5348],[98.4983,9.5519],[98.5109,9.5535],[98.5156,9.5451],[98.5123,9.5543],[98.5201,9.5586],[98.5106,9.5589],[98.5345,9.5688],[98.5472,9.5639],[98.5425,9.5508],[98.5501,9.5642],[98.5664,9.5561],[98.5672,9.5622],[98.576,9.5606],[98.5727,9.5676],[98.5638,9.5629],[98.5511,9.5689],[98.5539,9.5776],[98.5447,9.573],[98.5358,9.5772],[98.5378,9.5836],[98.5244,9.5803],[98.5083,9.595],[98.4808,9.5922],[98.4683,9.5989],[98.4633,9.6287],[98.4707,9.6249],[98.4792,9.6344],[98.4967,9.6169],[98.4989,9.6036],[98.4961,9.6107],[98.5095,9.6094],[98.5035,9.608],[98.5084,9.6157],[98.5029,9.6244],[98.5122,9.6241],[98.5203,9.6061],[98.5248,9.6088],[98.5247,9.5969],[98.5267,9.6086],[98.5129,9.6316],[98.5256,9.6355],[98.5561,9.615],[98.5873,9.6388],[98.5843,9.6494],[98.6394,9.7132],[98.6505,9.7001],[98.6466,9.6919],[98.6597,9.6837],[98.6471,9.6632],[98.6537,9.6528],[98.6726,9.6543],[98.697,9.6351],[98.7219,9.6282],[98.7365,9.6091],[98.7382,9.5821],[98.7585,9.5737],[98.7582,9.558],[98.768,9.5444],[98.7636,9.5362],[98.747,9.5348],[98.7169,9.4989],[98.7154,9.4867],[98.704,9.4853],[98.6944,9.4698],[98.6677,9.4642],[98.6681,9.4464],[98.6809,9.435],[98.6622,9.4197],[98.647,9.425],[98.654,9.3992],[98.6479,9.3878],[98.6719,9.3882],[98.6706,9.3654],[98.6591,9.3468],[98.6341,9.3563],[98.6113,9.3416],[98.59,9.355],[98.5864,9.3675],[98.5702,9.3614],[98.5668,9.3671]]],[[[98.4686,9.5939],[98.4683,9.5962],[98.4692,9.5968],[98.4707,9.595],[98.4699,9.5933],[98.4686,9.5939]]],[[[98.5247,9.6056],[98.5258,9.6064],[98.5253,9.6039],[98.5247,9.6044],[98.5247,9.6056]]],[[[98.5045,9.6115],[98.5054,9.6126],[98.5066,9.6133],[98.504,9.6106],[98.5045,9.6115]]],[[[98.5031,9.6103],[98.4961,9.6117],[98.5,9.6236],[98.5078,9.6153],[98.5031,9.6103]]],[[[98.49913316953317,9.622144963144962],[98.4975,9.6208],[98.4975,9.6228],[98.4983,9.6239],[98.49918398220245,9.622230255839822],[98.49913316953317,9.622144963144962]]],[[[98.5212,9.6179],[98.5216,9.6169],[98.5213,9.6165],[98.5203,9.6186],[98.5212,9.6179]]]]}},{"type":"Feature","properties":{"province":"Ranong","district":"KraBuri","hasc":"TH.RN.KB"},"geometry":{"type":"MultiPolygon","coordinates":[[[[98.8958,10.4149],[98.9052,10.4099],[98.902,10.3975],[98.9289,10.3946],[98.9375,10.3837],[98.9316,10.3647],[98.9435,10.351],[98.9034,10.2953],[98.899,10.2779],[98.9088,10.2655],[98.8738,10.2022],[98.862,10.1985],[98.8429,10.2079],[98.8301,10.2003],[98.8229,10.2131],[98.8024,10.2072],[98.7831,10.2196],[98.7649,10.2064],[98.7421,10.2254],[98.7142,10.2262],[98.7292,10.2769],[98.7358,10.2767],[98.7378,10.3061],[98.7494,10.3108],[98.7547,10.39],[98.7847,10.4393],[98.8031,10.4451],[98.7998,10.4529],[98.8121,10.4707],[98.8032,10.4813],[98.8153,10.488],[98.8224,10.5048],[98.824,10.5274],[98.8122,10.5373],[98.82,10.5451],[98.8016,10.557],[98.8136,10.5897],[98.8047,10.5841],[98.802,10.6028],[98.7833,10.5994],[98.7837,10.6136],[98.7739,10.6185],[98.7872,10.6494],[98.7826,10.6769],[98.7926,10.6806],[98.804,10.7046],[98.8202,10.7154],[98.8614,10.7731],[98.8793,10.7854],[98.8948,10.7561],[98.9144,10.7476],[98.8903,10.6956],[98.8944,10.6818],[98.9058,10.6904],[98.9096,10.6777],[98.9296,10.6728],[98.9282,10.6486],[98.9402,10.649],[98.9508,10.6371],[98.9453,10.6115],[98.9589,10.6161],[98.9651,10.6041],[98.9599,10.5837],[98.9413,10.5693],[98.9626,10.5391],[98.9521,10.5347],[98.9454,10.5174],[98.9184,10.5073],[98.9114,10.4896],[98.895,10.4825],[98.8847,10.4577],[98.8955,10.4403],[98.8958,10.4149]]]]}},{"type":"Feature","properties":{"province":"Ranong","district":"La-Un","hasc":"TH.RN.LA"},"geometry":{"type":"MultiPolygon","coordinates":[[[[98.8763,10.0001],[98.8449,9.9936],[98.83,9.9775],[98.8146,9.9362],[98.7809,9.9503],[98.7558,9.9335],[98.7526,9.9185],[98.745,9.9157],[98.7309,9.9515],[98.711,9.9643],[98.6804,10.0159],[98.6805,10.0736],[98.6885,10.1024],[98.6998,10.1036],[98.7154,10.1626],[98.7195,10.1694],[98.7342,10.1569],[98.7525,10.1611],[98.7492,10.1472],[98.7575,10.1569],[98.7356,10.1622],[98.7036,10.1844],[98.6903,10.1814],[98.7142,10.2262],[98.7421,10.2254],[98.7649,10.2064],[98.7831,10.2196],[98.8024,10.2072],[98.8229,10.2131],[98.8301,10.2003],[98.8429,10.2079],[98.862,10.1985],[98.8745,10.2031],[98.8708,10.1859],[98.8891,10.1603],[98.8698,10.1549],[98.8681,10.1338],[98.8589,10.1288],[98.8636,10.0961],[98.8359,10.0658],[98.8927,10.0643],[98.9033,10.0544],[98.9042,10.0253],[98.8763,10.0001]]]]}},{"type":"Feature","properties":{"province":"Ranong","district":"MuangRanong","hasc":"TH.RN.RA"},"geometry":{"type":"MultiPolygon","coordinates":[[[[98.5268,9.6502],[98.5277,9.6504],[98.5272,9.6477],[98.5269,9.6478],[98.5268,9.6502]]],[[[98.5107,9.7047],[98.5155,9.6997],[98.5081,9.6935],[98.4977,9.7025],[98.5019,9.7096],[98.5107,9.7047]]],[[[98.4985,9.7311],[98.5004,9.734],[98.5026,9.7336],[98.5001,9.7302],[98.4985,9.7311]]],[[[98.5074,9.7342],[98.5069,9.7327],[98.5055,9.7318],[98.5054,9.7342],[98.5074,9.7342]]],[[[98.4253,9.7136],[98.4242,9.7129],[98.4198,9.7173],[98.4221,9.718],[98.4255,9.7165],[98.4253,9.7136]]],[[[98.4153,9.769],[98.4278,9.7342],[98.4014,9.7055],[98.3899,9.7039],[98.3959,9.7188],[98.3798,9.7317],[98.3889,9.7501],[98.4049,9.7462],[98.4086,9.7619],[98.4007,9.7651],[98.4148,9.7763],[98.4153,9.769]]],[[[98.4606,9.7647],[98.4594,9.7664],[98.4658,9.7736],[98.4664,9.7694],[98.4606,9.7647]]],[[[98.4759,9.7781],[98.4772,9.7797],[98.4781,9.7797],[98.4767,9.7775],[98.4759,9.7781]]],[[[98.484,9.7332],[98.4839,9.7378],[98.4859,9.7391],[98.4872,9.7336],[98.4857,9.7312],[98.484,9.7332]]],[[[98.5622,9.7685],[98.5467,9.7444],[98.5307,9.7518],[98.5075,9.7365],[98.5002,9.739],[98.5126,9.7558],[98.507,9.7828],[98.5364,9.7908],[98.5431,9.7689],[98.5376,9.7824],[98.5474,9.7892],[98.553,9.7761],[98.55,9.795],[98.5659,9.8119],[98.5778,9.8131],[98.5712,9.8209],[98.5607,9.812],[98.5765,9.8282],[98.5745,9.8484],[98.563,9.8209],[98.5363,9.8003],[98.55,9.8098],[98.5338,9.8093],[98.5156,9.8534],[98.5335,9.8582],[98.5453,9.8518],[98.5364,9.8539],[98.5414,9.8661],[98.5355,9.8592],[98.5268,9.8649],[98.5425,9.887],[98.5527,9.8856],[98.5628,9.8675],[98.5738,9.8783],[98.5937,9.8779],[98.5955,9.8843],[98.5734,9.8798],[98.5632,9.8692],[98.5577,9.8729],[98.5726,9.9064],[98.5903,9.8919],[98.5786,9.9074],[98.6035,9.913],[98.5731,9.9111],[98.5695,9.9221],[98.6097,9.9378],[98.5908,9.9342],[98.5976,9.9549],[98.6047,9.955],[98.5909,9.9565],[98.5921,9.9749],[98.6547,10.0858],[98.6517,10.0986],[98.67,10.1089],[98.7011,10.1822],[98.7195,10.1694],[98.6998,10.1036],[98.6885,10.1024],[98.6851,10.0922],[98.6804,10.0159],[98.711,9.9643],[98.7309,9.9515],[98.745,9.9157],[98.722,9.8941],[98.7214,9.8674],[98.6929,9.8327],[98.6827,9.8344],[98.6637,9.8073],[98.6326,9.7885],[98.6331,9.7674],[98.6268,9.764],[98.6422,9.7375],[98.6397,9.7138],[98.5843,9.6494],[98.5873,9.6388],[98.5546,9.6144],[98.5256,9.6355],[98.5028,9.6287],[98.5099,9.6539],[98.5264,9.6524],[98.5327,9.6419],[98.5273,9.655],[98.5427,9.6522],[98.5151,9.6617],[98.4984,9.652],[98.4848,9.6812],[98.4903,9.6852],[98.5094,9.6725],[98.5217,9.6814],[98.5353,9.6767],[98.5377,9.6652],[98.5502,9.6642],[98.5529,9.6697],[98.5375,9.6669],[98.5378,9.6772],[98.5451,9.677],[98.5283,9.6824],[98.5353,9.6933],[98.5463,9.6884],[98.5389,9.7067],[98.5465,9.7173],[98.5553,9.7142],[98.5517,9.7257],[98.5684,9.7249],[98.5536,9.7401],[98.5652,9.7569],[98.5622,9.7685]]],[[[98.5164,9.9027],[98.5169,9.9013],[98.5131,9.8995],[98.5077,9.8998],[98.5091,9.9045],[98.5148,9.906],[98.5164,9.9027]]],[[[98.5258,9.9139],[98.5258,9.9147],[98.5272,9.9147],[98.5269,9.9128],[98.5258,9.9139]]],[[[98.445,9.7803],[98.4457,9.7835],[98.4491,9.7863],[98.4472,9.7792],[98.4458,9.7786],[98.445,9.7803]]],[[[98.4615,9.8598],[98.4713,9.8592],[98.4633,9.8383],[98.4685,9.8245],[98.464,9.8138],[98.4539,9.8149],[98.4522,9.7898],[98.4332,9.8046],[98.4317,9.8289],[98.4424,9.8336],[98.437,9.8556],[98.4513,9.8737],[98.4615,9.8598]]],[[[98.4715,9.8621],[98.4698,9.8635],[98.4718,9.87],[98.4747,9.8657],[98.4734,9.8616],[98.4715,9.8621]]],[[[98.4417,9.8778],[98.4422,9.8789],[98.4434,9.878],[98.4429,9.8757],[98.4417,9.8778]]],[[[98.5339,9.6575],[98.5347,9.6575],[98.5353,9.6561],[98.5322,9.6572],[98.5339,9.6575]]],[[[98.5694,9.829],[98.5695,9.8275],[98.5683,9.8269],[98.5686,9.8274],[98.5694,9.829]]],[[[98.5711,9.8305],[98.5739,9.8364],[98.5744,9.837],[98.5741,9.8298],[98.5705,9.8279],[98.5711,9.8305]]],[[[98.5716,9.8766],[98.5727,9.8761],[98.5718,9.8745],[98.571,9.8757],[98.5716,9.8766]]],[[[98.5682,9.9179],[98.5706,9.9094],[98.5586,9.8953],[98.5575,9.9147],[98.5682,9.9179]]],[[[98.5346,9.9177],[98.5342,9.92],[98.5366,9.9217],[98.5368,9.9176],[98.5355,9.9166],[98.5346,9.9177]]],[[[98.5895,9.9389],[98.586,9.9422],[98.586,9.948],[98.5896,9.9559],[98.5944,9.9508],[98.5907,9.9374],[98.5895,9.9389]]],[[[98.4876,9.9128],[98.4844,9.898],[98.4682,9.892],[98.4761,9.9113],[98.4876,9.9128]]],[[[98.4813,9.9275],[98.4802,9.9322],[98.4852,9.9344],[98.4877,9.9309],[98.4813,9.9275]]],[[[98.5216,9.919],[98.508,9.9064],[98.5138,9.9211],[98.5216,9.919]]],[[[98.5133,9.9245],[98.5138,9.9263],[98.5149,9.9262],[98.5147,9.924],[98.5133,9.9245]]],[[[98.6717,10.1433],[98.6714,10.1431],[98.6689,10.1425],[98.6722,10.1447],[98.6717,10.1433]]],[[[98.6664,10.1539],[98.6578,10.1353],[98.6514,10.1467],[98.6664,10.1539]]],[[[98.6689,10.1533],[98.6681,10.1542],[98.6683,10.1564],[98.6699,10.1544],[98.6689,10.1533]]],[[[98.6756,10.1639],[98.6811,10.1622],[98.6744,10.1528],[98.6689,10.1586],[98.6756,10.1639]]],[[[98.666,10.1628],[98.6658,10.1564],[98.6572,10.1564],[98.666,10.1628]]]]}},{"type":"Feature","properties":{"province":"Ratchaburi","district":"BanPong","hasc":"TH.RT.PO"},"geometry":{"type":"MultiPolygon","coordinates":[[[[99.9646,13.812],[99.971,13.7997],[99.9576,13.7951],[99.9519,13.7707],[99.9409,13.7593],[99.9376,13.7681],[99.8929,13.763],[99.8838,13.7472],[99.8672,13.7416],[99.8435,13.7518],[99.8343,13.7436],[99.8309,13.7579],[99.8173,13.7536],[99.796,13.7635],[99.7887,13.7632],[99.7961,13.745],[99.7737,13.7585],[99.7532,13.7564],[99.7197,13.7691],[99.6907,13.7857],[99.6725,13.7789],[99.6531,13.7849],[99.6085,13.7556],[99.5907,13.779],[99.6669,13.8452],[99.7102,13.8277],[99.741,13.8258],[99.7497,13.8319],[99.7936,13.8214],[99.8033,13.8074],[99.8116,13.8079],[99.8177,13.843],[99.8273,13.8525],[99.8216,13.8639],[99.8379,13.8647],[99.8569,13.9193],[99.8779,13.9483],[99.9271,13.9361],[99.916,13.9052],[99.8978,13.9019],[99.9132,13.8715],[99.9022,13.8404],[99.9115,13.8464],[99.9344,13.8424],[99.9426,13.8295],[99.9581,13.835],[99.9646,13.812]]]]}},{"type":"Feature","properties":{"province":"Ratchaburi","district":"BangPhae","hasc":"TH.RT.BP"},"geometry":{"type":"MultiPolygon","coordinates":[[[[99.9657,13.6317],[99.9632,13.6213],[99.9088,13.6333],[99.9003,13.6713],[99.9082,13.6821],[99.9005,13.6871],[99.8959,13.7108],[99.9145,13.7329],[100.0008,13.7358],[100.0281,13.7526],[100.0265,13.7014],[100.0356,13.6909],[100.0676,13.6949],[100.06,13.6501],[100.0673,13.6498],[100.0701,13.6371],[100.0545,13.6273],[100.0548,13.6177],[100.0325,13.6106],[100.0244,13.634],[100.0069,13.6283],[99.985,13.6411],[99.9634,13.6379],[99.9657,13.6317]]]]}},{"type":"Feature","properties":{"province":"Ratchaburi","district":"ChomBung","hasc":"TH.RT.CB"},"geometry":{"type":"MultiPolygon","coordinates":[[[[99.56,13.7084],[99.6646,13.691],[99.7144,13.6617],[99.7417,13.6298],[99.7292,13.6001],[99.6872,13.6005],[99.6498,13.5727],[99.633,13.5729],[99.6302,13.549],[99.5876,13.4954],[99.5939,13.4485],[99.5837,13.4301],[99.5888,13.4219],[99.5811,13.387],[99.5596,13.3789],[99.537,13.4006],[99.5184,13.4036],[99.5319,13.4188],[99.5299,13.4289],[99.4864,13.4768],[99.4567,13.4913],[99.4538,13.5023],[99.4741,13.5113],[99.4946,13.541],[99.4916,13.5684],[99.4737,13.5884],[99.4681,13.6084],[99.4188,13.6086],[99.3991,13.6312],[99.3694,13.631],[99.3573,13.6449],[99.355,13.6662],[99.3419,13.6737],[99.3212,13.6709],[99.3099,13.6815],[99.2939,13.7212],[99.299,13.7401],[99.3104,13.7487],[99.3537,13.7464],[99.4155,13.7733],[99.4538,13.7803],[99.4713,13.8056],[99.5051,13.7659],[99.5313,13.7608],[99.5371,13.7248],[99.5527,13.7051],[99.56,13.7084]]]]}},{"type":"Feature","properties":{"province":"Ratchaburi","district":"DamnoenSaduak","hasc":"TH.RT.DS"},"geometry":{"type":"MultiPolygon","coordinates":[[[[99.9704,13.4888],[99.9045,13.5188],[99.9007,13.5404],[99.9086,13.5587],[99.8973,13.5811],[99.8886,13.58],[99.8834,13.6002],[99.8977,13.6092],[99.9088,13.6333],[99.9632,13.6213],[99.9661,13.639],[99.9871,13.641],[100.0069,13.6283],[100.0219,13.6348],[100.0431,13.595],[100.0376,13.5784],[100.0444,13.5386],[100.0312,13.5288],[100.0304,13.5066],[100.0109,13.5141],[99.9964,13.494],[99.988,13.4989],[99.9704,13.4888]]]]}},{"type":"Feature","properties":{"province":"Ratchaburi","district":"K.BanKha","hasc":"TH.RT.BK"},"geometry":{"type":"MultiPolygon","coordinates":[[[[99.1916,13.3157],[99.2095,13.3362],[99.2082,13.3786],[99.2611,13.3756],[99.283,13.4088],[99.3019,13.4139],[99.3379,13.3954],[99.3479,13.3977],[99.358,13.4138],[99.3449,13.4536],[99.3926,13.4865],[99.4113,13.4847],[99.4312,13.503],[99.4538,13.5023],[99.4567,13.4913],[99.4961,13.4677],[99.5323,13.4248],[99.5184,13.4036],[99.537,13.4006],[99.5596,13.3789],[99.5556,13.3675],[99.549,13.3739],[99.5259,13.3638],[99.5261,13.3476],[99.5041,13.3098],[99.5093,13.295],[99.4914,13.2955],[99.4822,13.2829],[99.4946,13.2348],[99.4908,13.1908],[99.4785,13.1996],[99.4609,13.1814],[99.4391,13.1838],[99.4281,13.1967],[99.415,13.1964],[99.3992,13.2159],[99.3742,13.2172],[99.3678,13.2323],[99.3592,13.2309],[99.3512,13.2413],[99.335,13.2209],[99.3239,13.219],[99.3188,13.2013],[99.3246,13.1763],[99.272,13.1477],[99.2304,13.2012],[99.2154,13.2011],[99.206,13.2152],[99.2087,13.2315],[99.1975,13.2562],[99.2116,13.2598],[99.1882,13.2887],[99.1916,13.3157]]]]}},{"type":"Feature","properties":{"province":"Ratchaburi","district":"MuangRatchaburi","hasc":"TH.RT.RA"},"geometry":{"type":"MultiPolygon","coordinates":[[[[99.8377,13.6167],[99.863,13.6104],[99.8778,13.6306],[99.8811,13.6132],[99.8909,13.6084],[99.8834,13.6002],[99.8886,13.58],[99.8973,13.5811],[99.9096,13.5548],[99.9007,13.5404],[99.9045,13.5188],[99.9214,13.4999],[99.8933,13.4704],[99.8736,13.4782],[99.8606,13.4944],[99.8413,13.4879],[99.8408,13.4615],[99.8327,13.4489],[99.8048,13.4388],[99.8017,13.4476],[99.7536,13.4434],[99.7174,13.4799],[99.6923,13.4781],[99.683,13.5025],[99.6369,13.5136],[99.6265,13.5018],[99.6002,13.5099],[99.6302,13.549],[99.6346,13.5744],[99.6498,13.5727],[99.6872,13.6005],[99.7292,13.6001],[99.7417,13.6298],[99.732,13.6443],[99.7549,13.6335],[99.7808,13.6369],[99.7909,13.6241],[99.8084,13.6288],[99.8202,13.6149],[99.8377,13.6167]]]]}},{"type":"Feature","properties":{"province":"Ratchaburi","district":"PakTho","hasc":"TH.RT.PT"},"geometry":{"type":"MultiPolygon","coordinates":[[[[99.6632,13.2754],[99.6695,13.2593],[99.6611,13.2102],[99.5778,13.1962],[99.5224,13.209],[99.5078,13.1794],[99.4908,13.1908],[99.4946,13.2348],[99.4822,13.2829],[99.4914,13.2955],[99.5093,13.295],[99.5041,13.3098],[99.5261,13.3476],[99.5259,13.3638],[99.549,13.3739],[99.5556,13.3675],[99.5596,13.3789],[99.5811,13.387],[99.5888,13.4219],[99.5837,13.4301],[99.5939,13.4485],[99.5876,13.4954],[99.6002,13.5099],[99.6265,13.5018],[99.6369,13.5136],[99.683,13.5025],[99.6923,13.4781],[99.7174,13.4799],[99.7536,13.4434],[99.8017,13.4476],[99.8048,13.4388],[99.8327,13.4489],[99.8408,13.4615],[99.8477,13.4323],[99.8401,13.4065],[99.8845,13.4157],[99.8573,13.3278],[99.8217,13.3397],[99.8103,13.3393],[99.8034,13.329],[99.7587,13.343],[99.7001,13.3164],[99.6852,13.2913],[99.6658,13.285],[99.6632,13.2754]]]]}},{"type":"Feature","properties":{"province":"Ratchaburi","district":"Photharam","hasc":"TH.RT.PH"},"geometry":{"type":"MultiPolygon","coordinates":[[[[99.9048,13.6401],[99.9088,13.6333],[99.8977,13.6092],[99.8909,13.6084],[99.8811,13.6132],[99.8778,13.6306],[99.863,13.6104],[99.8384,13.619],[99.8202,13.6149],[99.8037,13.6302],[99.7909,13.6241],[99.7808,13.6369],[99.7549,13.6335],[99.6646,13.691],[99.5641,13.7121],[99.5527,13.7051],[99.5371,13.7248],[99.533,13.7589],[99.5514,13.7581],[99.5907,13.779],[99.6118,13.7559],[99.6531,13.7849],[99.6725,13.7789],[99.6907,13.7857],[99.7197,13.7691],[99.7532,13.7564],[99.7737,13.7585],[99.7961,13.745],[99.7887,13.7632],[99.796,13.7635],[99.8173,13.7536],[99.8309,13.7579],[99.8343,13.7436],[99.8435,13.7518],[99.8625,13.7412],[99.8838,13.7472],[99.8929,13.763],[99.9376,13.7681],[99.9502,13.7376],[99.9278,13.7285],[99.9145,13.7329],[99.8945,13.7068],[99.9082,13.6821],[99.9003,13.6713],[99.9048,13.6401]]]]}},{"type":"Feature","properties":{"province":"Ratchaburi","district":"SuanPhung","hasc":"TH.RT.SP"},"geometry":{"type":"MultiPolygon","coordinates":[[[[99.4914,13.5503],[99.4946,13.541],[99.4712,13.509],[99.4312,13.503],[99.4113,13.4847],[99.3926,13.4865],[99.3488,13.458],[99.3582,13.4081],[99.3479,13.3977],[99.3379,13.3954],[99.3019,13.4139],[99.283,13.4088],[99.2611,13.3756],[99.2082,13.3786],[99.2132,13.4117],[99.2014,13.4468],[99.2103,13.4565],[99.206,13.4781],[99.1909,13.4937],[99.1953,13.5405],[99.1672,13.5711],[99.1814,13.5832],[99.1694,13.6067],[99.1746,13.6281],[99.169,13.7341],[99.1761,13.739],[99.2002,13.7279],[99.2235,13.7489],[99.2669,13.7419],[99.2868,13.7601],[99.3006,13.7321],[99.2939,13.7212],[99.2995,13.6961],[99.3185,13.6722],[99.3419,13.6737],[99.355,13.6662],[99.3638,13.6356],[99.3991,13.6312],[99.4188,13.6086],[99.4658,13.6113],[99.4916,13.5684],[99.4914,13.5503]]]]}},{"type":"Feature","properties":{"province":"Ratchaburi","district":"WatPhleng","hasc":"TH.RT.WP"},"geometry":{"type":"MultiPolygon","coordinates":[[[[99.8477,13.4323],[99.8402,13.4839],[99.8606,13.4944],[99.8736,13.4782],[99.8933,13.4704],[99.8922,13.433],[99.8845,13.4157],[99.8401,13.4065],[99.8477,13.4323]]]]}},{"type":"Feature","properties":{"province":"Rayong","district":"BanChang","hasc":"TH.RY.BC"},"geometry":{"type":"MultiPolygon","coordinates":[[[[100.9927,12.656],[100.9857,12.6921],[100.9957,12.7139],[100.9924,12.7245],[101.0161,12.7581],[101.0208,12.7975],[101.0381,12.8109],[101.0681,12.8186],[101.096,12.8031],[101.0952,12.7699],[101.0881,12.7596],[101.1033,12.7395],[101.1075,12.7083],[101.095,12.6859],[101.0988,12.6778],[100.9927,12.656]]]]}},{"type":"Feature","properties":{"province":"Rayong","district":"BanKhai","hasc":"TH.RY.BK"},"geometry":{"type":"MultiPolygon","coordinates":[[[[101.3554,12.7466],[101.3054,12.6971],[101.231,12.7534],[101.2252,12.7699],[101.2289,12.8124],[101.2118,12.8282],[101.2335,12.8746],[101.2709,12.8763],[101.2771,12.8853],[101.3146,12.8817],[101.3226,12.9313],[101.33,12.9322],[101.3334,12.9438],[101.3537,12.9495],[101.3611,12.9631],[101.3825,12.9751],[101.418,12.9707],[101.4223,12.954],[101.4733,12.9197],[101.4501,12.9086],[101.4494,12.8969],[101.4844,12.881],[101.4842,12.8656],[101.4377,12.8692],[101.4331,12.8531],[101.4518,12.8296],[101.443,12.8226],[101.4252,12.8287],[101.4137,12.8198],[101.4163,12.775],[101.3926,12.7548],[101.3639,12.7542],[101.3554,12.7466]]]]}},{"type":"Feature","properties":{"province":"Rayong","district":"K.KhaoChamao","hasc":"TH.RY.KC"},"geometry":{"type":"MultiPolygon","coordinates":[[[[101.7821,12.9495],[101.7931,12.94],[101.8092,12.8902],[101.8024,12.8971],[101.7877,12.8608],[101.7723,12.8675],[101.7585,12.8599],[101.7346,12.8281],[101.7318,12.8379],[101.7011,12.8585],[101.707,12.868],[101.678,12.8863],[101.6527,12.8467],[101.6452,12.8752],[101.6109,12.9182],[101.5994,12.9513],[101.5858,12.9339],[101.577,12.9391],[101.5753,12.949],[101.5902,12.9665],[101.5941,13.0156],[101.6071,13.0306],[101.5991,13.0672],[101.5581,13.0718],[101.573,13.0837],[101.588,13.1146],[101.5822,13.1368],[101.6077,13.1357],[101.648,13.1631],[101.6625,13.1527],[101.6985,13.1512],[101.6868,13.1155],[101.7013,13.1076],[101.6946,13.0911],[101.7174,13.0352],[101.7279,13.0288],[101.7549,13.0356],[101.7611,13.022],[101.7403,12.9829],[101.7401,12.9582],[101.7576,12.9399],[101.7821,12.9495]]]]}},{"type":"Feature","properties":{"province":"Rayong","district":"K.NikhomPattan","hasc":"TH.RY.NP"},"geometry":{"type":"MultiPolygon","coordinates":[[[[101.0668,12.861],[101.0924,12.9299],[101.1062,12.9264],[101.1273,12.9349],[101.1805,12.9172],[101.2076,12.8962],[101.1926,12.8707],[101.2243,12.8632],[101.2115,12.8269],[101.2289,12.8124],[101.2256,12.7674],[101.2418,12.7405],[101.2204,12.7455],[101.2101,12.7325],[101.1968,12.7472],[101.1882,12.7428],[101.1487,12.7852],[101.1486,12.7999],[101.1261,12.812],[101.1094,12.8017],[101.0689,12.8186],[101.0476,12.8116],[101.0646,12.8329],[101.0668,12.861]]]]}},{"type":"Feature","properties":{"province":"Rayong","district":"Klaeng","hasc":"TH.RY.KL"},"geometry":{"type":"MultiPolygon","coordinates":[[[[101.6981,12.567],[101.6983,12.57],[101.7013,12.5713],[101.7021,12.5679],[101.7,12.5656],[101.6981,12.567]]],[[[101.6912,12.5958],[101.6889,12.5978],[101.6931,12.6021],[101.6929,12.5965],[101.6912,12.5958]]],[[[101.6878,12.6085],[101.6854,12.6113],[101.6883,12.6138],[101.6893,12.618],[101.6908,12.6164],[101.6909,12.6125],[101.6883,12.6068],[101.6878,12.6085]]],[[[101.6646,12.6703],[101.6458,12.6422],[101.5972,12.6542],[101.5658,12.6472],[101.5661,12.6322],[101.5564,12.6269],[101.5134,12.6312],[101.5218,12.6651],[101.514,12.6777],[101.5195,12.7111],[101.5311,12.7192],[101.523,12.7235],[101.5265,12.7652],[101.5223,12.7838],[101.5092,12.7938],[101.5052,12.835],[101.5498,12.8407],[101.5785,12.8331],[101.5859,12.8386],[101.5857,12.8536],[101.6052,12.877],[101.5848,12.9161],[101.5905,12.9236],[101.5844,12.9322],[101.5973,12.9529],[101.6183,12.906],[101.6452,12.8752],[101.6527,12.8467],[101.678,12.8863],[101.707,12.868],[101.7011,12.8585],[101.7356,12.8279],[101.7585,12.8599],[101.7723,12.8675],[101.7895,12.8623],[101.8024,12.8971],[101.8112,12.8842],[101.8189,12.8993],[101.8266,12.8745],[101.832,12.8233],[101.8195,12.8],[101.8207,12.7536],[101.8014,12.7484],[101.7983,12.7219],[101.7845,12.7097],[101.7892,12.6989],[101.7814,12.6928],[101.7486,12.7078],[101.7039,12.6978],[101.7038,12.7164],[101.6833,12.7231],[101.6989,12.7311],[101.6853,12.7336],[101.6913,12.7495],[101.6761,12.7486],[101.6833,12.7639],[101.6733,12.7497],[101.6928,12.7469],[101.6836,12.7342],[101.6978,12.7294],[101.6819,12.7225],[101.7017,12.7161],[101.7019,12.6964],[101.6719,12.6833],[101.6646,12.6703]]],[[[101.568,12.5557],[101.567,12.5583],[101.5683,12.5592],[101.5704,12.5563],[101.5694,12.5546],[101.568,12.5557]]]]}},{"type":"Feature","properties":{"province":"Rayong","district":"MuangRayong","hasc":"TH.RY.RA"},"geometry":{"type":"MultiPolygon","coordinates":[[[[101.4421,12.5137],[101.442,12.5155],[101.4428,12.5159],[101.4436,12.5138],[101.4427,12.5127],[101.4421,12.5137]]],[[[101.4601,12.5751],[101.4702,12.5675],[101.4503,12.5536],[101.4429,12.5216],[101.4454,12.5801],[101.4601,12.5751]]],[[[101.51,12.5822],[101.5082,12.5845],[101.509,12.5858],[101.5116,12.5841],[101.51,12.5822]]],[[[101.5137,12.6013],[101.515,12.6043],[101.5156,12.6045],[101.5147,12.6009],[101.5137,12.6013]]],[[[101.1711,12.6475],[101.1697,12.6489],[101.1724,12.6511],[101.1722,12.6481],[101.1711,12.6475]]],[[[101.3866,12.6094],[101.3164,12.643],[101.3086,12.645],[101.3029,12.6357],[101.3068,12.6453],[101.2978,12.6412],[101.2999,12.6488],[101.2787,12.6549],[101.2886,12.6548],[101.2792,12.6639],[101.2764,12.6578],[101.2491,12.6646],[101.2747,12.6556],[101.1586,12.6719],[101.1542,12.6622],[101.16,12.6405],[101.1661,12.6404],[101.167,12.6595],[101.1668,12.6396],[101.157,12.6397],[101.1514,12.6725],[101.1342,12.665],[101.1474,12.6468],[101.1305,12.675],[101.1247,12.6354],[101.1295,12.6747],[101.0948,12.6819],[101.1075,12.7083],[101.1033,12.7395],[101.0881,12.7596],[101.0952,12.7699],[101.096,12.8031],[101.1113,12.8023],[101.1245,12.8125],[101.1409,12.8046],[101.1493,12.7989],[101.1497,12.7838],[101.1882,12.7428],[101.1968,12.7472],[101.2101,12.7325],[101.2204,12.7455],[101.2408,12.7411],[101.2874,12.7165],[101.3054,12.6971],[101.359,12.7519],[101.3926,12.7548],[101.4163,12.775],[101.4137,12.8198],[101.4252,12.8287],[101.443,12.8226],[101.4518,12.8296],[101.4331,12.8531],[101.4377,12.8692],[101.5029,12.867],[101.5088,12.7957],[101.5232,12.7818],[101.5228,12.7242],[101.5311,12.7192],[101.5195,12.7111],[101.514,12.6777],[101.5218,12.6651],[101.5148,12.6335],[101.437,12.6261],[101.4244,12.6161],[101.4183,12.5831],[101.3866,12.6094]]]]}},{"type":"Feature","properties":{"province":"Rayong","district":"PluakDaeng","hasc":"TH.RY.PD"},"geometry":{"type":"MultiPolygon","coordinates":[[[[101.3022,12.883],[101.2771,12.8853],[101.2709,12.8763],[101.2337,12.8747],[101.2246,12.863],[101.1939,12.8695],[101.1915,12.8779],[101.2074,12.8968],[101.1576,12.9299],[101.1273,12.9349],[101.0884,12.9276],[101.0924,12.9576],[101.1044,12.9711],[101.0952,12.9769],[101.0917,12.997],[101.069,13.007],[101.1043,13.0459],[101.1668,13.0462],[101.1884,13.0374],[101.201,13.0437],[101.1941,13.0534],[101.1745,13.0571],[101.1756,13.0746],[101.1858,13.0865],[101.2411,13.063],[101.2606,13.0764],[101.2733,13.0564],[101.2918,13.05],[101.2946,13.0651],[101.3311,13.0816],[101.3993,13.0203],[101.4182,12.9707],[101.3825,12.9751],[101.3601,12.9623],[101.3537,12.9495],[101.3334,12.9438],[101.33,12.9322],[101.3226,12.9313],[101.3146,12.8817],[101.3022,12.883]]]]}},{"type":"Feature","properties":{"province":"Rayong","district":"WangChan","hasc":"TH.RY.WC"},"geometry":{"type":"MultiPolygon","coordinates":[[[[101.4841,12.8657],[101.4844,12.881],[101.4494,12.8969],[101.4501,12.9086],[101.4733,12.9197],[101.4164,12.9613],[101.4173,12.9848],[101.3993,13.0203],[101.3812,13.0376],[101.4229,13.0378],[101.4383,13.0508],[101.465,13.0323],[101.4856,13.0386],[101.4984,13.0574],[101.5154,13.0583],[101.5277,13.0736],[101.5991,13.0672],[101.6071,13.0306],[101.5886,12.9981],[101.5898,12.9652],[101.5751,12.9485],[101.6052,12.877],[101.5857,12.8536],[101.5862,12.839],[101.5785,12.8331],[101.5681,12.8395],[101.5069,12.8387],[101.5045,12.8652],[101.4841,12.8657]]]]}},{"type":"Feature","properties":{"province":"RoiEt","district":"AtSamat","hasc":"TH.RE.AS"},"geometry":{"type":"MultiPolygon","coordinates":[[[[103.9738,15.8316],[103.9807,15.8088],[103.989,15.8095],[103.9826,15.8006],[103.9945,15.8078],[103.9679,15.7798],[103.9898,15.7675],[103.9957,15.7487],[103.9446,15.7032],[103.9242,15.7399],[103.867,15.7628],[103.8481,15.7858],[103.8213,15.7836],[103.8381,15.8076],[103.7944,15.813],[103.763,15.8396],[103.7352,15.8418],[103.699,15.862],[103.7224,15.9138],[103.7513,15.9193],[103.796,15.9094],[103.8275,15.9309],[103.8834,15.948],[103.9066,15.932],[103.9104,15.8975],[103.9586,15.8688],[103.9473,15.8578],[103.9685,15.8614],[103.9613,15.8416],[103.9738,15.8316]]]]}},{"type":"Feature","properties":{"province":"RoiEt","district":"Changhan","hasc":"TH.RE.CH"},"geometry":{"type":"MultiPolygon","coordinates":[[[[103.6932,16.1429],[103.6954,16.1148],[103.6737,16.108],[103.6682,16.0901],[103.6446,16.0875],[103.6322,16.1206],[103.5667,16.1218],[103.5658,16.1346],[103.5784,16.1555],[103.4882,16.1604],[103.4875,16.182],[103.504,16.1975],[103.5232,16.194],[103.5421,16.2208],[103.539,16.2099],[103.5624,16.2165],[103.553,16.2019],[103.5914,16.1927],[103.5989,16.2007],[103.6009,16.191],[103.6213,16.2029],[103.6149,16.2132],[103.6024,16.2131],[103.6187,16.2158],[103.6346,16.187],[103.6525,16.1867],[103.6545,16.2019],[103.6638,16.191],[103.6783,16.2009],[103.6657,16.2067],[103.6664,16.2195],[103.676,16.2101],[103.6877,16.216],[103.688,16.2092],[103.6995,16.2154],[103.6941,16.2233],[103.7065,16.22],[103.7157,16.2055],[103.7037,16.1799],[103.6927,16.1786],[103.6871,16.148],[103.6932,16.1429]]]]}},{"type":"Feature","properties":{"province":"RoiEt","district":"ChaturaphakPhim","hasc":"TH.RE.CP"},"geometry":{"type":"MultiPolygon","coordinates":[[[[103.4222,15.7194],[103.4291,15.7734],[103.4427,15.7978],[103.4373,15.8064],[103.4472,15.8675],[103.46,15.9069],[103.483,15.9258],[103.5342,15.9351],[103.5721,15.9074],[103.6175,15.9102],[103.6302,15.8911],[103.6992,15.8622],[103.693,15.825],[103.7021,15.7884],[103.6964,15.7715],[103.6204,15.7793],[103.6151,15.7664],[103.5703,15.7479],[103.4222,15.7194]]]]}},{"type":"Feature","properties":{"province":"RoiEt","district":"K.ChiangKwan","hasc":"TH.RE.CK"},"geometry":{"type":"MultiPolygon","coordinates":[[[[103.6959,16.1159],[103.6888,16.1666],[103.7157,16.2055],[103.7065,16.22],[103.729,16.2179],[103.7529,16.2005],[103.7552,16.1875],[103.7672,16.1932],[103.7816,16.1704],[103.8013,16.1663],[103.7933,16.1554],[103.7976,16.1506],[103.8238,16.165],[103.8173,16.1768],[103.8102,16.1754],[103.8153,16.1838],[103.8338,16.1787],[103.8425,16.152],[103.8501,16.1621],[103.8527,16.154],[103.8485,16.1399],[103.8273,16.132],[103.8296,16.1225],[103.817,16.1321],[103.7994,16.1216],[103.7495,16.1183],[103.7205,16.1014],[103.7103,16.0803],[103.6848,16.0847],[103.6831,16.0964],[103.6959,16.1159]]]]}},{"type":"Feature","properties":{"province":"RoiEt","district":"K.NongHi","hasc":"TH.RE.NH"},"geometry":{"type":"MultiPolygon","coordinates":[[[[104.0405,15.6562],[104.0475,15.645],[104.0365,15.6325],[104.0531,15.6206],[104.055,15.6043],[104.046,15.5787],[104.0703,15.5826],[104.0847,15.5431],[104.0761,15.5375],[104.0765,15.5219],[104.0698,15.5262],[104.0585,15.5134],[104.063,15.4995],[104.0515,15.5029],[104.0457,15.5179],[104.0221,15.5219],[104.0152,15.5306],[104.0067,15.5249],[103.9828,15.5467],[103.9641,15.535],[103.9555,15.5482],[103.9495,15.5407],[103.9373,15.5484],[103.9472,15.5768],[103.9433,15.5911],[103.9708,15.6269],[103.969,15.6399],[103.997,15.6463],[104.0157,15.667],[104.0405,15.6562]]]]}},{"type":"Feature","properties":{"province":"RoiEt","district":"K.ThungKaoLua","hasc":"TH.RE.TK"},"geometry":{"type":"MultiPolygon","coordinates":[[[[103.8347,15.9318],[103.8151,15.9203],[103.8074,15.9799],[103.8134,15.9946],[103.8231,15.9997],[103.8302,15.9945],[103.8385,16.0039],[103.8316,16.0131],[103.8383,16.0247],[103.8305,16.0318],[103.8333,16.0493],[103.9053,16.0572],[103.9113,15.9998],[103.9192,15.9964],[103.9212,16.01],[103.9346,16.0107],[103.9277,16.0015],[103.9369,15.9845],[103.9293,15.9755],[103.9362,15.9712],[103.9238,15.9643],[103.9263,15.9573],[103.9154,15.9537],[103.9156,15.9458],[103.9014,15.9545],[103.9017,15.937],[103.8765,15.9484],[103.8347,15.9318]]]]}},{"type":"Feature","properties":{"province":"RoiEt","district":"KasetWisai","hasc":"TH.RE.KW"},"geometry":{"type":"MultiPolygon","coordinates":[[[[103.6782,15.5224],[103.6397,15.4561],[103.6176,15.467],[103.5677,15.4609],[103.5526,15.4373],[103.5344,15.4253],[103.4943,15.437],[103.4827,15.4508],[103.4542,15.4544],[103.4358,15.4533],[103.4009,15.433],[103.4225,15.4982],[103.4197,15.5381],[103.4434,15.5416],[103.4688,15.5587],[103.4724,15.5796],[103.4887,15.5922],[103.496,15.6345],[103.496,15.6695],[103.4268,15.6751],[103.4092,15.6983],[103.4176,15.6989],[103.415,15.711],[103.4608,15.7298],[103.5703,15.7479],[103.6151,15.7664],[103.6204,15.7793],[103.6964,15.7715],[103.7009,15.7429],[103.6838,15.6654],[103.6928,15.5768],[103.6796,15.5515],[103.6782,15.5224]]]]}},{"type":"Feature","properties":{"province":"RoiEt","district":"MoeiWadi","hasc":"TH.RE.MW"},"geometry":{"type":"MultiPolygon","coordinates":[[[[104.049,16.3878],[104.0689,16.397],[104.0743,16.4086],[104.1388,16.4224],[104.1494,16.4364],[104.173,16.4439],[104.1919,16.4283],[104.2232,16.4354],[104.2386,16.4264],[104.2169,16.4163],[104.19,16.3814],[104.1769,16.3833],[104.1522,16.3682],[104.1346,16.3446],[104.1172,16.335],[104.1148,16.3131],[104.1055,16.3068],[104.0742,16.3104],[104.0516,16.2979],[104.0211,16.2983],[104.027,16.3116],[104.0205,16.3347],[104.0343,16.3441],[104.0399,16.3562],[104.0333,16.3643],[104.0408,16.3653],[104.049,16.3878]]]]}},{"type":"Feature","properties":{"province":"RoiEt","district":"MuangRoiEt","hasc":"TH.RE.RE"},"geometry":{"type":"MultiPolygon","coordinates":[[[[103.7096,15.8915],[103.6992,15.8622],[103.6302,15.8911],[103.6175,15.9102],[103.5721,15.9074],[103.5264,15.9352],[103.5365,15.9573],[103.5809,15.9849],[103.5698,16.0032],[103.5889,16.0534],[103.5665,16.0608],[103.5638,16.0734],[103.5069,16.0571],[103.5012,16.0856],[103.5087,16.1088],[103.4686,16.129],[103.4826,16.1436],[103.4864,16.1614],[103.5784,16.1555],[103.5658,16.1346],[103.5667,16.1218],[103.6322,16.1206],[103.6446,16.0875],[103.6682,16.0901],[103.6737,16.108],[103.6954,16.1148],[103.6823,16.0929],[103.6884,16.0748],[103.6977,16.0778],[103.6944,16.0618],[103.7047,16.0376],[103.6827,16.0058],[103.7239,15.914],[103.7096,15.8915]]]]}},{"type":"Feature","properties":{"province":"RoiEt","district":"MuangSuang","hasc":"TH.RE.MS"},"geometry":{"type":"MultiPolygon","coordinates":[[[[103.6963,15.7725],[103.7021,15.7884],[103.693,15.825],[103.699,15.862],[103.7352,15.8418],[103.763,15.8396],[103.7944,15.813],[103.8381,15.8076],[103.8213,15.7836],[103.8445,15.7866],[103.8545,15.78],[103.8417,15.7668],[103.7975,15.7572],[103.7252,15.7183],[103.6961,15.712],[103.6963,15.7725]]]]}},{"type":"Feature","properties":{"province":"RoiEt","district":"NongPhok","hasc":"TH.RE.NP"},"geometry":{"type":"MultiPolygon","coordinates":[[[[104.2514,16.2076],[104.2297,16.1644],[104.2181,16.1553],[104.2068,16.1611],[104.1912,16.1451],[104.1807,16.147],[104.1819,16.1882],[104.202,16.2216],[104.1555,16.1984],[104.1417,16.2005],[104.1226,16.222],[104.0884,16.2322],[104.0769,16.227],[104.0751,16.2443],[104.0861,16.2699],[104.0792,16.2785],[104.0833,16.2872],[104.0665,16.2945],[104.0653,16.3069],[104.1129,16.3111],[104.1172,16.335],[104.1346,16.3446],[104.1522,16.3682],[104.1769,16.3833],[104.1904,16.3817],[104.2159,16.4154],[104.2463,16.4351],[104.272,16.4359],[104.2889,16.4508],[104.2946,16.4709],[104.313,16.4505],[104.3214,16.4193],[104.3185,16.3895],[104.3328,16.3386],[104.3247,16.3293],[104.3534,16.3226],[104.3346,16.2715],[104.3,16.2515],[104.3007,16.2383],[104.2799,16.2241],[104.2533,16.2175],[104.2514,16.2076]]]]}},{"type":"Feature","properties":{"province":"RoiEt","district":"PanomPhrai","hasc":"TH.RE.PP"},"geometry":{"type":"MultiPolygon","coordinates":[[[[104.0831,15.5473],[104.0703,15.5826],[104.046,15.5787],[104.055,15.6043],[104.0531,15.6206],[104.0365,15.6325],[104.0475,15.645],[104.0395,15.6582],[104.0157,15.667],[103.997,15.6463],[103.969,15.6399],[103.9702,15.6928],[103.9446,15.7032],[103.9954,15.7478],[103.9898,15.7675],[103.9679,15.7798],[103.9794,15.7952],[103.9896,15.7961],[103.9945,15.8083],[104.0035,15.7941],[104.0378,15.7954],[104.0807,15.8195],[104.0723,15.8257],[104.0766,15.8378],[104.138,15.7931],[104.14,15.783],[104.1288,15.7676],[104.1344,15.7529],[104.143,15.7517],[104.1343,15.7405],[104.1436,15.7272],[104.131,15.7236],[104.1325,15.7045],[104.1209,15.7046],[104.122,15.6983],[104.1302,15.6951],[104.1493,15.712],[104.1441,15.7054],[104.1541,15.6898],[104.1778,15.6706],[104.1772,15.6632],[104.1891,15.6643],[104.1868,15.6559],[104.1739,15.6587],[104.1802,15.6384],[104.1715,15.6322],[104.1929,15.6301],[104.1841,15.6202],[104.1885,15.6076],[104.2144,15.6141],[104.2112,15.6074],[104.1624,15.601],[104.1245,15.5761],[104.1216,15.5604],[104.1023,15.5661],[104.1073,15.5452],[104.0831,15.5473]]]]}},{"type":"Feature","properties":{"province":"RoiEt","district":"PathumRat","hasc":"TH.RE.PR"},"geometry":{"type":"MultiPolygon","coordinates":[[[[103.387,15.5355],[103.3623,15.5243],[103.3514,15.5427],[103.305,15.5605],[103.2967,15.5909],[103.2763,15.5997],[103.307,15.6591],[103.2738,15.6625],[103.3073,15.7016],[103.341,15.7094],[103.353,15.7243],[103.3929,15.7074],[103.415,15.711],[103.4176,15.6989],[103.4092,15.6983],[103.4377,15.6703],[103.4415,15.6762],[103.4964,15.6687],[103.493,15.6066],[103.4663,15.5692],[103.4688,15.5587],[103.4183,15.5334],[103.387,15.5355]]]]}},{"type":"Feature","properties":{"province":"RoiEt","district":"PhoChai","hasc":"TH.RE.PC"},"geometry":{"type":"MultiPolygon","coordinates":[[[[103.8492,16.1616],[103.8432,16.1514],[103.8338,16.1787],[103.8139,16.1836],[103.8102,16.1754],[103.8173,16.1768],[103.8238,16.165],[103.7976,16.1506],[103.7932,16.155],[103.8004,16.1673],[103.7816,16.1704],[103.766,16.194],[103.7536,16.1885],[103.7529,16.2005],[103.7251,16.219],[103.736,16.2209],[103.7383,16.2453],[103.7544,16.2594],[103.7583,16.2989],[103.7271,16.3269],[103.7301,16.342],[103.701,16.3753],[103.8273,16.468],[103.8443,16.4601],[103.8443,16.4518],[103.8707,16.4255],[103.885,16.4212],[103.8911,16.4056],[103.8681,16.387],[103.8658,16.3774],[103.8752,16.3714],[103.8666,16.3519],[103.8147,16.294],[103.8162,16.2853],[103.8387,16.2741],[103.8333,16.2363],[103.8491,16.2082],[103.8623,16.2013],[103.8492,16.1616]]]]}},{"type":"Feature","properties":{"province":"RoiEt","district":"PhonSai","hasc":"TH.RE.PS"},"geometry":{"type":"MultiPolygon","coordinates":[[[[104.0009,15.4506],[103.9844,15.4035],[103.9729,15.4069],[103.9763,15.4245],[103.9522,15.4119],[103.9436,15.4262],[103.9476,15.4369],[103.9319,15.4311],[103.9005,15.4408],[103.8922,15.4682],[103.89,15.4541],[103.8791,15.467],[103.8612,15.4473],[103.8584,15.4861],[103.8279,15.5246],[103.8563,15.5567],[103.867,15.5482],[103.8961,15.556],[103.9169,15.5383],[103.9355,15.5573],[103.938,15.5472],[103.9495,15.5407],[103.9555,15.5482],[103.9641,15.535],[103.9828,15.5467],[104.0067,15.5249],[104.0152,15.5306],[104.0221,15.5219],[104.0457,15.5179],[104.0515,15.5029],[104.0632,15.4993],[104.0318,15.4867],[104.0009,15.4506]]]]}},{"type":"Feature","properties":{"province":"RoiEt","district":"PhonThong","hasc":"TH.RE.PT"},"geometry":{"type":"MultiPolygon","coordinates":[[[[104.069,16.1523],[104.0594,16.147],[104.0372,16.1579],[104.0126,16.1584],[104.0145,16.1441],[104.0024,16.1296],[103.9944,16.144],[103.9898,16.1391],[103.9914,16.1689],[103.9491,16.1725],[103.8836,16.1956],[103.8598,16.1893],[103.8623,16.2013],[103.8491,16.2082],[103.8332,16.2367],[103.8312,16.2536],[103.8407,16.27],[103.8162,16.2853],[103.8147,16.294],[103.8666,16.3519],[103.8752,16.3714],[103.8658,16.3774],[103.8681,16.387],[103.8911,16.4056],[103.8853,16.4208],[103.8707,16.4255],[103.8443,16.4518],[103.8443,16.4601],[103.8677,16.4686],[103.9022,16.445],[103.9132,16.4506],[103.9172,16.437],[103.9308,16.4329],[103.9511,16.4407],[103.9813,16.4301],[103.9965,16.443],[104.0403,16.4351],[104.0382,16.4139],[104.05,16.3821],[104.0333,16.3643],[104.0399,16.3562],[104.0343,16.3441],[104.0205,16.3347],[104.027,16.3116],[104.0211,16.2983],[104.0511,16.2977],[104.0648,16.3081],[104.0662,16.2949],[104.0833,16.2872],[104.0792,16.2785],[104.0861,16.2699],[104.0762,16.2276],[104.0884,16.2322],[104.1226,16.222],[104.1439,16.1996],[104.121,16.1874],[104.0915,16.1464],[104.069,16.1523]]]]}},{"type":"Feature","properties":{"province":"RoiEt","district":"Selaphum","hasc":"TH.RE.SE"},"geometry":{"type":"MultiPolygon","coordinates":[[[[103.9716,15.8344],[103.9613,15.8416],[103.967,15.8631],[103.9484,15.8569],[103.9492,15.8664],[103.9586,15.8688],[103.9101,15.8978],[103.9017,15.937],[103.9014,15.9545],[103.9156,15.9458],[103.9154,15.9537],[103.9263,15.9573],[103.9238,15.9643],[103.9362,15.9712],[103.9293,15.9755],[103.9369,15.9845],[103.9277,16.002],[103.9348,16.0103],[103.922,16.0105],[103.9209,15.9979],[103.9122,15.9983],[103.9051,16.0591],[103.8795,16.1035],[103.8388,16.1155],[103.827,16.1273],[103.8347,16.139],[103.8508,16.1427],[103.8538,16.1857],[103.8831,16.1956],[103.9491,16.1725],[103.9914,16.1689],[103.9898,16.1391],[103.9944,16.144],[104.0024,16.1296],[104.0145,16.1441],[104.0083,16.1535],[104.0135,16.1586],[104.0883,16.1448],[104.121,16.1874],[104.202,16.2216],[104.1819,16.1882],[104.1804,16.1463],[104.1544,16.1163],[104.1404,16.1082],[104.118,16.1122],[104.1028,16.0922],[104.101,16.0567],[104.1158,16.0382],[104.1031,16.0028],[104.1094,15.9918],[104.1053,15.9823],[104.0946,15.9752],[104.0638,15.9862],[104.0307,15.9819],[104.0138,15.9573],[104.0176,15.9473],[104.0291,15.9589],[104.0384,15.9381],[104.0257,15.9102],[104.0165,15.9091],[104.0171,15.8912],[104.0231,15.8896],[104.0173,15.8842],[104.0343,15.8731],[104.0263,15.8682],[104.0388,15.8666],[104.0215,15.8644],[104.0311,15.8577],[104.0208,15.846],[104.0231,15.8378],[104.0144,15.8426],[104.0194,15.8289],[104.0094,15.8294],[104.0156,15.8157],[103.9994,15.8126],[104.0041,15.801],[103.9945,15.8083],[103.984,15.7994],[103.9889,15.81],[103.9807,15.8088],[103.9716,15.8344]]]]}},{"type":"Feature","properties":{"province":"RoiEt","district":"SiSomdet","hasc":"TH.RE.SS"},"geometry":{"type":"MultiPolygon","coordinates":[[[[103.4827,15.9264],[103.4815,15.9495],[103.469,15.9602],[103.4624,15.9965],[103.4726,16.0444],[103.455,16.0801],[103.4572,16.1149],[103.4686,16.129],[103.5087,16.1088],[103.5012,16.0856],[103.5072,16.0568],[103.5638,16.0734],[103.5665,16.0608],[103.5889,16.0534],[103.5698,16.0032],[103.5805,15.9843],[103.5365,15.9573],[103.5233,15.932],[103.4827,15.9264]]]]}},{"type":"Feature","properties":{"province":"RoiEt","district":"Suwannaphum","hasc":"TH.RE.SU"},"geometry":{"type":"MultiPolygon","coordinates":[[[[103.8386,15.507],[103.8594,15.4819],[103.8502,15.4566],[103.8333,15.4592],[103.8299,15.4501],[103.7822,15.4407],[103.7795,15.4337],[103.7552,15.4371],[103.746,15.4467],[103.726,15.4372],[103.7176,15.4462],[103.7067,15.4408],[103.6906,15.448],[103.6702,15.4453],[103.6425,15.4578],[103.6777,15.5207],[103.6796,15.5515],[103.6924,15.575],[103.6838,15.6654],[103.6961,15.712],[103.7247,15.7181],[103.7975,15.7572],[103.8408,15.7665],[103.8534,15.7768],[103.8678,15.7623],[103.9242,15.7399],[103.9453,15.7021],[103.9697,15.6936],[103.9661,15.6518],[103.9722,15.6302],[103.9446,15.594],[103.9469,15.5759],[103.9226,15.539],[103.8957,15.5561],[103.867,15.5482],[103.8563,15.5567],[103.8279,15.5246],[103.8386,15.507]]]]}},{"type":"Feature","properties":{"province":"RoiEt","district":"Thawatchaburi","hasc":"TH.RE.TB"},"geometry":{"type":"MultiPolygon","coordinates":[[[[103.7513,15.9193],[103.7242,15.9137],[103.7129,15.9285],[103.7034,15.9708],[103.6827,16.0058],[103.7047,16.0376],[103.6944,16.0618],[103.6977,16.0778],[103.6888,16.0746],[103.6861,16.0821],[103.712,16.081],[103.7205,16.1014],[103.7495,16.1183],[103.7994,16.1216],[103.816,16.132],[103.8405,16.1147],[103.871,16.1105],[103.9053,16.0572],[103.8333,16.0493],[103.8305,16.0318],[103.8383,16.0247],[103.8316,16.0131],[103.8385,16.0039],[103.8302,15.9945],[103.8231,15.9997],[103.8134,15.9946],[103.8074,15.9808],[103.814,15.9521],[103.8094,15.9145],[103.8027,15.9182],[103.796,15.9094],[103.7513,15.9193]]]]}},{"type":"Feature","properties":{"province":"SaKaeo","district":"Aranyaprathet","hasc":"TH.SK.AR"},"geometry":{"type":"MultiPolygon","coordinates":[[[[102.3509,13.5629],[102.3401,13.5597],[102.3338,13.5375],[102.363,13.5068],[102.3565,13.4746],[102.3191,13.474],[102.3145,13.5121],[102.3004,13.5153],[102.3468,13.6599],[102.3779,13.6639],[102.3942,13.6768],[102.4022,13.6973],[102.4314,13.7083],[102.4337,13.7188],[102.4617,13.7263],[102.4499,13.7412],[102.4286,13.7477],[102.4153,13.7665],[102.3974,13.8026],[102.404,13.8191],[102.436,13.8574],[102.4659,13.8657],[102.4763,13.8825],[102.5143,13.8774],[102.6559,13.7376],[102.5806,13.7005],[102.548,13.6588],[102.5703,13.6431],[102.5754,13.6297],[102.6242,13.6087],[102.5799,13.6061],[102.5628,13.5791],[102.5268,13.5645],[102.4801,13.5725],[102.4388,13.5598],[102.421,13.5713],[102.3971,13.5667],[102.3666,13.5779],[102.3509,13.5629]]]]}},{"type":"Feature","properties":{"province":"SaKaeo","district":"K.KokSung","hasc":"TH.SK.KS"},"geometry":{"type":"MultiPolygon","coordinates":[[[[102.7416,13.8235],[102.7232,13.7933],[102.7321,13.7736],[102.7156,13.7738],[102.6559,13.7376],[102.5147,13.8765],[102.5465,13.9035],[102.525,13.9378],[102.5554,13.9642],[102.564,13.9817],[102.5979,13.9979],[102.5787,13.9708],[102.581,13.9615],[102.5902,13.9492],[102.6136,13.9478],[102.6386,13.9315],[102.6497,13.9089],[102.6908,13.9359],[102.6852,13.9558],[102.6713,13.9633],[102.682,13.9961],[102.7422,13.9939],[102.7481,13.9651],[102.7827,13.932],[102.7663,13.8564],[102.7416,13.8235]]]]}},{"type":"Feature","properties":{"province":"SaKaeo","district":"K.WangSombun","hasc":"TH.SK.WS"},"geometry":{"type":"MultiPolygon","coordinates":[[[[101.9903,13.3322],[101.9902,13.352],[101.973,13.392],[101.9762,13.4064],[101.9377,13.4426],[101.9951,13.4408],[102.0504,13.4517],[102.142,13.4491],[102.1652,13.4707],[102.1905,13.4641],[102.2207,13.4757],[102.2404,13.464],[102.2516,13.4462],[102.2317,13.41],[102.2155,13.3998],[102.2107,13.3768],[102.2318,13.3484],[102.2753,13.3272],[102.272,13.3215],[102.2961,13.2882],[102.2935,13.2647],[102.2751,13.2544],[102.2429,13.2632],[102.2049,13.2571],[102.1894,13.3011],[102.1536,13.2971],[102.131,13.3346],[102.1193,13.2764],[102.11,13.2631],[102.0732,13.2545],[102.0582,13.2397],[102.0297,13.2357],[102.0362,13.2827],[102.0139,13.2885],[101.9903,13.3322]]]]}},{"type":"Feature","properties":{"province":"SaKaeo","district":"KaoChaKan","hasc":"TH.SK.KC"},"geometry":{"type":"MultiPolygon","coordinates":[[[[101.8976,13.5091],[101.8947,13.5185],[101.8739,13.5235],[101.8617,13.5386],[101.8987,13.5469],[101.9154,13.5842],[101.9117,13.6036],[101.9396,13.6],[101.9399,13.6071],[101.9479,13.6061],[101.9467,13.623],[101.9558,13.6185],[101.9425,13.649],[101.9463,13.6775],[101.9651,13.6821],[102.0001,13.7114],[102.0351,13.7024],[102.0418,13.7415],[102.0904,13.761],[102.1445,13.7283],[102.1515,13.6974],[102.1709,13.6925],[102.1611,13.6863],[102.1909,13.6233],[102.1588,13.6094],[102.1295,13.623],[102.1437,13.6277],[102.1566,13.6535],[102.1178,13.6507],[102.093,13.6389],[102.0771,13.6425],[102.0629,13.6174],[102.0941,13.5943],[102.102,13.5693],[102.0957,13.5759],[102.0754,13.5696],[102.0412,13.5726],[102.0264,13.5445],[101.999,13.5311],[102.0027,13.513],[101.9934,13.4999],[101.9629,13.4874],[101.9439,13.4916],[101.9344,13.4745],[101.9156,13.4764],[101.8976,13.5091]]]]}},{"type":"Feature","properties":{"province":"SaKaeo","district":"KhlongHat","hasc":"TH.SK.KH"},"geometry":{"type":"MultiPolygon","coordinates":[[[[102.3505,13.3675],[102.3451,13.3469],[102.3573,13.3247],[102.3571,13.3057],[102.3497,13.2965],[102.3345,13.3156],[102.3124,13.2858],[102.2851,13.3027],[102.2678,13.3335],[102.2309,13.3491],[102.2107,13.3768],[102.2144,13.3971],[102.2317,13.41],[102.2511,13.4478],[102.2093,13.4866],[102.2079,13.5038],[102.1953,13.5217],[102.1692,13.5429],[102.1622,13.5594],[102.1674,13.5676],[102.1441,13.587],[102.1374,13.6174],[102.199,13.5894],[102.2443,13.6228],[102.2767,13.6167],[102.3135,13.6519],[102.3417,13.6464],[102.329,13.5893],[102.3142,13.5746],[102.3152,13.5513],[102.3044,13.5425],[102.3001,13.5162],[102.3144,13.5124],[102.3196,13.4735],[102.3579,13.4716],[102.3625,13.4246],[102.3505,13.3675]]]]}},{"type":"Feature","properties":{"province":"SaKaeo","district":"MuangSaKaeo","hasc":"TH.SK.SK"},"geometry":{"type":"MultiPolygon","coordinates":[[[[101.9459,13.6827],[101.9391,13.7092],[101.9431,13.7365],[101.9203,13.7527],[101.9436,13.7642],[101.9489,13.8001],[101.9448,13.8087],[101.9268,13.814],[101.922,13.8316],[101.93,13.8529],[101.9058,13.8816],[101.9134,13.9338],[101.9526,13.933],[101.9391,13.958],[101.9413,14.0153],[101.9928,14.0314],[102.0382,14.0355],[102.0487,14.0751],[102.0856,14.0866],[102.1008,14.1022],[102.1082,14.1496],[102.1373,14.136],[102.1674,14.14],[102.1687,14.1709],[102.1853,14.1945],[102.2135,14.1708],[102.2192,14.1433],[102.2488,14.1394],[102.2689,14.1458],[102.2743,14.1278],[102.2907,14.1341],[102.3099,14.1196],[102.3276,14.1265],[102.3268,14.0942],[102.3139,14.0855],[102.3081,14.0656],[102.3133,14.0253],[102.2917,14.0031],[102.2886,13.97],[102.2701,13.9623],[102.2536,13.9336],[102.213,13.9338],[102.2121,13.9195],[102.1992,13.9128],[102.1837,13.8739],[102.1605,13.8547],[102.1609,13.842],[102.1789,13.8223],[102.1797,13.791],[102.1999,13.7699],[102.2248,13.7666],[102.2338,13.7522],[102.2301,13.71],[102.2103,13.7096],[102.1709,13.6925],[102.1524,13.6969],[102.1445,13.7283],[102.0908,13.7611],[102.0418,13.7415],[102.0351,13.7024],[102.0001,13.7114],[101.9593,13.6788],[101.9459,13.6827]]]]}},{"type":"Feature","properties":{"province":"SaKaeo","district":"TaPhraya","hasc":"TH.SK.TP"},"geometry":{"type":"MultiPolygon","coordinates":[[[[102.7829,13.9328],[102.7486,13.9645],[102.7432,13.9924],[102.7364,13.9949],[102.682,13.9961],[102.6713,13.9633],[102.6852,13.9558],[102.6908,13.9359],[102.6539,13.9101],[102.6163,13.9464],[102.5902,13.9492],[102.5787,13.9708],[102.6024,13.9962],[102.564,13.9817],[102.56,14.0151],[102.5365,14.0447],[102.534,14.095],[102.5128,14.0912],[102.502,14.1024],[102.5037,14.1305],[102.5237,14.1414],[102.5522,14.1336],[102.6087,14.1698],[102.6353,14.1475],[102.6578,14.164],[102.6868,14.1478],[102.6968,14.1295],[102.7368,14.1398],[102.7641,14.1376],[102.7939,14.1708],[102.8015,14.158],[102.8137,14.1706],[102.8311,14.1564],[102.8328,14.1666],[102.8653,14.1472],[102.8773,14.1716],[102.9006,14.1626],[102.9313,14.1752],[102.9404,14.1484],[102.925,14.1321],[102.9232,14.106],[102.9007,14.0834],[102.8978,14.0518],[102.9113,14.0173],[102.8666,14.0043],[102.8156,13.9654],[102.803,13.943],[102.7829,13.9328]]]]}},{"type":"Feature","properties":{"province":"SaKaeo","district":"WangNamYen","hasc":"TH.SK.WY"},"geometry":{"type":"MultiPolygon","coordinates":[[[[101.9377,13.4426],[101.9408,13.4613],[101.9337,13.471],[101.9407,13.4893],[101.9557,13.4933],[101.9629,13.4874],[101.9934,13.4999],[102.0027,13.513],[101.999,13.5311],[102.0264,13.5445],[102.0412,13.5726],[102.0754,13.5696],[102.0957,13.5759],[102.1024,13.5699],[102.0941,13.5943],[102.0629,13.6174],[102.0721,13.6399],[102.1582,13.6531],[102.1437,13.6277],[102.1291,13.6236],[102.1405,13.6132],[102.1441,13.587],[102.1674,13.5676],[102.1622,13.5594],[102.169,13.5432],[102.1953,13.5217],[102.2207,13.4757],[102.1905,13.4641],[102.1652,13.4707],[102.142,13.4491],[102.0504,13.4517],[101.9951,13.4408],[101.9377,13.4426]]]]}},{"type":"Feature","properties":{"province":"SaKaeo","district":"WatthanaNakhon","hasc":"TH.SK.WN"},"geometry":{"type":"MultiPolygon","coordinates":[[[[102.1684,13.614],[102.1919,13.6277],[102.1844,13.6312],[102.1609,13.6874],[102.21,13.7095],[102.2296,13.7096],[102.2345,13.7492],[102.2251,13.7664],[102.1999,13.7699],[102.1797,13.791],[102.1789,13.8223],[102.1609,13.842],[102.1607,13.8553],[102.1837,13.8739],[102.1992,13.9128],[102.2121,13.9195],[102.213,13.9338],[102.2536,13.9336],[102.2701,13.9623],[102.2886,13.97],[102.2917,14.0031],[102.3133,14.0253],[102.3081,14.0656],[102.3139,14.0855],[102.3268,14.0942],[102.3276,14.1265],[102.3345,14.1194],[102.3592,14.1305],[102.3633,14.1637],[102.3867,14.1439],[102.4242,14.1565],[102.438,14.1422],[102.4536,14.142],[102.47,14.1309],[102.4848,14.1398],[102.5012,14.1353],[102.5018,14.1027],[102.5128,14.0912],[102.534,14.095],[102.5365,14.0447],[102.56,14.0151],[102.564,13.9786],[102.525,13.9378],[102.528,13.9242],[102.5464,13.9108],[102.5442,13.8989],[102.5143,13.8774],[102.4779,13.883],[102.4659,13.8657],[102.436,13.8574],[102.398,13.8058],[102.4245,13.7527],[102.4499,13.7412],[102.4616,13.726],[102.4337,13.7188],[102.4314,13.7083],[102.3982,13.6941],[102.3861,13.669],[102.3673,13.6593],[102.3515,13.6627],[102.3406,13.6444],[102.3301,13.6519],[102.3116,13.6509],[102.3004,13.6424],[102.3013,13.6338],[102.2767,13.6167],[102.2443,13.6228],[102.1974,13.5893],[102.1605,13.6098],[102.1684,13.614]]]]}},{"type":"Feature","properties":{"province":"SakonNakhon","district":"AkatAmnuai","hasc":"TH.SN.AA"},"geometry":{"type":"MultiPolygon","coordinates":[[[[104.0207,17.4864],[104.0119,17.4851],[104.0189,17.46],[103.9847,17.471],[103.8783,17.4629],[103.8951,17.4702],[103.9201,17.5282],[103.9425,17.5406],[103.9333,17.5604],[103.9069,17.5679],[103.9006,17.5784],[103.8961,17.5711],[103.8773,17.5753],[103.872,17.5857],[103.8914,17.6115],[103.8956,17.6588],[103.88,17.6763],[103.8818,17.7024],[103.9041,17.7293],[103.8983,17.7373],[103.9024,17.7917],[103.9111,17.8203],[103.9194,17.8216],[103.9361,17.8041],[103.9447,17.781],[103.9609,17.7715],[103.9764,17.781],[103.9727,17.7762],[103.9817,17.7672],[103.9902,17.7857],[104.0023,17.7863],[104.0031,17.8054],[104.0197,17.8079],[104.0238,17.7962],[104.0127,17.7912],[104.0263,17.7577],[104.0314,17.7563],[104.0321,17.7674],[104.0423,17.7679],[104.0606,17.7547],[104.0531,17.7361],[104.0676,17.7449],[104.0705,17.7232],[104.0622,17.7237],[104.08,17.7036],[104.0721,17.6989],[104.0804,17.6947],[104.0706,17.6914],[104.0708,17.6833],[104.0734,17.6774],[104.0858,17.6818],[104.0808,17.6725],[104.0858,17.6698],[104.0738,17.6653],[104.0699,17.6444],[104.0311,17.6376],[104.0385,17.6336],[104.0344,17.6146],[104.0497,17.6022],[104.0567,17.5837],[104.0528,17.5705],[104.0376,17.5615],[104.0418,17.5286],[104.0207,17.4864]]]]}},{"type":"Feature","properties":{"province":"SakonNakhon","district":"BanMuang","hasc":"TH.SN.BM"},"geometry":{"type":"MultiPolygon","coordinates":[[[[103.4334,17.755],[103.3881,17.7506],[103.3708,17.7784],[103.3709,17.7916],[103.3786,17.7904],[103.377,17.8008],[103.3848,17.8071],[103.3781,17.8113],[103.3928,17.827],[103.3841,17.8383],[103.3997,17.8409],[103.4027,17.8291],[103.4047,17.8408],[103.4153,17.8325],[103.4251,17.8395],[103.4012,17.8442],[103.3973,17.8531],[103.4097,17.8574],[103.4083,17.8754],[103.4202,17.8803],[103.4159,17.8983],[103.4004,17.9053],[103.3966,17.9281],[103.415,17.9295],[103.4078,17.9415],[103.4126,17.9458],[103.3917,17.9559],[103.3899,17.9792],[103.3942,17.9844],[103.4018,17.9796],[103.4097,17.9916],[103.449,17.9652],[103.4544,17.976],[103.4414,17.9815],[103.4513,17.9927],[103.4676,17.9873],[103.4737,18.0038],[103.5001,17.9886],[103.5066,17.9974],[103.4938,18.039],[103.5009,18.0423],[103.4964,18.0601],[103.4997,18.0648],[103.5073,18.0578],[103.5075,18.0676],[103.5183,18.0737],[103.5395,18.0675],[103.5446,18.0883],[103.5463,18.0636],[103.5629,18.0609],[103.5826,18.0379],[103.5908,18.0368],[103.5983,18.0488],[103.6147,18.0119],[103.6444,18.0114],[103.6244,18.0006],[103.6279,17.9668],[103.6405,17.9749],[103.6417,17.962],[103.6548,17.9613],[103.666,17.9714],[103.6706,17.9649],[103.6642,17.9488],[103.6858,17.9539],[103.6998,17.9475],[103.7075,17.9418],[103.7002,17.9303],[103.7058,17.9225],[103.6782,17.9088],[103.6813,17.8521],[103.6711,17.8346],[103.6492,17.8366],[103.6236,17.8176],[103.5852,17.8119],[103.5521,17.7694],[103.5219,17.764],[103.4972,17.7426],[103.4668,17.736],[103.4334,17.755]]]]}},{"type":"Feature","properties":{"province":"SakonNakhon","district":"ChareonSilp","hasc":"TH.SN.CS"},"geometry":{"type":"MultiPolygon","coordinates":[[[[103.4062,17.7475],[103.4341,17.7558],[103.4682,17.7358],[103.5145,17.7543],[103.5338,17.737],[103.5881,17.721],[103.5985,17.6853],[103.5798,17.6611],[103.588,17.6394],[103.6293,17.5891],[103.6409,17.6003],[103.6715,17.5824],[103.6709,17.5702],[103.662,17.567],[103.6633,17.552],[103.6447,17.5311],[103.6575,17.5093],[103.5579,17.5315],[103.5004,17.5321],[103.5004,17.5885],[103.4768,17.5888],[103.4736,17.6022],[103.4959,17.6228],[103.4963,17.65],[103.4863,17.6577],[103.4749,17.6514],[103.4626,17.6583],[103.4375,17.6431],[103.4087,17.6672],[103.404,17.7154],[103.4134,17.7269],[103.4062,17.7475]]]]}},{"type":"Feature","properties":{"province":"SakonNakhon","district":"KhamTaKla","hasc":"TH.SN.KT"},"geometry":{"type":"MultiPolygon","coordinates":[[[[103.9018,17.7787],[103.9032,17.7299],[103.8637,17.7348],[103.8496,17.7227],[103.8187,17.7424],[103.8,17.7711],[103.7742,17.7639],[103.7636,17.7528],[103.734,17.7813],[103.6765,17.7852],[103.6594,17.793],[103.6351,17.824],[103.6483,17.8363],[103.6703,17.8342],[103.6779,17.8432],[103.6762,17.9019],[103.6825,17.914],[103.7054,17.9216],[103.7023,17.9375],[103.7189,17.94],[103.7242,17.9239],[103.7496,17.9086],[103.7679,17.9529],[103.7599,17.9193],[103.7853,17.9293],[103.7782,17.9056],[103.79,17.8896],[103.7709,17.8885],[103.7679,17.8811],[103.7981,17.8399],[103.8146,17.8556],[103.7979,17.8685],[103.7997,17.8748],[103.8384,17.8678],[103.8587,17.8811],[103.871,17.8771],[103.8681,17.862],[103.8784,17.8738],[103.9092,17.8784],[103.903,17.8468],[103.9212,17.8569],[103.928,17.8315],[103.9048,17.8128],[103.9018,17.7787]]]]}},{"type":"Feature","properties":{"province":"SakonNakhon","district":"KhokSriSupan","hasc":"TH.SN.KS"},"geometry":{"type":"MultiPolygon","coordinates":[[[[104.3545,17.0625],[104.359,17.0556],[104.3644,17.0624],[104.3876,17.0429],[104.3888,17.0337],[104.3989,17.0338],[104.4002,17.0203],[104.3598,17.004],[104.3536,16.9825],[104.3202,16.9739],[104.3226,16.9652],[104.3035,16.9249],[104.2697,16.918],[104.2666,16.9536],[104.2009,17.0203],[104.2583,17.0481],[104.2576,17.0672],[104.3199,17.1336],[104.3346,17.1187],[104.34,17.1217],[104.3433,17.1086],[104.3544,17.1128],[104.3566,17.1014],[104.3654,17.1003],[104.3644,17.0707],[104.3545,17.0625]]]]}},{"type":"Feature","properties":{"province":"SakonNakhon","district":"Kusuman","hasc":"TH.SN.KU"},"geometry":{"type":"MultiPolygon","coordinates":[[[[104.419,17.3185],[104.4054,17.3043],[104.409,17.2764],[104.375,17.286],[104.3151,17.2712],[104.2837,17.2901],[104.2284,17.2965],[104.2132,17.3098],[104.1553,17.3185],[104.1087,17.3106],[104.0728,17.374],[104.0812,17.3922],[104.0942,17.3829],[104.0914,17.3745],[104.1001,17.3761],[104.1045,17.3883],[104.0959,17.3874],[104.0986,17.4021],[104.1129,17.4006],[104.1134,17.3899],[104.1289,17.3976],[104.1301,17.3803],[104.1424,17.3827],[104.1433,17.3942],[104.1565,17.3939],[104.1474,17.408],[104.156,17.4039],[104.1609,17.4154],[104.1792,17.4118],[104.1756,17.427],[104.1857,17.421],[104.2026,17.4265],[104.2112,17.4134],[104.2307,17.4127],[104.2687,17.4184],[104.2897,17.431],[104.3775,17.4237],[104.4159,17.4281],[104.4178,17.3947],[104.4094,17.3774],[104.4256,17.3381],[104.419,17.3185]]]]}},{"type":"Feature","properties":{"province":"SakonNakhon","district":"KutBak","hasc":"TH.SN.KB"},"geometry":{"type":"MultiPolygon","coordinates":[[[[103.7417,16.985],[103.726,16.9799],[103.7316,17.0043],[103.6974,17.0315],[103.6646,17.0175],[103.667,17.0536],[103.6573,17.0747],[103.6696,17.1036],[103.6471,17.1135],[103.6643,17.1278],[103.724,17.1432],[103.7267,17.1319],[103.7373,17.1314],[103.7882,17.1739],[103.803,17.1469],[103.8402,17.1322],[103.8452,17.1209],[103.8594,17.1227],[103.8638,17.1417],[103.901,17.1521],[103.8917,17.1629],[103.9069,17.1743],[103.9192,17.1723],[103.9306,17.1503],[103.9502,17.1454],[103.9655,17.1285],[103.9608,17.1129],[103.9734,17.104],[103.9821,17.0817],[103.9768,17.0595],[103.9433,17.0571],[103.9273,17.0184],[103.8496,17.0287],[103.7964,17.0107],[103.7759,17.014],[103.7417,16.985]]]]}},{"type":"Feature","properties":{"province":"SakonNakhon","district":"MuangSakonNakhon","hasc":"TH.SN.SN"},"geometry":{"type":"MultiPolygon","coordinates":[[[[104.2558,17.0571],[104.2585,17.0485],[104.2487,17.0412],[104.216,17.0319],[104.1813,17.0074],[104.1799,17.0323],[104.1626,17.069],[104.144,17.0729],[104.1257,17.0631],[104.1203,17.0455],[104.1436,17.0269],[104.1487,17.0052],[104.1227,17.0007],[104.0591,17.021],[104.0564,16.9984],[104.0334,16.9948],[104.0005,16.9766],[103.9985,17.0177],[103.9875,17.0315],[103.9891,17.0575],[103.9755,17.069],[103.979,17.0916],[103.9608,17.1129],[103.9655,17.1285],[103.9417,17.1475],[103.9311,17.186],[103.9506,17.1843],[103.9689,17.2074],[103.9819,17.2691],[103.9951,17.2882],[103.9845,17.3076],[103.9962,17.3177],[103.9969,17.3293],[104.0023,17.3318],[104.0065,17.3228],[104.0198,17.3383],[104.0266,17.3265],[104.0377,17.3277],[104.0404,17.3437],[104.0335,17.343],[104.0352,17.359],[104.0267,17.3614],[104.032,17.3681],[104.0572,17.3692],[104.0677,17.3874],[104.1058,17.3121],[104.1823,17.3151],[104.197,17.2746],[104.2176,17.2636],[104.218,17.2425],[104.1975,17.2266],[104.1881,17.1962],[104.196,17.1702],[104.2343,17.1655],[104.2554,17.1369],[104.2873,17.1509],[104.2957,17.1439],[104.3227,17.1512],[104.3288,17.1443],[104.3315,17.1292],[104.3169,17.1315],[104.28,17.0839],[104.2576,17.0672],[104.2558,17.0571]]]]}},{"type":"Feature","properties":{"province":"SakonNakhon","district":"NikhomNamUn","hasc":"TH.SN.NN"},"geometry":{"type":"MultiPolygon","coordinates":[[[[103.8038,17.1465],[103.7877,17.1739],[103.7373,17.1314],[103.7267,17.1319],[103.7235,17.1432],[103.6813,17.1271],[103.673,17.1315],[103.6408,17.1103],[103.6234,17.1465],[103.6146,17.1504],[103.6466,17.1667],[103.6735,17.1606],[103.6835,17.1773],[103.6692,17.1946],[103.679,17.2104],[103.6768,17.2245],[103.7164,17.2372],[103.7408,17.2137],[103.8155,17.1706],[103.866,17.1541],[103.8726,17.1448],[103.8597,17.1368],[103.8602,17.1231],[103.8461,17.1207],[103.8402,17.1322],[103.8038,17.1465]]]]}},{"type":"Feature","properties":{"province":"SakonNakhon","district":"PhangKhon","hasc":"TH.SN.PK"},"geometry":{"type":"MultiPolygon","coordinates":[[[[103.7924,17.3626],[103.7673,17.3205],[103.7863,17.2958],[103.7788,17.2774],[103.7901,17.2617],[103.7721,17.255],[103.7317,17.2578],[103.7416,17.2967],[103.7269,17.3405],[103.6955,17.3382],[103.6733,17.3628],[103.6472,17.361],[103.6275,17.3982],[103.6631,17.4324],[103.6866,17.4355],[103.6899,17.4422],[103.7002,17.4357],[103.7088,17.4446],[103.7119,17.438],[103.7291,17.4415],[103.7436,17.4298],[103.7531,17.4389],[103.7885,17.4375],[103.7986,17.4575],[103.8181,17.469],[103.859,17.4649],[103.8524,17.4228],[103.8619,17.4108],[103.8528,17.3934],[103.8564,17.3718],[103.8344,17.3785],[103.8178,17.3946],[103.7924,17.3626]]]]}},{"type":"Feature","properties":{"province":"SakonNakhon","district":"PhannaNikhom","hasc":"TH.SN.PN"},"geometry":{"type":"MultiPolygon","coordinates":[[[[103.9406,17.1492],[103.9306,17.1503],[103.9192,17.1723],[103.9069,17.1743],[103.8917,17.1629],[103.9007,17.1518],[103.8726,17.1448],[103.866,17.1541],[103.8155,17.1706],[103.738,17.2154],[103.712,17.2496],[103.7317,17.2578],[103.7721,17.255],[103.7901,17.2617],[103.7789,17.2769],[103.7871,17.2932],[103.7675,17.3192],[103.7688,17.3327],[103.8174,17.3945],[103.8344,17.3785],[103.8564,17.3718],[103.8528,17.3934],[103.8619,17.4108],[103.8524,17.4228],[103.859,17.4649],[103.9991,17.4694],[104.0272,17.4517],[104.0665,17.3833],[104.0572,17.3692],[104.0446,17.3726],[104.0268,17.3623],[104.0352,17.359],[104.0335,17.343],[104.0404,17.3437],[104.0368,17.3266],[104.0166,17.3377],[104.0065,17.3228],[104.0023,17.3318],[103.9969,17.3293],[103.9962,17.3177],[103.9847,17.308],[103.9951,17.2882],[103.9819,17.2691],[103.969,17.2078],[103.9506,17.1843],[103.9312,17.1865],[103.9406,17.1492]]]]}},{"type":"Feature","properties":{"province":"SakonNakhon","district":"PhonNaKaeo","hasc":"TH.SN.NK"},"geometry":{"type":"MultiPolygon","coordinates":[[[[104.4021,17.1382],[104.3842,17.1078],[104.3648,17.096],[104.3544,17.1128],[104.3379,17.1128],[104.3408,17.1205],[104.3316,17.1212],[104.3231,17.1511],[104.2957,17.1439],[104.2873,17.1509],[104.2558,17.1368],[104.2343,17.1655],[104.196,17.1702],[104.1881,17.1962],[104.1975,17.2266],[104.218,17.2425],[104.2176,17.2636],[104.197,17.2746],[104.1823,17.3151],[104.2132,17.3098],[104.2284,17.2965],[104.2837,17.2901],[104.3151,17.2712],[104.375,17.286],[104.409,17.2764],[104.4378,17.2385],[104.3943,17.1781],[104.3913,17.1455],[104.4021,17.1382]]]]}},{"type":"Feature","properties":{"province":"SakonNakhon","district":"PhuPhan","hasc":"TH.SN.PP"},"geometry":{"type":"MultiPolygon","coordinates":[[[[103.9531,16.7746],[103.941,16.7711],[103.9224,16.7948],[103.8755,16.8167],[103.8715,16.8309],[103.8465,16.839],[103.8385,16.8483],[103.8393,16.8658],[103.8127,16.8753],[103.8109,16.8844],[103.7925,16.886],[103.7838,16.9207],[103.7725,16.9226],[103.7914,16.9388],[103.7852,16.9571],[103.7449,16.9703],[103.7418,16.9848],[103.7492,16.9942],[103.7772,17.0145],[103.7964,17.0107],[103.8501,17.0288],[103.926,17.0178],[103.9433,17.0571],[103.975,17.0574],[103.979,17.0657],[103.9891,17.0575],[103.9875,17.0315],[103.9985,17.0177],[104.0005,16.9766],[104.0585,17.0005],[104.0555,16.9661],[104.0774,16.9511],[104.0842,16.9092],[104.0659,16.8766],[104.0529,16.8666],[104.044,16.8707],[104.0402,16.8519],[104.0237,16.8557],[103.9996,16.8349],[103.9824,16.8349],[103.9716,16.809],[103.9613,16.8218],[103.9531,16.7746]]]]}},{"type":"Feature","properties":{"province":"SakonNakhon","district":"SawangDaenDin","hasc":"TH.SN.DD"},"geometry":{"type":"MultiPolygon","coordinates":[[[[103.3682,17.329],[103.3659,17.2966],[103.3028,17.2671],[103.2771,17.2698],[103.2537,17.3106],[103.2578,17.3239],[103.2738,17.3306],[103.275,17.3475],[103.3043,17.3885],[103.2837,17.4142],[103.2853,17.4277],[103.2761,17.4389],[103.2924,17.4657],[103.289,17.4953],[103.3196,17.5213],[103.3244,17.5508],[103.333,17.5483],[103.3431,17.5671],[103.3394,17.574],[103.3528,17.5851],[103.3626,17.5889],[103.3767,17.5773],[103.379,17.5906],[103.4126,17.5934],[103.3997,17.6152],[103.4078,17.6656],[103.4375,17.6431],[103.4621,17.6583],[103.4749,17.6514],[103.4868,17.6576],[103.4963,17.65],[103.4959,17.6228],[103.4738,17.6062],[103.474,17.5964],[103.4772,17.5886],[103.5004,17.5885],[103.5004,17.5321],[103.5579,17.5315],[103.6586,17.5089],[103.6637,17.4985],[103.6514,17.4816],[103.6704,17.4368],[103.6288,17.4013],[103.6273,17.3903],[103.6373,17.3835],[103.6431,17.3638],[103.6283,17.3468],[103.6299,17.3311],[103.6121,17.3043],[103.5521,17.3247],[103.5507,17.3484],[103.5585,17.3643],[103.571,17.3664],[103.5711,17.382],[103.5604,17.393],[103.5482,17.3909],[103.535,17.4135],[103.525,17.4019],[103.4929,17.4027],[103.4684,17.3835],[103.4361,17.3868],[103.4219,17.3555],[103.3954,17.3441],[103.3821,17.3546],[103.3673,17.3385],[103.3682,17.329]]]]}},{"type":"Feature","properties":{"province":"SakonNakhon","district":"SongDao","hasc":"TH.SN.SD"},"geometry":{"type":"MultiPolygon","coordinates":[[[[103.3108,17.2693],[103.3659,17.2966],[103.3689,17.3407],[103.3821,17.3546],[103.3954,17.3441],[103.4219,17.3555],[103.4361,17.3868],[103.4684,17.3835],[103.4929,17.4027],[103.525,17.4019],[103.535,17.4135],[103.5482,17.3909],[103.5604,17.393],[103.571,17.3824],[103.571,17.3664],[103.5585,17.3643],[103.5509,17.3488],[103.5512,17.3302],[103.5384,17.319],[103.5233,17.3213],[103.5216,17.2976],[103.5011,17.2812],[103.4844,17.2485],[103.4714,17.2484],[103.4724,17.2282],[103.4574,17.2123],[103.4286,17.2187],[103.4189,17.211],[103.3795,17.2342],[103.3636,17.2343],[103.3535,17.2534],[103.3108,17.2693]]]]}},{"type":"Feature","properties":{"province":"SakonNakhon","district":"TaoNgoi","hasc":"TH.SN.TN"},"geometry":{"type":"MultiPolygon","coordinates":[[[[104.0729,16.8203],[104.0676,16.8354],[104.0493,16.8462],[104.0424,16.8387],[104.0341,16.8441],[104.044,16.8707],[104.0529,16.8666],[104.0662,16.8769],[104.086,16.9148],[104.0774,16.9511],[104.0555,16.9661],[104.0618,16.987],[104.0579,17.0198],[104.1227,17.0007],[104.1479,17.0047],[104.1436,17.0269],[104.1203,17.0459],[104.1271,17.0643],[104.1598,17.0713],[104.1799,17.0323],[104.1776,17.0117],[104.2042,17.0146],[104.2325,16.9909],[104.2666,16.9536],[104.2697,16.918],[104.2462,16.891],[104.2216,16.8892],[104.2076,16.872],[104.1645,16.8873],[104.127,16.8851],[104.1268,16.8579],[104.1114,16.8376],[104.0729,16.8203]]]]}},{"type":"Feature","properties":{"province":"SakonNakhon","district":"WanonNiwat","hasc":"TH.SN.WN"},"geometry":{"type":"MultiPolygon","coordinates":[[[[103.8987,17.4795],[103.8941,17.4692],[103.8783,17.4629],[103.8176,17.4689],[103.7986,17.4575],[103.7885,17.4375],[103.7531,17.4389],[103.7436,17.4298],[103.7291,17.4415],[103.7114,17.4382],[103.7093,17.4446],[103.7007,17.4358],[103.6899,17.4422],[103.6685,17.4319],[103.6514,17.4821],[103.6637,17.4994],[103.6446,17.5302],[103.6633,17.552],[103.662,17.567],[103.6709,17.5702],[103.6715,17.5824],[103.6479,17.5987],[103.6311,17.5886],[103.6193,17.5966],[103.5804,17.6565],[103.5983,17.6831],[103.5887,17.7203],[103.5338,17.737],[103.5145,17.7543],[103.5178,17.7604],[103.5521,17.7694],[103.5852,17.8119],[103.5998,17.8097],[103.6351,17.824],[103.6594,17.793],[103.6765,17.7852],[103.734,17.7813],[103.7636,17.7528],[103.7742,17.7639],[103.8,17.7711],[103.8184,17.7427],[103.8437,17.7241],[103.8642,17.7349],[103.9041,17.7302],[103.8819,17.7029],[103.88,17.6763],[103.8954,17.6592],[103.8958,17.6441],[103.8911,17.6106],[103.872,17.5857],[103.8773,17.5753],[103.8961,17.5711],[103.9006,17.5784],[103.9069,17.5679],[103.9333,17.5604],[103.9425,17.5406],[103.9109,17.5164],[103.9137,17.5078],[103.8987,17.4795]]]]}},{"type":"Feature","properties":{"province":"SakonNakhon","district":"Waritchaphum","hasc":"TH.SN.WA"},"geometry":{"type":"MultiPolygon","coordinates":[[[[103.5931,17.17],[103.5727,17.1558],[103.4743,17.2186],[103.4714,17.2484],[103.4844,17.2485],[103.5011,17.2812],[103.5216,17.2976],[103.5233,17.3213],[103.5388,17.3192],[103.5547,17.3362],[103.5559,17.322],[103.6121,17.3043],[103.6297,17.3307],[103.6274,17.3447],[103.6369,17.3598],[103.6619,17.3668],[103.6814,17.3558],[103.6911,17.3398],[103.7264,17.3409],[103.7416,17.2967],[103.7327,17.2597],[103.712,17.2522],[103.717,17.2369],[103.6768,17.2245],[103.679,17.2104],[103.6692,17.1946],[103.6835,17.1773],[103.6742,17.1612],[103.6466,17.1667],[103.6146,17.1504],[103.5931,17.17]]]]}},{"type":"Feature","properties":{"province":"SamutPrakan","district":"BangBo","hasc":"TH.SP.BB"},"geometry":{"type":"MultiPolygon","coordinates":[[[[100.8789,13.5387],[100.8729,13.4898],[100.8536,13.4945],[100.8489,13.4783],[100.8217,13.49],[100.7872,13.4928],[100.7915,13.5014],[100.7783,13.5185],[100.7799,13.5345],[100.7641,13.5538],[100.8053,13.5421],[100.8107,13.5693],[100.8321,13.5661],[100.8431,13.6027],[100.8374,13.6201],[100.8601,13.6701],[100.862,13.6961],[100.956,13.6624],[100.9491,13.652],[100.964,13.6423],[100.925,13.5927],[100.9085,13.5902],[100.9165,13.5704],[100.906,13.5536],[100.8913,13.5632],[100.8789,13.5387]]]]}},{"type":"Feature","properties":{"province":"SamutPrakan","district":"BangPlee","hasc":"TH.SP.BP"},"geometry":{"type":"MultiPolygon","coordinates":[[[[100.7641,13.5538],[100.7799,13.5345],[100.7779,13.5198],[100.6895,13.5331],[100.6719,13.6119],[100.6306,13.6273],[100.6566,13.6705],[100.6679,13.6745],[100.6686,13.6653],[100.6999,13.6548],[100.7132,13.6942],[100.7112,13.717],[100.7871,13.7153],[100.7654,13.6743],[100.7952,13.6759],[100.786,13.65],[100.7884,13.6198],[100.7804,13.5944],[100.7709,13.5874],[100.7641,13.5538]]]]}},{"type":"Feature","properties":{"province":"SamutPrakan","district":"K.BangSaoThon","hasc":"TH.SP.BS"},"geometry":{"type":"MultiPolygon","coordinates":[[[[100.7871,13.7153],[100.8602,13.6884],[100.8601,13.6701],[100.8374,13.6201],[100.8431,13.6027],[100.8326,13.5671],[100.8107,13.5693],[100.8053,13.5421],[100.7855,13.5436],[100.764,13.5574],[100.7866,13.6127],[100.7861,13.651],[100.7952,13.6759],[100.7654,13.6743],[100.7871,13.7153]]]]}},{"type":"Feature","properties":{"province":"SamutPrakan","district":"MuangSamutPrakan","hasc":"TH.SP.SP"},"geometry":{"type":"MultiPolygon","coordinates":[[[[100.7783,13.5185],[100.7915,13.5006],[100.7761,13.4906],[100.6819,13.5061],[100.6325,13.52],[100.5839,13.5536],[100.5783,13.5689],[100.5944,13.5892],[100.5942,13.6069],[100.5529,13.6164],[100.5691,13.6361],[100.589,13.632],[100.5933,13.6598],[100.5803,13.6671],[100.6457,13.6512],[100.6306,13.6273],[100.6719,13.6119],[100.6895,13.5331],[100.7783,13.5185]]]]}},{"type":"Feature","properties":{"province":"SamutPrakan","district":"PhraPraDaeng","hasc":"TH.SP.PP"},"geometry":{"type":"MultiPolygon","coordinates":[[[[100.5179,13.6691],[100.5227,13.6786],[100.5362,13.6684],[100.5481,13.6714],[100.5573,13.7052],[100.5819,13.6978],[100.5905,13.686],[100.5803,13.6666],[100.5933,13.6598],[100.589,13.632],[100.5691,13.6361],[100.5271,13.5978],[100.5165,13.6194],[100.5179,13.6691]]]]}},{"type":"Feature","properties":{"province":"SamutPrakan","district":"PhraSamutJadee","hasc":"TH.SP.PS"},"geometry":{"type":"MultiPolygon","coordinates":[[[[100.4529,13.5029],[100.4453,13.5549],[100.4555,13.6043],[100.468,13.6028],[100.4708,13.5927],[100.4819,13.607],[100.5242,13.6044],[100.5271,13.5978],[100.5515,13.6177],[100.5883,13.6056],[100.5733,13.5653],[100.5881,13.5322],[100.5725,13.5144],[100.4886,13.5008],[100.4529,13.5029]]]]}},{"type":"Feature","properties":{"province":"SamutSakhon","district":"BanPhaeo","hasc":"TH.SS.BP"},"geometry":{"type":"MultiPolygon","coordinates":[[[[100.0332,13.5305],[100.0434,13.5366],[100.0448,13.5485],[100.0376,13.5784],[100.0431,13.595],[100.0325,13.6106],[100.0548,13.6177],[100.0545,13.6273],[100.0701,13.6371],[100.0673,13.6498],[100.1046,13.6485],[100.1346,13.6809],[100.1662,13.6875],[100.1756,13.6807],[100.1689,13.6655],[100.1961,13.6423],[100.2324,13.6413],[100.2305,13.626],[100.2137,13.6241],[100.227,13.6196],[100.2276,13.6007],[100.1986,13.5832],[100.1645,13.5829],[100.1543,13.572],[100.155,13.5369],[100.1208,13.513],[100.1145,13.5003],[100.0543,13.4847],[100.0294,13.5083],[100.0332,13.5305]]]]}},{"type":"Feature","properties":{"province":"SamutSakhon","district":"KrathumBaen","hasc":"TH.SS.KB"},"geometry":{"type":"MultiPolygon","coordinates":[[[[100.2281,13.6163],[100.2137,13.6241],[100.2305,13.626],[100.2324,13.6413],[100.1961,13.6423],[100.1689,13.6655],[100.1778,13.6879],[100.1866,13.6794],[100.2162,13.6865],[100.2267,13.6687],[100.2758,13.6854],[100.2871,13.71],[100.3213,13.7201],[100.3321,13.7327],[100.3401,13.6402],[100.324,13.6256],[100.2959,13.6239],[100.2635,13.6002],[100.2276,13.6007],[100.2281,13.6163]]]]}},{"type":"Feature","properties":{"province":"SamutSakhon","district":"MuangSamutSakhon","hasc":"TH.SS.SS"},"geometry":{"type":"MultiPolygon","coordinates":[[[[100.0699,13.4915],[100.1145,13.5003],[100.1208,13.513],[100.155,13.5369],[100.1543,13.572],[100.1645,13.5829],[100.1986,13.5832],[100.2276,13.6007],[100.2635,13.6002],[100.2959,13.6239],[100.324,13.6256],[100.3401,13.6402],[100.371,13.6286],[100.3822,13.59],[100.377,13.585],[100.3851,13.5877],[100.3953,13.5566],[100.4185,13.5596],[100.4204,13.5418],[100.4052,13.5108],[100.4086,13.4931],[100.3425,13.4856],[100.3114,13.4911],[100.2833,13.5047],[100.2672,13.5264],[100.2783,13.5347],[100.2767,13.5417],[100.2636,13.5278],[100.2753,13.5061],[100.2611,13.4803],[100.0796,13.4249],[100.0736,13.4565],[100.0543,13.4847],[100.0699,13.4915]]]]}},{"type":"Feature","properties":{"province":"SamutSongkhram","district":"Amphawa","hasc":"TH.SM.AM"},"geometry":{"type":"MultiPolygon","coordinates":[[[[99.9116,13.2816],[99.8952,13.2846],[99.8942,13.2643],[99.8829,13.2587],[99.885,13.2456],[99.8777,13.2504],[99.8601,13.2449],[99.8534,13.3071],[99.8675,13.3745],[99.8914,13.4293],[99.8909,13.4479],[99.9098,13.4555],[99.9231,13.4413],[99.957,13.4389],[99.9868,13.4799],[100.0183,13.484],[100.0168,13.4664],[100.0067,13.4667],[99.9935,13.4414],[99.9742,13.4415],[99.9725,13.4166],[99.9489,13.4034],[99.9205,13.3021],[99.91,13.2942],[99.9193,13.2841],[99.9116,13.2816]]]]}},{"type":"Feature","properties":{"province":"SamutSongkhram","district":"BangKhonTi","hasc":"TH.SM.BK"},"geometry":{"type":"MultiPolygon","coordinates":[[[[99.9346,13.441],[99.919,13.4431],[99.9098,13.4555],[99.8909,13.4479],[99.9001,13.4831],[99.9214,13.4999],[99.9151,13.5103],[99.9259,13.5136],[99.9372,13.4989],[99.9624,13.4958],[99.9672,13.4857],[99.988,13.4989],[99.9964,13.494],[100.0109,13.5141],[100.0208,13.5068],[100.0236,13.4867],[99.9868,13.4799],[99.957,13.4389],[99.9346,13.441]]]]}},{"type":"Feature","properties":{"province":"SamutSongkhram","district":"MuangSamutSongkhram","hasc":"TH.SM.SS"},"geometry":{"type":"MultiPolygon","coordinates":[[[[99.9454,13.2946],[99.9264,13.2799],[99.91,13.2942],[99.9205,13.3021],[99.9489,13.4034],[99.9725,13.4166],[99.9742,13.4415],[99.9935,13.4414],[100.0067,13.4667],[100.0168,13.4664],[100.0208,13.5068],[100.0393,13.5035],[100.0736,13.4565],[100.0796,13.4249],[100.0492,13.4092],[100.0344,13.3711],[100.0228,13.3614],[99.9992,13.3678],[99.9839,13.3869],[100.0022,13.3547],[99.9994,13.3333],[99.9614,13.3078],[99.9519,13.3092],[99.9531,13.2954],[99.9454,13.2946]]]]}},{"type":"Feature","properties":{"province":"Saraburi","district":"BanMo","hasc":"TH.SR.BM"},"geometry":{"type":"MultiPolygon","coordinates":[[[[100.6774,14.5747],[100.6679,14.5518],[100.6405,14.5741],[100.6604,14.6206],[100.6613,14.6407],[100.6746,14.6501],[100.7629,14.6532],[100.8075,14.6294],[100.7954,14.6157],[100.8028,14.5883],[100.8086,14.5896],[100.7839,14.5665],[100.7432,14.5687],[100.7314,14.5804],[100.7312,14.5701],[100.7174,14.5703],[100.7162,14.5791],[100.702,14.5725],[100.6921,14.5828],[100.6756,14.5802],[100.6774,14.5747]]]]}},{"type":"Feature","properties":{"province":"Saraburi","district":"Chalermphrakiet","hasc":"TH.SR.CP"},"geometry":{"type":"MultiPolygon","coordinates":[[[[100.9287,14.7492],[100.9453,14.7401],[100.9491,14.7062],[100.9245,14.6903],[100.9281,14.6811],[100.9475,14.6732],[100.9421,14.6276],[100.9658,14.5599],[100.9541,14.5516],[100.9566,14.5652],[100.943,14.556],[100.9313,14.5707],[100.9258,14.5563],[100.9157,14.555],[100.9076,14.5776],[100.8904,14.5759],[100.8939,14.5925],[100.8841,14.6371],[100.8451,14.705],[100.8484,14.7164],[100.8821,14.7382],[100.9058,14.7348],[100.9287,14.7492]]]]}},{"type":"Feature","properties":{"province":"Saraburi","district":"DonPhut","hasc":"TH.SR.DP"},"geometry":{"type":"MultiPolygon","coordinates":[[[[100.6165,14.6632],[100.6613,14.6407],[100.6604,14.6206],[100.6405,14.5741],[100.6679,14.5518],[100.6055,14.5529],[100.6046,14.5766],[100.5766,14.595],[100.5863,14.6309],[100.6165,14.6632]]]]}},{"type":"Feature","properties":{"province":"Saraburi","district":"KaengKhoi","hasc":"TH.SR.KK"},"geometry":{"type":"MultiPolygon","coordinates":[[[[101.1648,14.3433],[101.149,14.3718],[101.1195,14.3823],[101.0877,14.3815],[101.0636,14.4131],[101.0265,14.4075],[100.9995,14.4205],[100.9991,14.4863],[100.9826,14.5199],[100.9977,14.5399],[100.9742,14.5628],[100.9638,14.5629],[100.9421,14.6276],[100.9469,14.6753],[100.9281,14.6811],[100.9245,14.6903],[100.9491,14.7062],[100.9453,14.7401],[100.9648,14.7448],[100.9722,14.756],[100.9588,14.767],[100.9565,14.7811],[100.9561,14.8189],[100.9677,14.8309],[101.0081,14.8283],[101.0643,14.7831],[101.075,14.763],[101.0569,14.7488],[101.0613,14.7353],[101.0546,14.7213],[101.0647,14.7196],[101.075,14.7306],[101.0953,14.6799],[101.1256,14.6492],[101.1231,14.637],[101.1342,14.6199],[101.1304,14.5942],[101.1403,14.5767],[101.1171,14.5244],[101.1602,14.4709],[101.1556,14.4264],[101.1723,14.4313],[101.2122,14.417],[101.2036,14.4006],[101.2119,14.3703],[101.1882,14.3653],[101.1868,14.3528],[101.1648,14.3433]]]]}},{"type":"Feature","properties":{"province":"Saraburi","district":"MuakLek","hasc":"TH.SR.ML"},"geometry":{"type":"MultiPolygon","coordinates":[[[[101.243,14.4778],[101.2432,14.47],[101.2264,14.4697],[101.235,14.4581],[101.224,14.4458],[101.2304,14.4322],[101.2159,14.4362],[101.2122,14.417],[101.1723,14.4313],[101.1556,14.4264],[101.1602,14.4709],[101.1171,14.5244],[101.1391,14.5676],[101.1304,14.5942],[101.1342,14.6199],[101.1231,14.637],[101.1256,14.6492],[101.1061,14.6631],[101.0918,14.6988],[101.0802,14.7054],[101.0776,14.7257],[101.1198,14.7088],[101.161,14.7467],[101.1817,14.7895],[101.1607,14.7958],[101.1589,14.812],[101.1697,14.8209],[101.1845,14.8116],[101.224,14.8296],[101.2257,14.8406],[101.1999,14.8589],[101.2038,14.8659],[101.1898,14.8865],[101.207,14.8945],[101.2205,14.8907],[101.2351,14.9394],[101.2438,14.9177],[101.2592,14.9116],[101.2771,14.9366],[101.279,14.9699],[101.3253,14.9729],[101.3497,14.9924],[101.3528,15.0266],[101.3633,15.044],[101.3874,15.036],[101.4133,15.0431],[101.426,15.0113],[101.4222,14.9951],[101.4316,14.9817],[101.432,14.9551],[101.4508,14.911],[101.4531,14.8573],[101.4172,14.8432],[101.3949,14.8153],[101.3386,14.7848],[101.3362,14.7638],[101.3094,14.7572],[101.3008,14.7358],[101.2843,14.7436],[101.2821,14.7244],[101.2332,14.7316],[101.215,14.7589],[101.2017,14.7592],[101.1994,14.7483],[101.1905,14.747],[101.1961,14.739],[101.1889,14.71],[101.2055,14.6825],[101.206,14.6075],[101.2166,14.5856],[101.1836,14.5426],[101.243,14.4778]]]]}},{"type":"Feature","properties":{"province":"Saraburi","district":"MuangSaraburi","hasc":"TH.SR.SA"},"geometry":{"type":"MultiPolygon","coordinates":[[[[100.999,14.4469],[100.9995,14.4205],[100.9918,14.4185],[100.9839,14.4284],[100.9708,14.4202],[100.9476,14.4348],[100.9378,14.4328],[100.9273,14.4619],[100.8817,14.4497],[100.8464,14.4584],[100.8552,14.4881],[100.8516,14.5193],[100.8814,14.5226],[100.8805,14.5493],[100.8904,14.5759],[100.9076,14.5776],[100.9157,14.555],[100.9258,14.5563],[100.9313,14.5707],[100.943,14.556],[100.9592,14.5642],[100.9541,14.5516],[100.9717,14.5644],[100.9977,14.5399],[100.9826,14.5199],[100.9991,14.4863],[100.999,14.4469]]]]}},{"type":"Feature","properties":{"province":"Saraburi","district":"NongDon","hasc":"TH.SR.ND"},"geometry":{"type":"MultiPolygon","coordinates":[[[[100.7477,14.6517],[100.6794,14.6517],[100.6613,14.6407],[100.6232,14.6551],[100.6191,14.6659],[100.6276,14.6771],[100.6038,14.7172],[100.6149,14.7226],[100.657,14.7142],[100.6931,14.7503],[100.7122,14.748],[100.725,14.7567],[100.7175,14.7063],[100.7263,14.6893],[100.7354,14.6815],[100.7532,14.6942],[100.77,14.6735],[100.7606,14.6535],[100.7477,14.6517]]]]}},{"type":"Feature","properties":{"province":"Saraburi","district":"NongKhae","hasc":"TH.SR.NK"},"geometry":{"type":"MultiPolygon","coordinates":[[[[100.8467,14.2848],[100.8243,14.2922],[100.8229,14.3283],[100.7887,14.3215],[100.7739,14.327],[100.7936,14.3617],[100.7864,14.378],[100.798,14.3892],[100.7826,14.397],[100.7807,14.4089],[100.7622,14.4097],[100.7675,14.431],[100.7921,14.4417],[100.832,14.4333],[100.8464,14.4584],[100.8817,14.4497],[100.9273,14.4619],[100.9378,14.4328],[100.9515,14.4322],[100.9633,14.4133],[100.9436,14.3671],[100.8991,14.3103],[100.8467,14.2848]]]]}},{"type":"Feature","properties":{"province":"Saraburi","district":"NongSaeng","hasc":"TH.SR.NS"},"geometry":{"type":"MultiPolygon","coordinates":[[[[100.7717,14.4775],[100.766,14.4828],[100.7727,14.4922],[100.7617,14.4934],[100.7494,14.5164],[100.7913,14.5325],[100.8218,14.5119],[100.8516,14.5193],[100.8552,14.4881],[100.8344,14.4343],[100.7921,14.4417],[100.7727,14.4314],[100.7626,14.4503],[100.7717,14.4775]]]]}},{"type":"Feature","properties":{"province":"Saraburi","district":"PhraPhutthabat","hasc":"TH.SR.PP"},"geometry":{"type":"MultiPolygon","coordinates":[[[[100.7961,14.6184],[100.8075,14.6294],[100.7606,14.6535],[100.77,14.6735],[100.7532,14.6942],[100.7354,14.6815],[100.7175,14.7063],[100.725,14.7567],[100.7514,14.8067],[100.7907,14.7924],[100.8072,14.7945],[100.8123,14.803],[100.8387,14.8024],[100.873,14.7615],[100.8898,14.7709],[100.9287,14.7492],[100.9058,14.7348],[100.8821,14.7382],[100.8484,14.7164],[100.8451,14.705],[100.8632,14.6686],[100.8625,14.6488],[100.8313,14.6271],[100.8283,14.6068],[100.8112,14.6004],[100.8086,14.5896],[100.8028,14.5883],[100.7961,14.6184]]]]}},{"type":"Feature","properties":{"province":"Saraburi","district":"SaoHai","hasc":"TH.SR.SH"},"geometry":{"type":"MultiPolygon","coordinates":[[[[100.8117,14.5205],[100.8006,14.5298],[100.7805,14.5304],[100.7767,14.5497],[100.7833,14.5708],[100.8086,14.5896],[100.8112,14.6004],[100.8283,14.6068],[100.8313,14.6271],[100.8625,14.6488],[100.8632,14.6686],[100.8841,14.6371],[100.8939,14.5925],[100.8805,14.5493],[100.8814,14.5226],[100.8218,14.5119],[100.8117,14.5205]]]]}},{"type":"Feature","properties":{"province":"Saraburi","district":"WangMuang","hasc":"TH.SR.WM"},"geometry":{"type":"MultiPolygon","coordinates":[[[[101.0641,14.7852],[101.0742,14.7902],[101.0704,14.8129],[101.0789,14.8093],[101.0903,14.8294],[101.0706,14.8298],[101.0671,14.8389],[101.081,14.8499],[101.0849,14.8426],[101.091,14.8459],[101.0754,14.8775],[101.0918,14.8911],[101.0948,14.9046],[101.153,14.896],[101.1944,14.9198],[101.2241,14.9198],[101.2275,14.9063],[101.2205,14.8907],[101.207,14.8945],[101.1898,14.8865],[101.2038,14.8659],[101.1999,14.8589],[101.221,14.8461],[101.2262,14.8342],[101.1951,14.8148],[101.1845,14.8116],[101.1697,14.8209],[101.1589,14.812],[101.1607,14.7958],[101.1817,14.7895],[101.1433,14.7275],[101.1353,14.728],[101.1175,14.7084],[101.075,14.7306],[101.0559,14.7191],[101.0569,14.7488],[101.075,14.763],[101.0641,14.7852]]]]}},{"type":"Feature","properties":{"province":"Saraburi","district":"WihanDaeng","hasc":"TH.SR.WD"},"geometry":{"type":"MultiPolygon","coordinates":[[[[100.9504,14.2928],[100.9529,14.272],[100.8944,14.2431],[100.8925,14.2733],[100.8253,14.2426],[100.8243,14.2922],[100.8467,14.2848],[100.8991,14.3103],[100.9436,14.3671],[100.9633,14.4133],[100.9578,14.4247],[100.9708,14.4202],[100.9839,14.4284],[100.9918,14.4185],[101.0265,14.4075],[101.0562,14.4123],[101.0561,14.3902],[101.0646,14.3763],[101.0589,14.3431],[101.0207,14.3022],[100.9902,14.2968],[100.989,14.2864],[100.9554,14.308],[100.9504,14.2928]]]]}},{"type":"Feature","properties":{"province":"Satun","district":"K.MaNang","hasc":"TH.SA.MA"},"geometry":{"type":"MultiPolygon","coordinates":[[[[99.9982,7.1135],[100.0242,7.1036],[100.0284,7.0894],[100.0056,7.0555],[100.002,6.971],[99.9595,6.9361],[99.9211,6.9279],[99.9166,6.9205],[99.9033,6.9229],[99.8821,6.9085],[99.8598,6.9141],[99.8627,6.936],[99.8719,6.9399],[99.8733,6.954],[99.8876,6.9715],[99.8839,6.9812],[99.8907,6.9759],[99.888,6.983],[99.8959,6.9828],[99.8849,6.9933],[99.8876,7.0578],[99.8738,7.0786],[99.888,7.0806],[99.8998,7.0963],[99.9407,7.1065],[99.9533,7.0965],[99.9648,7.0983],[99.9803,7.1022],[99.9826,7.1122],[99.9982,7.1135]]]]}},{"type":"Feature","properties":{"province":"Satun","district":"KhuanDon","hasc":"TH.SA.KD"},"geometry":{"type":"MultiPolygon","coordinates":[[[[100.204,6.7258],[100.1719,6.6939],[100.1434,6.7097],[100.1401,6.7233],[100.1312,6.7072],[100.1048,6.7166],[100.0826,6.7113],[100.083,6.7391],[100.0539,6.7466],[100.042,6.8053],[100.0139,6.8048],[100.0127,6.8248],[100.0676,6.832],[100.0956,6.8184],[100.1152,6.822],[100.1634,6.8054],[100.1908,6.8081],[100.2009,6.7715],[100.2139,6.7608],[100.204,6.7258]]]]}},{"type":"Feature","properties":{"province":"Satun","district":"KhuanKaLong","hasc":"TH.SA.KK"},"geometry":{"type":"MultiPolygon","coordinates":[[[[100.1272,6.8196],[100.0956,6.8184],[100.0633,6.8324],[99.9852,6.8202],[99.9725,6.8287],[99.9642,6.8525],[99.9486,6.8595],[99.9271,6.8535],[99.8792,6.8621],[99.8657,6.8481],[99.8704,6.8797],[99.8623,6.914],[99.8821,6.9085],[99.9033,6.9229],[99.9166,6.9205],[99.9211,6.9279],[99.9595,6.9361],[100.002,6.971],[100.0059,7.0566],[100.039,7.1091],[100.0565,7.1074],[100.064,7.0565],[100.0791,7.0407],[100.0639,7.0313],[100.0629,7.0195],[100.0829,6.9979],[100.0823,6.9717],[100.1174,6.9382],[100.1222,6.9238],[100.185,6.9124],[100.2073,6.8959],[100.2205,6.8724],[100.1908,6.8081],[100.1634,6.8054],[100.1272,6.8196]]]]}},{"type":"Feature","properties":{"province":"Satun","district":"Langu","hasc":"TH.SA.LA"},"geometry":{"type":"MultiPolygon","coordinates":[[[[99.6738,6.8126],[99.6728,6.8117],[99.6717,6.8143],[99.6736,6.8144],[99.6738,6.8126]]],[[[99.6661,6.8139],[99.6665,6.8157],[99.669,6.8131],[99.6683,6.8114],[99.6661,6.8139]]],[[[99.6975,6.8489],[99.6936,6.8156],[99.6836,6.8306],[99.6778,6.8111],[99.6845,6.8422],[99.69,6.8508],[99.6975,6.8489]]],[[[99.6987,6.8384],[99.6993,6.8398],[99.7004,6.8389],[99.6998,6.8381],[99.6987,6.8384]]],[[[99.7531,6.7601],[99.7536,6.7619],[99.7534,6.7581],[99.753,6.7593],[99.7531,6.7601]]],[[[99.7665,6.7832],[99.7673,6.7817],[99.7635,6.7781],[99.7595,6.7812],[99.7605,6.7849],[99.7665,6.7832]]],[[[99.775,6.7792],[99.7701,6.7796],[99.7673,6.7842],[99.7667,6.7908],[99.7688,6.793],[99.7775,6.7857],[99.7777,6.7828],[99.775,6.7792]]],[[[99.8623,6.914],[99.8704,6.8804],[99.8671,6.8443],[99.835,6.8208],[99.8519,6.8053],[99.8356,6.7875],[99.8239,6.7867],[99.8286,6.8019],[99.8156,6.8092],[99.8269,6.8028],[99.8233,6.7853],[99.8353,6.7861],[99.8383,6.7795],[99.8125,6.7697],[99.7809,6.836],[99.7719,6.8419],[99.7533,6.8325],[99.7233,6.8542],[99.7226,6.8626],[99.7003,6.8542],[99.6953,6.8633],[99.7061,6.8669],[99.6964,6.8694],[99.6778,6.9],[99.6881,6.9069],[99.6817,6.9442],[99.6922,6.9553],[99.7039,6.9508],[99.7047,6.9378],[99.7083,6.9467],[99.7344,6.922],[99.7447,6.9386],[99.7433,6.9541],[99.7592,6.9567],[99.7634,6.9737],[99.7821,6.9849],[99.7838,6.9977],[99.7998,6.9973],[99.8094,7.0098],[99.8238,7.005],[99.8474,7.012],[99.8792,7.0375],[99.8877,7.0241],[99.8849,6.9933],[99.8959,6.9828],[99.888,6.983],[99.8907,6.9759],[99.8839,6.9812],[99.8876,6.9715],[99.8564,6.9201],[99.8623,6.914]]],[[[99.6994,6.8453],[99.7008,6.8503],[99.7017,6.8511],[99.7014,6.8442],[99.6994,6.8453]]],[[[99.7436,6.9581],[99.7333,6.9606],[99.7406,6.9414],[99.7331,6.9344],[99.7067,6.9561],[99.7011,6.9706],[99.7114,6.9786],[99.6844,6.9589],[99.6825,6.9711],[99.6994,6.9789],[99.7128,6.9979],[99.7436,6.9581]]]]}},{"type":"Feature","properties":{"province":"Satun","district":"MuangSatun","hasc":"TH.SA.SA"},"geometry":{"type":"MultiPolygon","coordinates":[[[[100.0883,6.4267],[100.0879,6.4309],[100.0885,6.4353],[100.0912,6.4269],[100.0894,6.4256],[100.0883,6.4267]]],[[[100.066,6.452],[100.0625,6.4453],[100.0616,6.4448],[100.0599,6.4471],[100.0631,6.4525],[100.0648,6.4533],[100.066,6.452]]],[[[100.1019,6.4523],[100.1,6.4539],[100.1,6.4569],[100.1017,6.4581],[100.1039,6.4558],[100.1019,6.4523]]],[[[100.069,6.461],[100.0647,6.4597],[100.0672,6.4625],[100.07,6.4708],[100.0716,6.4716],[100.0741,6.4655],[100.069,6.461]]],[[[100.1565,6.5427],[100.1633,6.4973],[100.1547,6.4853],[100.1587,6.4789],[100.1453,6.4689],[100.1479,6.4535],[100.1244,6.4051],[100.1148,6.4515],[100.1195,6.4658],[100.1117,6.4633],[100.1017,6.4964],[100.124,6.5009],[100.1167,6.5117],[100.1302,6.5293],[100.1156,6.5119],[100.1189,6.4991],[100.0847,6.495],[100.1,6.5153],[100.0947,6.5417],[100.1003,6.5467],[100.0808,6.5569],[100.0811,6.5678],[100.0662,6.5173],[100.0485,6.5218],[100.0069,6.5613],[99.9894,6.5943],[99.9953,6.5983],[100.0092,6.5867],[100.025,6.5875],[100.0297,6.5667],[100.0269,6.5878],[100.0142,6.5892],[100.0237,6.6032],[100.0528,6.5733],[100.0586,6.5885],[100.0494,6.5781],[100.0244,6.6067],[100.0078,6.5925],[99.9913,6.6097],[99.9962,6.6264],[100.0081,6.6194],[100.0,6.6292],[99.9892,6.6219],[99.9875,6.6081],[99.9505,6.5844],[99.9492,6.6172],[99.9619,6.6169],[99.975,6.6297],[99.9635,6.6376],[99.9558,6.6581],[99.9706,6.6589],[99.9567,6.6608],[99.9522,6.6783],[99.9578,6.6853],[99.97,6.6794],[99.9536,6.6889],[99.949,6.6665],[99.9357,6.6563],[99.9199,6.6749],[99.9236,6.6883],[99.9149,6.7067],[99.9447,6.7],[99.9456,6.7093],[99.9696,6.7137],[99.9652,6.7512],[99.9829,6.7557],[99.989,6.7752],[100.0043,6.7738],[100.0173,6.807],[100.042,6.8053],[100.0539,6.7466],[100.083,6.7391],[100.0826,6.7113],[100.1048,6.7166],[100.1312,6.7072],[100.1401,6.7233],[100.1434,6.7097],[100.1612,6.7035],[100.1793,6.6819],[100.1811,6.6545],[100.1689,6.6467],[100.1661,6.6307],[100.1843,6.5773],[100.1747,6.5685],[100.1573,6.5783],[100.1565,6.5427]]],[[[100.0547,6.5764],[100.0519,6.575],[100.0511,6.5772],[100.0561,6.5811],[100.0568,6.5797],[100.0547,6.5764]]],[[[100.0408,6.5824],[100.0419,6.5818],[100.0428,6.5806],[100.0412,6.5809],[100.0408,6.5824]]],[[[99.9545,6.5395],[99.9558,6.5397],[99.9557,6.5383],[99.9547,6.5381],[99.9545,6.5395]]],[[[99.9534,6.5498],[99.9549,6.5511],[99.9565,6.5504],[99.9539,6.5477],[99.9534,6.5498]]],[[[99.9577,6.5504],[99.9591,6.5508],[99.958,6.5481],[99.9573,6.5492],[99.9577,6.5504]]],[[[99.9801,6.558],[99.9801,6.5603],[99.9828,6.5608],[99.9824,6.5582],[99.9801,6.558]]],[[[99.9744,6.5858],[99.9758,6.5851],[99.9739,6.5831],[99.9733,6.5844],[99.9744,6.5858]]],[[[99.8466,6.5655],[99.8492,6.5689],[99.8518,6.5681],[99.849,6.5639],[99.8466,6.5655]]],[[[99.7203,6.5839],[99.7208,6.5828],[99.7197,6.5817],[99.7189,6.5831],[99.7203,6.5839]]],[[[99.8358,6.5836],[99.835,6.5822],[99.8339,6.5833],[99.8364,6.5864],[99.8375,6.585],[99.8358,6.5836]]],[[[99.8309,6.6524],[99.8324,6.6551],[99.8345,6.6546],[99.8333,6.6501],[99.8309,6.6524]]],[[[99.8658,6.6684],[99.8446,6.6506],[99.8475,6.6669],[99.8658,6.6684]]],[[[99.8428,6.6714],[99.8442,6.6731],[99.8458,6.6717],[99.8442,6.6697],[99.8428,6.6714]]],[[[99.8668,6.6812],[99.8595,6.6782],[99.8641,6.691],[99.8668,6.6812]]],[[[99.8565,6.6923],[99.8573,6.6964],[99.8616,6.6955],[99.8596,6.6906],[99.8565,6.6923]]],[[[99.9504,6.6533],[99.9507,6.6557],[99.9521,6.657],[99.9529,6.6558],[99.9508,6.6509],[99.9485,6.6498],[99.9504,6.6533]]],[[[99.9489,6.6617],[99.9494,6.6631],[99.9511,6.6647],[99.9522,6.6625],[99.9486,6.6597],[99.9489,6.6617]]],[[[99.9047,6.6855],[99.9069,6.6884],[99.9084,6.688],[99.9069,6.6847],[99.9047,6.6855]]],[[[99.8447,6.7018],[99.8455,6.7002],[99.8426,6.6962],[99.8358,6.6942],[99.8364,6.6992],[99.8414,6.7028],[99.8447,6.7018]]],[[[99.8703,6.7047],[99.8722,6.7053],[99.8711,6.7025],[99.87,6.7039],[99.8703,6.7047]]],[[[99.8863,6.7059],[99.8781,6.6998],[99.8728,6.7028],[99.8747,6.7061],[99.8824,6.7088],[99.8878,6.7088],[99.8863,6.7059]]],[[[99.8858,6.7119],[99.8737,6.7106],[99.8718,6.7161],[99.8737,6.7179],[99.8878,6.7131],[99.8858,6.7119]]],[[[99.3108,6.4853],[99.3089,6.4795],[99.3017,6.4872],[99.2839,6.4819],[99.3057,6.4954],[99.3108,6.4853]]],[[[99.3319,6.4883],[99.3346,6.4886],[99.3351,6.4877],[99.3339,6.4866],[99.3319,6.4883]]],[[[99.1786,6.4952],[99.1793,6.4959],[99.1781,6.4928],[99.1776,6.4936],[99.1786,6.4952]]],[[[99.1801,6.4988],[99.179,6.4983],[99.1786,6.4989],[99.1795,6.4998],[99.1801,6.4988]]],[[[99.1818,6.5027],[99.1831,6.5034],[99.1817,6.501],[99.1809,6.5017],[99.1818,6.5027]]],[[[99.1785,6.5038],[99.1762,6.5035],[99.18,6.5072],[99.1806,6.5061],[99.1785,6.5038]]],[[[99.1723,6.5072],[99.1733,6.5086],[99.1747,6.5075],[99.173,6.5056],[99.1723,6.5072]]],[[[99.1753,6.5133],[99.1734,6.5112],[99.1727,6.5116],[99.1742,6.5156],[99.1758,6.515],[99.1753,6.5133]]],[[[99.2613,6.5143],[99.2633,6.5144],[99.2592,6.5123],[99.2592,6.5131],[99.2613,6.5143]]],[[[99.2715,6.5244],[99.2714,6.5233],[99.2699,6.5233],[99.2707,6.5251],[99.2715,6.5244]]],[[[99.1602,6.5406],[99.1847,6.5209],[99.1758,6.5162],[99.1582,6.5223],[99.1542,6.5339],[99.1602,6.5406]]],[[[99.2796,6.5764],[99.3161,6.5644],[99.3146,6.5564],[99.3261,6.5519],[99.3241,6.5247],[99.3136,6.5095],[99.2844,6.5087],[99.2743,6.5599],[99.2796,6.5764]]],[[[99.7056,6.5206],[99.7047,6.5194],[99.7037,6.5212],[99.7019,6.5169],[99.6982,6.5194],[99.6978,6.5222],[99.7014,6.5226],[99.7021,6.5213],[99.7053,6.5244],[99.7056,6.5206]]],[[[99.6917,6.5184],[99.6896,6.5242],[99.6903,6.5264],[99.6929,6.5271],[99.695,6.5186],[99.6936,6.5169],[99.6917,6.5184]]],[[[99.7062,6.5482],[99.7059,6.5493],[99.7074,6.5487],[99.7067,6.5456],[99.7062,6.5482]]],[[[99.444,6.5575],[99.4459,6.5649],[99.4499,6.5698],[99.4511,6.5761],[99.453,6.5772],[99.4555,6.576],[99.456,6.5727],[99.453,6.5643],[99.4473,6.5608],[99.4444,6.5553],[99.444,6.5575]]],[[[99.2632,6.542],[99.2615,6.5403],[99.2552,6.543],[99.2618,6.545],[99.2632,6.542]]],[[[99.2501,6.5816],[99.258,6.5564],[99.2209,6.5387],[99.19,6.5465],[99.1717,6.5409],[99.1644,6.5478],[99.1669,6.5531],[99.1824,6.547],[99.1936,6.5789],[99.2501,6.5816]]],[[[99.3455,6.5588],[99.3407,6.568],[99.3417,6.5714],[99.3485,6.5629],[99.3489,6.5604],[99.3461,6.5568],[99.3455,6.5588]]],[[[99.4667,6.5703],[99.4689,6.5709],[99.4669,6.5678],[99.4661,6.5691],[99.4667,6.5703]]],[[[99.4572,6.5828],[99.4528,6.5797],[99.4523,6.5867],[99.4572,6.5828]]],[[[99.7017,6.6089],[99.7022,6.6072],[99.7006,6.6092],[99.7003,6.6117],[99.7017,6.6117],[99.7017,6.6089]]],[[[99.6897,6.6178],[99.6897,6.6211],[99.69,6.6211],[99.6903,6.6158],[99.6897,6.6178]]],[[[99.6628,6.7172],[99.6658,6.7031],[99.6703,6.6972],[99.6768,6.7013],[99.6843,6.6845],[99.6852,6.6395],[99.6789,6.6259],[99.6945,6.6012],[99.6913,6.5697],[99.6992,6.5472],[99.6936,6.5283],[99.6767,6.5396],[99.6679,6.5313],[99.6738,6.5119],[99.6658,6.5133],[99.657,6.5029],[99.6439,6.5181],[99.638,6.5474],[99.6244,6.5663],[99.6141,6.5664],[99.596,6.6005],[99.6012,6.6126],[99.6153,6.614],[99.6145,6.66],[99.6275,6.6628],[99.6408,6.6791],[99.6455,6.7019],[99.64,6.7333],[99.648,6.7396],[99.6628,6.7172]]],[[[99.6932,6.6404],[99.6929,6.6395],[99.692,6.6421],[99.6932,6.6418],[99.6932,6.6404]]],[[[99.6922,6.6536],[99.6925,6.6514],[99.6917,6.6506],[99.6917,6.6536],[99.6922,6.6536]]],[[[99.6914,6.6653],[99.6906,6.6619],[99.6892,6.6683],[99.6908,6.6683],[99.6914,6.6653]]],[[[99.8253,6.7196],[99.8243,6.7178],[99.8148,6.7147],[99.8106,6.7115],[99.8054,6.715],[99.8173,6.7202],[99.8253,6.7196]]],[[[99.8868,6.7147],[99.8825,6.7164],[99.8884,6.7178],[99.8931,6.716],[99.8868,6.7147]]],[[[99.852,6.7328],[99.8619,6.7281],[99.8639,6.705],[99.8407,6.7097],[99.852,6.7328]]],[[[99.6722,6.7056],[99.6722,6.7078],[99.6711,6.7103],[99.6731,6.7094],[99.6722,6.7056]]],[[[99.66,6.7294],[99.6594,6.7303],[99.6614,6.7292],[99.6625,6.7261],[99.66,6.7294]]],[[[99.7083,6.7317],[99.706,6.7292],[99.7039,6.7344],[99.7053,6.7353],[99.7083,6.7317]]],[[[99.9142,6.6898],[99.915,6.6898],[99.9142,6.6869],[99.9134,6.6888],[99.9142,6.6898]]],[[[99.9131,6.7032],[99.9089,6.6886],[99.9042,6.7058],[99.9135,6.7128],[99.9067,6.7064],[99.9131,6.7032]]]]}},{"type":"Feature","properties":{"province":"Satun","district":"ThaPhae","hasc":"TH.SA.TP"},"geometry":{"type":"MultiPolygon","coordinates":[[[[99.8391,6.8255],[99.8503,6.8266],[99.8503,6.8356],[99.865,6.8409],[99.8785,6.862],[99.9271,6.8535],[99.9486,6.8595],[99.9642,6.8525],[99.9816,6.8217],[100.0127,6.8248],[100.0143,6.8011],[100.0043,6.7738],[99.989,6.7752],[99.9829,6.7557],[99.9652,6.7512],[99.9696,6.7137],[99.9456,6.7093],[99.9447,6.7],[99.924,6.7086],[99.9097,6.7033],[99.9172,6.7285],[99.9114,6.7244],[99.9062,6.7363],[99.9128,6.7483],[99.9069,6.7569],[99.9172,6.7656],[99.9044,6.7569],[99.9102,6.749],[99.9031,6.7209],[99.8764,6.7211],[99.8683,6.7483],[99.8422,6.7761],[99.8386,6.7897],[99.8536,6.8058],[99.84,6.8122],[99.8391,6.8255]]]]}},{"type":"Feature","properties":{"province":"Satun","district":"ThungWa","hasc":"TH.SA.TW"},"geometry":{"type":"MultiPolygon","coordinates":[[[[99.7117,6.9978],[99.6906,6.9733],[99.6776,6.9811],[99.6726,7.0066],[99.693,7.0201],[99.7005,7.0175],[99.6964,7.0253],[99.6823,7.015],[99.6703,7.0399],[99.6967,7.0767],[99.7158,7.0447],[99.7024,7.0666],[99.7122,7.0867],[99.7204,7.0861],[99.7135,7.1025],[99.7289,7.1116],[99.7395,7.1036],[99.7379,7.1294],[99.7653,7.1219],[99.788,7.127],[99.8205,7.0967],[99.8338,7.0954],[99.8361,7.0791],[99.8566,7.069],[99.8639,7.0691],[99.8671,7.0804],[99.8827,7.0722],[99.885,7.0361],[99.871,7.035],[99.8474,7.012],[99.8238,7.005],[99.8094,7.0098],[99.7998,6.9973],[99.7838,6.9977],[99.7821,6.9849],[99.7634,6.9737],[99.7586,6.9572],[99.7445,6.9595],[99.7156,6.9913],[99.7196,6.9963],[99.7117,6.9978]]],[[[99.6997,7.0911],[99.7022,7.0917],[99.7003,7.0853],[99.6956,7.0881],[99.6958,7.0922],[99.6997,7.0911]]]]}},{"type":"Feature","properties":{"province":"SiSaKet","district":"Benchalak","hasc":"TH.SI.BE"},"geometry":{"type":"MultiPolygon","coordinates":[[[[104.689,14.7274],[104.6751,14.7475],[104.6759,14.7677],[104.6433,14.7937],[104.6405,14.7796],[104.5993,14.7664],[104.5949,14.7526],[104.5908,14.7711],[104.5818,14.7764],[104.6104,14.8008],[104.6087,14.8347],[104.6716,14.8565],[104.7398,14.8381],[104.7623,14.8161],[104.8014,14.8077],[104.8185,14.7866],[104.8219,14.753],[104.8464,14.731],[104.8206,14.7245],[104.8129,14.7335],[104.7825,14.7362],[104.7492,14.6969],[104.7219,14.6921],[104.708,14.6995],[104.689,14.7274]]]]}},{"type":"Feature","properties":{"province":"SiSaKet","district":"BungBun","hasc":"TH.SI.BB"},"geometry":{"type":"MultiPolygon","coordinates":[[[[104.082,15.324],[104.1163,15.2797],[104.0662,15.27],[104.0165,15.2872],[104.0129,15.3141],[104.031,15.3163],[104.0251,15.3298],[104.0381,15.3259],[104.046,15.34],[104.066,15.3474],[104.082,15.324]]]]}},{"type":"Feature","properties":{"province":"SiSaKet","district":"HuaiThapThan","hasc":"TH.SI.HT"},"geometry":{"type":"MultiPolygon","coordinates":[[[[103.9998,15.0079],[103.9968,15.0154],[104.0126,15.0181],[104.0151,15.0405],[104.0228,15.0436],[104.0074,15.058],[104.015,15.0644],[104.0123,15.0725],[104.0194,15.0695],[104.0227,15.0758],[103.996,15.0833],[103.9999,15.1095],[103.9939,15.1123],[104.0028,15.1193],[103.9896,15.1292],[104.0135,15.1393],[104.0474,15.1384],[104.0662,15.1021],[104.0632,15.0826],[104.1217,15.0461],[104.0914,15.031],[104.0806,15.0127],[104.0921,14.9991],[104.0777,14.9768],[104.0912,14.9685],[104.0887,14.9499],[104.0961,14.9367],[104.0333,14.9266],[103.9569,14.9337],[103.9704,14.9476],[103.9698,14.9733],[103.9834,14.9729],[104.0008,14.9906],[103.9998,15.0079]]]]}},{"type":"Feature","properties":{"province":"SiSaKet","district":"K.PhoSiSuwan","hasc":"TH.SI.PS"},"geometry":{"type":"MultiPolygon","coordinates":[[[[104.1148,15.188],[104.1169,15.1792],[104.0881,15.153],[104.081,15.1709],[104.0615,15.1741],[104.0667,15.1911],[104.051,15.2033],[104.0488,15.2244],[104.0017,15.2457],[103.9823,15.2626],[103.9772,15.2802],[103.9969,15.2679],[104.001,15.2957],[104.0611,15.2708],[104.0943,15.2768],[104.1009,15.2666],[104.1156,15.264],[104.1233,15.2028],[104.1148,15.188]]]]}},{"type":"Feature","properties":{"province":"SiSaKet","district":"K.SilaLat","hasc":"TH.SI.SL"},"geometry":{"type":"MultiPolygon","coordinates":[[[[104.063,15.4995],[104.0585,15.5134],[104.0698,15.5262],[104.0765,15.5219],[104.081,15.5432],[104.0945,15.5499],[104.1073,15.5452],[104.1018,15.5657],[104.1281,15.5585],[104.1401,15.5333],[104.1359,15.5105],[104.1492,15.4975],[104.1221,15.4889],[104.1069,15.4598],[104.1093,15.4499],[104.1577,15.4485],[104.1439,15.4165],[104.1335,15.4099],[104.1148,15.4139],[104.0976,15.4276],[104.0805,15.4257],[104.07,15.41],[104.0478,15.4136],[104.0407,15.4358],[104.0158,15.4627],[104.0318,15.4867],[104.063,15.4995]]]]}},{"type":"Feature","properties":{"province":"SiSaKet","district":"Kantharalak","hasc":"TH.SI.KK"},"geometry":{"type":"MultiPolygon","coordinates":[[[[104.6611,14.4001],[104.6528,14.4212],[104.6409,14.4232],[104.5794,14.3753],[104.5802,14.3593],[104.5645,14.354],[104.5352,14.3556],[104.5123,14.3722],[104.4906,14.375],[104.4976,14.3977],[104.481,14.4537],[104.4928,14.4687],[104.4895,14.4855],[104.5397,14.5412],[104.5358,14.5825],[104.555,14.6153],[104.523,14.6472],[104.5406,14.6747],[104.5208,14.6806],[104.5048,14.7009],[104.512,14.7177],[104.5084,14.7488],[104.5608,14.7879],[104.5905,14.7715],[104.5945,14.7525],[104.5993,14.7664],[104.6405,14.7796],[104.6433,14.7937],[104.6759,14.7677],[104.6786,14.7371],[104.721,14.6923],[104.7492,14.6969],[104.7825,14.7362],[104.8129,14.7335],[104.8199,14.7246],[104.8458,14.727],[104.8779,14.6979],[104.8788,14.6697],[104.8921,14.651],[104.8688,14.6612],[104.851,14.6558],[104.8392,14.6338],[104.8398,14.6151],[104.8291,14.6045],[104.8309,14.5776],[104.8192,14.5492],[104.8638,14.4978],[104.8608,14.4702],[104.8354,14.4476],[104.8332,14.4359],[104.8505,14.4232],[104.881,14.4343],[104.9081,14.4112],[104.9094,14.3995],[104.8717,14.4182],[104.8379,14.3979],[104.8339,14.4158],[104.8194,14.418],[104.8058,14.4374],[104.7669,14.4235],[104.7548,14.4049],[104.7389,14.4145],[104.7237,14.4033],[104.7232,14.4228],[104.7088,14.4343],[104.6845,14.3994],[104.6611,14.4001]]]]}},{"type":"Feature","properties":{"province":"SiSaKet","district":"Kanthararom","hasc":"TH.SI.KM"},"geometry":{"type":"MultiPolygon","coordinates":[[[[104.566,15.0035],[104.5602,14.9753],[104.5276,14.978],[104.5277,14.9717],[104.517,14.9725],[104.5193,14.9629],[104.5116,14.9553],[104.482,14.9826],[104.4761,15.0092],[104.4599,15.0149],[104.4705,15.0668],[104.465,15.0843],[104.488,15.0978],[104.4797,15.1019],[104.4773,15.1326],[104.4473,15.1348],[104.4291,15.1545],[104.4498,15.1826],[104.4857,15.2663],[104.5049,15.2657],[104.5271,15.2508],[104.5798,15.2515],[104.5923,15.2669],[104.6084,15.2717],[104.6099,15.2582],[104.6468,15.2537],[104.6479,15.2382],[104.6666,15.2298],[104.654,15.2445],[104.6602,15.2562],[104.6682,15.2553],[104.6809,15.2245],[104.699,15.2211],[104.6843,15.2151],[104.6919,15.2052],[104.6849,15.1984],[104.7069,15.1978],[104.705,15.1835],[104.7207,15.1891],[104.7006,15.1691],[104.7002,15.1568],[104.7285,15.1687],[104.7384,15.1628],[104.7061,15.1288],[104.6816,15.1211],[104.6826,15.1067],[104.6728,15.0954],[104.6917,15.0966],[104.679,15.0839],[104.6952,15.0811],[104.6883,15.0716],[104.6913,15.0594],[104.6821,15.0474],[104.6878,15.0415],[104.6836,15.035],[104.675,15.0384],[104.6754,15.0218],[104.6609,15.012],[104.6596,14.9989],[104.6473,15.0086],[104.6491,15.0026],[104.641,15.0042],[104.6388,14.9975],[104.6261,15.004],[104.6292,14.9953],[104.6132,14.9878],[104.6003,15.0059],[104.5835,15.0011],[104.5744,15.0112],[104.566,15.0035]]]]}},{"type":"Feature","properties":{"province":"SiSaKet","district":"Khukhan","hasc":"TH.SI.KU"},"geometry":{"type":"MultiPolygon","coordinates":[[[[104.2907,14.7976],[104.307,14.7874],[104.3126,14.7475],[104.2977,14.7331],[104.3142,14.7175],[104.2979,14.7042],[104.2868,14.6772],[104.3149,14.6463],[104.287,14.6044],[104.29,14.544],[104.2606,14.5533],[104.2576,14.5748],[104.245,14.5904],[104.198,14.5703],[104.1936,14.6329],[104.1505,14.633],[104.1504,14.6415],[104.1324,14.6461],[104.1244,14.6234],[104.1049,14.6045],[104.0927,14.6182],[104.0605,14.6183],[104.0518,14.6715],[104.0017,14.7311],[104.0114,14.7556],[104.1293,14.7707],[104.1222,14.8121],[104.1299,14.8242],[104.1288,14.8464],[104.1389,14.8538],[104.1336,14.8823],[104.14,14.8979],[104.1953,14.8807],[104.2481,14.8951],[104.2953,14.8867],[104.2781,14.8331],[104.2907,14.7976]]]]}},{"type":"Feature","properties":{"province":"SiSaKet","district":"KhunHan","hasc":"TH.SI.KH"},"geometry":{"type":"MultiPolygon","coordinates":[[[[104.4618,14.346],[104.4611,14.3602],[104.4373,14.3578],[104.4148,14.3719],[104.4044,14.3662],[104.3983,14.3746],[104.3858,14.3718],[104.3762,14.3836],[104.352,14.3684],[104.3217,14.3739],[104.2627,14.4199],[104.2649,14.4391],[104.2517,14.4683],[104.2593,14.5047],[104.2934,14.5162],[104.3023,14.5347],[104.2876,14.5789],[104.2926,14.6144],[104.3149,14.6463],[104.3395,14.6627],[104.3961,14.6799],[104.4066,14.6986],[104.4243,14.7067],[104.4181,14.7334],[104.4287,14.7369],[104.4522,14.7232],[104.5121,14.7188],[104.5052,14.7003],[104.5208,14.6806],[104.5406,14.6747],[104.523,14.6472],[104.555,14.6155],[104.5358,14.5825],[104.5397,14.5412],[104.4896,14.4857],[104.4928,14.4687],[104.481,14.4537],[104.4903,14.4357],[104.4871,14.4169],[104.4963,14.407],[104.4925,14.3722],[104.4763,14.3608],[104.4784,14.352],[104.4618,14.346]]]]}},{"type":"Feature","properties":{"province":"SiSaKet","district":"MuangChan","hasc":"TH.SI.MC"},"geometry":{"type":"MultiPolygon","coordinates":[[[[104.0595,15.1129],[104.0483,15.138],[104.0023,15.1365],[104.0021,15.1475],[103.986,15.1611],[103.9702,15.1627],[103.9692,15.1843],[103.9872,15.2004],[103.9738,15.2196],[103.9921,15.2253],[103.9892,15.247],[103.9987,15.2494],[104.0481,15.2252],[104.051,15.2033],[104.0667,15.1911],[104.0615,15.1741],[104.0877,15.1635],[104.0881,15.153],[104.0638,15.1299],[104.0595,15.1129]]]]}},{"type":"Feature","properties":{"province":"SiSaKet","district":"MuangSiSaKet","hasc":"TH.SI.SS"},"geometry":{"type":"MultiPolygon","coordinates":[[[[104.4598,15.018],[104.4605,15.0071],[104.4252,14.9716],[104.4041,14.962],[104.3677,14.9609],[104.3537,14.9465],[104.3313,14.9572],[104.3095,14.9553],[104.2982,15.0329],[104.2864,15.0332],[104.2658,15.0106],[104.2408,15.0312],[104.206,15.0426],[104.2027,15.0516],[104.2219,15.0506],[104.2708,15.1072],[104.2481,15.1555],[104.245,15.2263],[104.2724,15.2246],[104.2727,15.2437],[104.2856,15.249],[104.3266,15.2024],[104.3366,15.2045],[104.356,15.1834],[104.389,15.1911],[104.3852,15.1582],[104.4211,15.1457],[104.4377,15.1511],[104.4469,15.135],[104.4773,15.1326],[104.4797,15.1019],[104.488,15.0972],[104.465,15.0843],[104.4705,15.0668],[104.4598,15.018]]]]}},{"type":"Feature","properties":{"province":"SiSaKet","district":"NamKliang","hasc":"TH.SI.NM"},"geometry":{"type":"MultiPolygon","coordinates":[[[[104.5474,14.8395],[104.521,14.8628],[104.4934,14.8688],[104.4771,14.8587],[104.4492,14.8559],[104.4376,14.8777],[104.4489,14.8993],[104.4357,14.9088],[104.4356,14.9559],[104.4239,14.9712],[104.4605,15.0071],[104.4599,15.0149],[104.4761,15.0092],[104.482,14.9826],[104.5116,14.9553],[104.5193,14.9629],[104.517,14.9725],[104.5277,14.9717],[104.5276,14.978],[104.5602,14.9753],[104.5647,15.0048],[104.5743,15.0111],[104.578,15.0028],[104.6027,15.0021],[104.6086,14.9759],[104.5966,14.9688],[104.603,14.9597],[104.5931,14.9491],[104.6029,14.9393],[104.5953,14.9352],[104.5953,14.9028],[104.6035,14.9043],[104.6034,14.8856],[104.6227,14.8605],[104.6199,14.8451],[104.6268,14.8431],[104.579,14.8162],[104.5513,14.8226],[104.5556,14.8278],[104.5474,14.8395]]]]}},{"type":"Feature","properties":{"province":"SiSaKet","district":"NonKhun","hasc":"TH.SI.NK"},"geometry":{"type":"MultiPolygon","coordinates":[[[[104.7991,14.8083],[104.7623,14.8161],[104.7398,14.8381],[104.6744,14.8563],[104.62,14.845],[104.6227,14.8605],[104.6034,14.8856],[104.6035,14.9043],[104.5953,14.9028],[104.5953,14.9352],[104.6029,14.9393],[104.593,14.9493],[104.603,14.9595],[104.5967,14.9692],[104.6086,14.9759],[104.6057,14.9873],[104.6273,14.993],[104.6259,15.004],[104.6355,15.0048],[104.6386,14.9975],[104.6413,15.0044],[104.6488,15.0023],[104.6466,15.0086],[104.6594,14.9987],[104.6609,15.012],[104.6745,15.0201],[104.6864,15.0026],[104.6883,14.9452],[104.7022,14.9337],[104.7425,14.9256],[104.8069,14.8941],[104.8301,14.8353],[104.8087,14.8275],[104.7991,14.8083]]]]}},{"type":"Feature","properties":{"province":"SiSaKet","district":"Phayu","hasc":"TH.SI.PY"},"geometry":{"type":"MultiPolygon","coordinates":[[[[104.4452,14.8679],[104.4516,14.8407],[104.4102,14.832],[104.4015,14.8356],[104.4073,14.8406],[104.4026,14.855],[104.3892,14.8524],[104.3547,14.8757],[104.3042,14.8856],[104.3099,14.8899],[104.3095,14.9553],[104.3313,14.9572],[104.3542,14.9465],[104.3677,14.9609],[104.4041,14.962],[104.4239,14.9712],[104.4356,14.9559],[104.4357,14.9088],[104.4489,14.8993],[104.4374,14.8782],[104.4452,14.8679]]]]}},{"type":"Feature","properties":{"province":"SiSaKet","district":"PhraiBung","hasc":"TH.SI.PB"},"geometry":{"type":"MultiPolygon","coordinates":[[[[104.2871,14.6799],[104.2979,14.7042],[104.3142,14.7175],[104.2977,14.7331],[104.3126,14.7475],[104.307,14.7874],[104.2924,14.794],[104.278,14.8309],[104.2953,14.8867],[104.3543,14.8758],[104.3892,14.8524],[104.4026,14.855],[104.4026,14.8303],[104.3867,14.8213],[104.3951,14.8011],[104.3897,14.7978],[104.4027,14.7834],[104.4032,14.7681],[104.4242,14.7507],[104.4148,14.7364],[104.4242,14.7064],[104.4066,14.6986],[104.3958,14.6797],[104.3496,14.6681],[104.3149,14.6463],[104.2907,14.6658],[104.2871,14.6799]]]]}},{"type":"Feature","properties":{"province":"SiSaKet","district":"PhuSing","hasc":"TH.SI.PH"},"geometry":{"type":"MultiPolygon","coordinates":[[[[104.1599,14.3565],[104.1398,14.3559],[104.138,14.3729],[104.1094,14.3786],[104.0849,14.3468],[104.0595,14.3444],[104.0462,14.3611],[104.0617,14.4588],[104.0513,14.4776],[104.0557,14.4931],[104.0371,14.4965],[104.0347,14.5436],[104.0492,14.5538],[104.0574,14.5759],[104.0605,14.6183],[104.0927,14.6182],[104.1049,14.6045],[104.1244,14.6234],[104.1324,14.6461],[104.1504,14.6415],[104.1505,14.633],[104.1942,14.6325],[104.1991,14.5695],[104.245,14.5904],[104.2576,14.5748],[104.2611,14.5527],[104.2896,14.544],[104.2934,14.5507],[104.3024,14.5363],[104.2934,14.5162],[104.2593,14.5047],[104.26,14.4867],[104.2518,14.4745],[104.2649,14.4391],[104.2626,14.4201],[104.2817,14.4066],[104.2603,14.3996],[104.2454,14.376],[104.2189,14.3677],[104.1868,14.3848],[104.1709,14.3763],[104.1751,14.3605],[104.1599,14.3565]]]]}},{"type":"Feature","properties":{"province":"SiSaKet","district":"PrangKu","hasc":"TH.SI.PK"},"geometry":{"type":"MultiPolygon","coordinates":[[[[104.0324,14.7559],[104.0103,14.7552],[103.9947,14.8006],[103.9094,14.8362],[103.9046,14.8486],[103.9221,14.8706],[103.9188,14.8816],[103.9569,14.9337],[104.0337,14.9266],[104.1259,14.9424],[104.1415,14.9092],[104.1336,14.8823],[104.1389,14.8538],[104.1288,14.8464],[104.1299,14.8242],[104.1222,14.8121],[104.1293,14.7707],[104.0324,14.7559]]]]}},{"type":"Feature","properties":{"province":"SiSaKet","district":"RasiSalai","hasc":"TH.SI.RS"},"geometry":{"type":"MultiPolygon","coordinates":[[[[104.2982,15.2417],[104.2775,15.2502],[104.2727,15.2248],[104.2518,15.224],[104.2275,15.2401],[104.2141,15.2282],[104.1574,15.2446],[104.1408,15.2739],[104.1163,15.2797],[104.066,15.3474],[104.0923,15.3475],[104.0936,15.3568],[104.0861,15.3562],[104.0922,15.3632],[104.0808,15.3754],[104.0853,15.3836],[104.0738,15.3796],[104.0767,15.3901],[104.0616,15.4043],[104.0512,15.3942],[104.0509,15.4009],[104.0211,15.4092],[104.0153,15.4022],[104.0058,15.4073],[103.9952,15.3922],[103.9898,15.4055],[103.9985,15.4481],[104.0158,15.4627],[104.0245,15.4572],[104.0483,15.4133],[104.07,15.41],[104.0805,15.4257],[104.0976,15.4276],[104.1335,15.4099],[104.1447,15.4175],[104.1577,15.4485],[104.1093,15.4499],[104.1111,15.4755],[104.1281,15.4915],[104.1492,15.4975],[104.1657,15.4915],[104.2334,15.414],[104.2491,15.3718],[104.2655,15.3703],[104.307,15.3409],[104.3547,15.3429],[104.3238,15.2962],[104.3336,15.2625],[104.2982,15.2417]]]]}},{"type":"Feature","properties":{"province":"SiSaKet","district":"SriRatana","hasc":"TH.SI.SR"},"geometry":{"type":"MultiPolygon","coordinates":[[[[104.4655,14.7222],[104.4151,14.7356],[104.4242,14.7507],[104.4072,14.7629],[104.4027,14.7834],[104.391,14.7921],[104.3891,14.826],[104.4013,14.8279],[104.4024,14.8347],[104.4513,14.8405],[104.4492,14.8559],[104.4771,14.8587],[104.4925,14.8688],[104.5202,14.8631],[104.539,14.8496],[104.5542,14.8211],[104.5795,14.8163],[104.6085,14.8327],[104.6061,14.795],[104.5822,14.7776],[104.5604,14.7877],[104.5094,14.7512],[104.5121,14.7188],[104.4655,14.7222]]]]}},{"type":"Feature","properties":{"province":"SiSaKet","district":"UthumphonPhisai","hasc":"TH.SI.UP"},"geometry":{"type":"MultiPolygon","coordinates":[[[[104.0949,14.9388],[104.0912,14.9685],[104.0777,14.9768],[104.0921,14.9991],[104.0821,15.0189],[104.1217,15.0461],[104.0636,15.0823],[104.0664,15.1016],[104.0594,15.112],[104.0644,15.1306],[104.1173,15.18],[104.1145,15.1902],[104.1233,15.2028],[104.1203,15.2564],[104.0941,15.2761],[104.1196,15.2798],[104.1411,15.2736],[104.16,15.2434],[104.2136,15.2282],[104.2265,15.2402],[104.2424,15.2322],[104.2483,15.1546],[104.2708,15.1072],[104.2219,15.0506],[104.2031,15.0519],[104.1949,15.042],[104.1742,15.0455],[104.1459,15.0256],[104.1486,15.0154],[104.1274,15.008],[104.1154,14.9878],[104.1336,14.9518],[104.1281,14.9532],[104.1259,14.9424],[104.0949,14.9388]]]]}},{"type":"Feature","properties":{"province":"SiSaKet","district":"WangHin","hasc":"TH.SI.WH"},"geometry":{"type":"MultiPolygon","coordinates":[[[[104.2941,14.8871],[104.2481,14.8951],[104.1953,14.8807],[104.1477,14.8919],[104.14,14.8979],[104.1365,14.9308],[104.1264,14.9374],[104.1253,14.9486],[104.1338,14.9522],[104.1242,14.9631],[104.1277,14.9741],[104.1157,14.9903],[104.1742,15.0455],[104.1949,15.042],[104.2023,15.049],[104.2658,15.0106],[104.2864,15.0332],[104.2982,15.0329],[104.2982,15.0046],[104.3076,14.9822],[104.3099,14.8903],[104.2941,14.8871]]]]}},{"type":"Feature","properties":{"province":"SiSaKet","district":"YangChumNoi","hasc":"TH.SI.YC"},"geometry":{"type":"MultiPolygon","coordinates":[[[[104.4597,15.2044],[104.4294,15.1555],[104.4337,15.1498],[104.4211,15.1457],[104.3834,15.1603],[104.3884,15.1916],[104.3572,15.1828],[104.3122,15.2189],[104.3004,15.2394],[104.3336,15.2625],[104.3238,15.2962],[104.3547,15.3429],[104.3769,15.3186],[104.3858,15.2922],[104.4854,15.2656],[104.4597,15.2044]]]]}},{"type":"Feature","properties":{"province":"SingBuri","district":"BangRachan","hasc":"TH.SB.BR"},"geometry":{"type":"MultiPolygon","coordinates":[[[[100.2711,14.9496],[100.2907,14.9607],[100.3035,14.9512],[100.3216,14.9548],[100.3439,14.9386],[100.3485,14.9223],[100.3425,14.8979],[100.3704,14.8657],[100.3625,14.8586],[100.3473,14.8626],[100.3312,14.8565],[100.3188,14.8308],[100.3045,14.8247],[100.2968,14.8261],[100.301,14.8436],[100.2689,14.8573],[100.2644,14.8663],[100.219,14.8384],[100.2176,14.8709],[100.2256,14.8818],[100.211,14.8834],[100.2074,14.8942],[100.2228,14.9055],[100.1875,14.9063],[100.1828,14.9332],[100.1974,14.9378],[100.203,14.953],[100.2551,14.9437],[100.2711,14.9496]]]]}},{"type":"Feature","properties":{"province":"SingBuri","district":"InBuri","hasc":"TH.SB.IB"},"geometry":{"type":"MultiPolygon","coordinates":[[[[100.3338,14.9438],[100.3216,14.9548],[100.3035,14.9512],[100.2907,14.9607],[100.2793,14.9589],[100.2614,14.9888],[100.2698,15.0083],[100.2578,15.006],[100.2472,15.0214],[100.2352,15.0222],[100.2296,15.0445],[100.2368,15.0568],[100.2948,15.0652],[100.2972,15.0824],[100.344,15.1097],[100.3822,15.0924],[100.4721,15.0225],[100.4548,14.9903],[100.4227,14.9879],[100.3962,14.9568],[100.3669,14.9506],[100.3657,14.9402],[100.3338,14.9438]]]]}},{"type":"Feature","properties":{"province":"SingBuri","district":"KhaiBangRachan","hasc":"TH.SB.KB"},"geometry":{"type":"MultiPolygon","coordinates":[[[[100.2388,14.7944],[100.2285,14.7896],[100.2057,14.8082],[100.2105,14.8326],[100.2644,14.8663],[100.2689,14.8573],[100.301,14.8436],[100.2968,14.8261],[100.3045,14.8247],[100.3188,14.8308],[100.3312,14.8565],[100.3473,14.8626],[100.3625,14.8586],[100.3704,14.8657],[100.3901,14.8178],[100.3801,14.8157],[100.3687,14.7901],[100.3473,14.779],[100.33,14.8008],[100.295,14.7807],[100.2746,14.7969],[100.2388,14.7944]]]]}},{"type":"Feature","properties":{"province":"SingBuri","district":"MuangSingBuri","hasc":"TH.SB.SB"},"geometry":{"type":"MultiPolygon","coordinates":[[[[100.3871,14.8245],[100.3663,14.8753],[100.3425,14.8979],[100.3485,14.9223],[100.3428,14.9363],[100.3657,14.9402],[100.3669,14.9506],[100.4073,14.9634],[100.4227,14.9879],[100.4487,14.9912],[100.4505,14.9427],[100.4268,14.9308],[100.4319,14.8979],[100.4403,14.8884],[100.4367,14.8701],[100.4468,14.8607],[100.4206,14.8295],[100.4214,14.8117],[100.3951,14.8157],[100.3871,14.8245]]]]}},{"type":"Feature","properties":{"province":"SingBuri","district":"PhromBuri","hasc":"TH.SB.PB"},"geometry":{"type":"MultiPolygon","coordinates":[[[[100.4671,14.7142],[100.4525,14.7242],[100.4162,14.7264],[100.4175,14.7474],[100.4263,14.7503],[100.4179,14.791],[100.4206,14.8295],[100.4446,14.8613],[100.4593,14.8555],[100.469,14.8348],[100.4739,14.7612],[100.4897,14.7471],[100.4671,14.7142]]]]}},{"type":"Feature","properties":{"province":"SingBuri","district":"ThaChang","hasc":"TH.SB.TC"},"geometry":{"type":"MultiPolygon","coordinates":[[[[100.4146,14.7507],[100.4081,14.7543],[100.3821,14.7412],[100.3702,14.7632],[100.3547,14.7587],[100.3428,14.7775],[100.3712,14.7925],[100.3801,14.8157],[100.4184,14.8113],[100.4263,14.7503],[100.4146,14.7507]]]]}},{"type":"Feature","properties":{"province":"Songkhla","district":"BangKlam","hasc":"TH.SG.BK"},"geometry":{"type":"MultiPolygon","coordinates":[[[[100.4365,7.0562],[100.441,7.0528],[100.4344,7.0439],[100.4519,7.0199],[100.4103,6.9973],[100.3847,7.0235],[100.3632,7.0296],[100.3352,7.0248],[100.3256,7.0358],[100.3073,7.039],[100.3414,7.0695],[100.3889,7.0882],[100.4032,7.087],[100.4112,7.1099],[100.4388,7.1456],[100.4457,7.1503],[100.4407,7.1451],[100.4466,7.1446],[100.4516,7.1594],[100.4576,7.1108],[100.4667,7.1084],[100.4814,7.0759],[100.4365,7.0562]]]]}},{"type":"Feature","properties":{"province":"Songkhla","district":"Chana","hasc":"TH.SG.CH"},"geometry":{"type":"MultiPolygon","coordinates":[[[[100.81,6.9096],[100.7963,6.8909],[100.7933,6.8502],[100.7997,6.838],[100.8147,6.8316],[100.8228,6.8133],[100.8122,6.7732],[100.7957,6.7521],[100.7731,6.7555],[100.7481,6.7856],[100.6935,6.7798],[100.6823,6.7955],[100.6666,6.791],[100.6376,6.7972],[100.6308,6.7916],[100.6398,6.7677],[100.554,6.7583],[100.587,6.8353],[100.5879,6.8726],[100.6089,6.9014],[100.6109,6.9382],[100.6439,6.9733],[100.6322,7.0185],[100.6502,7.0336],[100.6649,7.063],[100.6631,7.0795],[100.6797,7.0928],[100.7652,6.9852],[100.8066,6.9562],[100.8259,6.9517],[100.8192,6.9407],[100.8034,6.9488],[100.8156,6.9258],[100.81,6.9096]]]]}},{"type":"Feature","properties":{"province":"Songkhla","district":"HatYai","hasc":"TH.SG.HY"},"geometry":{"type":"MultiPolygon","coordinates":[[[[100.5881,6.8699],[100.5871,6.836],[100.5724,6.7991],[100.5574,6.7729],[100.5423,6.7673],[100.5258,6.7975],[100.5142,6.7986],[100.5071,6.8093],[100.4744,6.8114],[100.465,6.8167],[100.4607,6.8334],[100.4501,6.836],[100.4639,6.8438],[100.4682,6.8584],[100.4568,6.8714],[100.4588,6.8956],[100.4474,6.929],[100.4393,6.9309],[100.4513,6.9536],[100.4197,6.9528],[100.382,6.9302],[100.3192,6.9222],[100.2913,6.907],[100.2564,6.8673],[100.2414,6.8792],[100.2207,6.8716],[100.2122,6.8845],[100.2073,6.8959],[100.2135,6.9204],[100.1992,6.9292],[100.1915,6.9478],[100.1942,6.9776],[100.3073,7.039],[100.3256,7.0358],[100.3352,7.0248],[100.3738,7.0273],[100.4103,6.9973],[100.422,7.002],[100.4521,7.0206],[100.4344,7.0439],[100.441,7.0528],[100.4366,7.0569],[100.4814,7.0759],[100.4667,7.1084],[100.4576,7.1108],[100.453,7.1571],[100.4552,7.144],[100.4683,7.1564],[100.4951,7.1333],[100.545,7.1393],[100.5642,7.1519],[100.5541,7.1267],[100.5662,7.0715],[100.5858,7.0734],[100.5935,7.0481],[100.6073,7.0457],[100.6102,7.0268],[100.5614,7.0219],[100.553,6.997],[100.5388,6.987],[100.5195,6.9894],[100.5007,6.9653],[100.5437,6.9409],[100.5416,6.9299],[100.5226,6.9147],[100.5312,6.8939],[100.5739,6.8843],[100.5881,6.8699]]]]}},{"type":"Feature","properties":{"province":"Songkhla","district":"KhlongHoiKong","hasc":"TH.SG.KH"},"geometry":{"type":"MultiPolygon","coordinates":[[[[100.2048,6.8421],[100.2207,6.8716],[100.2414,6.8792],[100.2598,6.8679],[100.2907,6.9065],[100.3192,6.9222],[100.382,6.9302],[100.4197,6.9528],[100.4513,6.9536],[100.4393,6.9309],[100.447,6.9296],[100.4569,6.9044],[100.4568,6.8714],[100.4682,6.8584],[100.4645,6.845],[100.449,6.8357],[100.4083,6.8439],[100.3631,6.7742],[100.3577,6.7827],[100.3393,6.7835],[100.3066,6.7996],[100.2794,6.7995],[100.2202,6.8225],[100.2048,6.8421]]]]}},{"type":"Feature","properties":{"province":"Songkhla","district":"KhuanNiang","hasc":"TH.SG.KN"},"geometry":{"type":"MultiPolygon","coordinates":[[[[100.4452,7.1494],[100.4112,7.1099],[100.4026,7.0865],[100.3889,7.0882],[100.3475,7.0719],[100.3315,7.0867],[100.3489,7.126],[100.3277,7.1428],[100.3103,7.1422],[100.3443,7.2051],[100.3174,7.2319],[100.3344,7.2401],[100.3413,7.2531],[100.3366,7.2712],[100.3604,7.277],[100.3565,7.2985],[100.377,7.314],[100.3849,7.2757],[100.4376,7.2493],[100.3997,7.2337],[100.3878,7.2103],[100.4029,7.1963],[100.4109,7.2024],[100.4201,7.1615],[100.438,7.1517],[100.4456,7.155],[100.4452,7.1494]]]]}},{"type":"Feature","properties":{"province":"Songkhla","district":"KrasaeSinthu","hasc":"TH.SG.KS"},"geometry":{"type":"MultiPolygon","coordinates":[[[[100.3572,7.5902],[100.3526,7.5792],[100.3212,7.5779],[100.308,7.5617],[100.2891,7.5166],[100.2933,7.5057],[100.2729,7.518],[100.2664,7.5312],[100.2639,7.5566],[100.2795,7.5712],[100.2888,7.595],[100.3052,7.584],[100.3172,7.6037],[100.3178,7.7009],[100.3493,7.7006],[100.3808,7.6394],[100.3804,7.6221],[100.3572,7.5902]]]]}},{"type":"Feature","properties":{"province":"Songkhla","district":"MuangSongkhla","hasc":"TH.SG.SO"},"geometry":{"type":"MultiPolygon","coordinates":[[[[100.6594,7.0543],[100.6498,7.0331],[100.6322,7.0185],[100.6352,7.0029],[100.6069,7.0306],[100.6063,7.047],[100.593,7.0486],[100.5858,7.0734],[100.5665,7.0708],[100.5541,7.1267],[100.5621,7.1406],[100.5574,7.1427],[100.5944,7.1808],[100.5794,7.2306],[100.6231,7.1822],[100.6797,7.0928],[100.6631,7.0795],[100.6594,7.0543]]],[[[100.5431,7.1833],[100.5581,7.1586],[100.5253,7.1481],[100.5431,7.1833]]],[[[100.5989,7.2375],[100.5992,7.2331],[100.5978,7.2325],[100.5953,7.2356],[100.5953,7.2389],[100.5964,7.2397],[100.5989,7.2375]]],[[[100.5894,7.2619],[100.5869,7.2628],[100.5906,7.2644],[100.5911,7.2636],[100.5894,7.2619]]]]}},{"type":"Feature","properties":{"province":"Songkhla","district":"NaMom","hasc":"TH.SG.NM"},"geometry":{"type":"MultiPolygon","coordinates":[[[[100.5939,6.8779],[100.5872,6.8728],[100.5739,6.8843],[100.5312,6.8939],[100.5226,6.9147],[100.5416,6.9299],[100.5437,6.9409],[100.5007,6.9653],[100.5195,6.9894],[100.5388,6.987],[100.553,6.997],[100.5614,7.0219],[100.6102,7.0268],[100.6432,6.9958],[100.6384,6.9831],[100.6439,6.9733],[100.6109,6.9382],[100.6091,6.9021],[100.5939,6.8779]]]]}},{"type":"Feature","properties":{"province":"Songkhla","district":"NaThawi","hasc":"TH.SG.NT"},"geometry":{"type":"MultiPolygon","coordinates":[[[[100.6124,6.4664],[100.6117,6.5153],[100.5972,6.5372],[100.5932,6.5631],[100.5795,6.5624],[100.5651,6.5885],[100.564,6.6052],[100.5721,6.6135],[100.5662,6.6459],[100.5709,6.6665],[100.5534,6.6979],[100.5603,6.7166],[100.5445,6.7251],[100.5539,6.7374],[100.554,6.7583],[100.6398,6.7677],[100.6308,6.7909],[100.6355,6.7969],[100.6823,6.7955],[100.6935,6.7798],[100.7481,6.7856],[100.7616,6.7649],[100.7957,6.7521],[100.8283,6.715],[100.8188,6.7021],[100.8244,6.6909],[100.8135,6.6787],[100.8182,6.6678],[100.8041,6.6567],[100.8061,6.6419],[100.7915,6.6282],[100.7916,6.5788],[100.7765,6.559],[100.7518,6.5486],[100.7479,6.5152],[100.7327,6.5096],[100.7087,6.4709],[100.687,6.4634],[100.6837,6.4534],[100.6523,6.4435],[100.6425,6.4497],[100.6455,6.4583],[100.6171,6.4597],[100.6124,6.4664]]]]}},{"type":"Feature","properties":{"province":"Songkhla","district":"Ranot","hasc":"TH.SG.RN"},"geometry":{"type":"MultiPolygon","coordinates":[[[[100.3803,7.625],[100.3722,7.6623],[100.3493,7.7006],[100.3178,7.7009],[100.3001,7.7693],[100.2807,7.8021],[100.2496,7.7817],[100.211,7.7854],[100.2016,7.7777],[100.1827,7.7852],[100.1735,7.8047],[100.1455,7.8091],[100.127,7.7998],[100.1421,7.8682],[100.2312,7.8966],[100.247,7.9165],[100.3076,7.9139],[100.312,7.9363],[100.3203,7.9295],[100.3367,7.9319],[100.4069,7.6247],[100.3803,7.625]]]]}},{"type":"Feature","properties":{"province":"Songkhla","district":"Rattaphum","hasc":"TH.SG.RT"},"geometry":{"type":"MultiPolygon","coordinates":[[[[100.0593,7.1081],[100.0664,7.1114],[100.063,7.1373],[100.1114,7.1653],[100.1562,7.1487],[100.1747,7.1752],[100.2237,7.1936],[100.2659,7.203],[100.2757,7.1984],[100.2851,7.2107],[100.3046,7.2095],[100.3174,7.2319],[100.3443,7.2051],[100.3103,7.1422],[100.3277,7.1428],[100.3486,7.1267],[100.3315,7.0867],[100.3475,7.0719],[100.2997,7.0318],[100.2719,7.0162],[100.252,7.0142],[100.1955,6.9801],[100.1919,6.9464],[100.1992,6.9292],[100.2137,6.9197],[100.2073,6.8959],[100.184,6.9128],[100.1231,6.9232],[100.1174,6.9382],[100.0793,6.9758],[100.0829,6.9979],[100.0634,7.0146],[100.0639,7.0313],[100.0791,7.0407],[100.0695,7.0443],[100.074,7.0477],[100.061,7.0657],[100.0546,7.0949],[100.0593,7.1081]]]]}},{"type":"Feature","properties":{"province":"Songkhla","district":"SabaYoi","hasc":"TH.SG.SY"},"geometry":{"type":"MultiPolygon","coordinates":[[[[100.8446,6.3083],[100.8473,6.3539],[100.83,6.3469],[100.8218,6.3566],[100.8233,6.43],[100.7777,6.4632],[100.7605,6.4563],[100.7463,6.4698],[100.7436,6.5046],[100.7356,6.5098],[100.749,6.5171],[100.7513,6.548],[100.7765,6.559],[100.7913,6.5781],[100.7915,6.6282],[100.8114,6.6503],[100.8527,6.6626],[100.9024,6.6352],[100.9116,6.6527],[100.9247,6.6611],[100.9358,6.6576],[100.9536,6.6735],[100.9521,6.6919],[100.962,6.6994],[101.0141,6.6911],[101.0282,6.6956],[101.0586,6.6777],[101.0844,6.6436],[101.1074,6.6298],[101.0884,6.6131],[101.1123,6.5874],[101.0845,6.5699],[101.0698,6.5451],[101.0416,6.5412],[101.0382,6.5182],[101.0238,6.4989],[101.0003,6.4822],[100.9772,6.4862],[100.9608,6.4513],[100.9295,6.4396],[100.917,6.3975],[100.9269,6.3693],[100.9197,6.3541],[100.9288,6.3208],[100.9182,6.3186],[100.9096,6.3038],[100.849,6.2887],[100.8446,6.3083]]]]}},{"type":"Feature","properties":{"province":"Songkhla","district":"Sadao","hasc":"TH.SG.SA"},"geometry":{"type":"MultiPolygon","coordinates":[[[[100.6058,6.4702],[100.5617,6.4954],[100.5477,6.4845],[100.5114,6.4942],[100.49,6.525],[100.4692,6.5206],[100.4579,6.5313],[100.4239,6.5146],[100.3649,6.5401],[100.3529,6.5725],[100.3137,6.604],[100.326,6.6186],[100.3251,6.6631],[100.2991,6.6795],[100.2956,6.7087],[100.2785,6.7081],[100.2728,6.6916],[100.2613,6.6943],[100.2579,6.7107],[100.2513,6.6959],[100.2356,6.6942],[100.2058,6.7236],[100.2139,6.7608],[100.1935,6.789],[100.1987,6.837],[100.2045,6.8415],[100.2191,6.823],[100.2629,6.8049],[100.2961,6.7955],[100.3066,6.7996],[100.3584,6.7824],[100.3631,6.7742],[100.4133,6.8467],[100.4584,6.8354],[100.465,6.8167],[100.4836,6.8076],[100.5079,6.809],[100.5142,6.7986],[100.5263,6.7969],[100.5416,6.7677],[100.5565,6.7724],[100.5539,6.7374],[100.5445,6.7251],[100.5603,6.7166],[100.5534,6.6979],[100.5709,6.6665],[100.5662,6.6459],[100.5721,6.6135],[100.564,6.6052],[100.565,6.5893],[100.5795,6.5624],[100.5929,6.5638],[100.5972,6.5372],[100.6117,6.5153],[100.6058,6.4702]]]]}},{"type":"Feature","properties":{"province":"Songkhla","district":"SathingPhra","hasc":"TH.SG.SP"},"geometry":{"type":"MultiPolygon","coordinates":[[[[100.4741,7.3929],[100.4855,7.3656],[100.4608,7.3575],[100.4501,7.357],[100.446,7.3666],[100.4233,7.3649],[100.4052,7.3799],[100.4119,7.4708],[100.3983,7.5498],[100.3892,7.5663],[100.3526,7.5792],[100.3804,7.6221],[100.4065,7.6256],[100.4741,7.3929]]]]}},{"type":"Feature","properties":{"province":"Songkhla","district":"SinghaNakhon","hasc":"TH.SG.SI"},"geometry":{"type":"MultiPolygon","coordinates":[[[[100.5642,7.237],[100.5628,7.2403],[100.5629,7.241],[100.5661,7.2378],[100.5642,7.237]]],[[[100.5576,7.2459],[100.5661,7.2281],[100.5753,7.23],[100.5691,7.2263],[100.5816,7.1961],[100.5661,7.1885],[100.5561,7.1979],[100.5466,7.196],[100.5377,7.2122],[100.4773,7.2558],[100.4411,7.2508],[100.4123,7.2675],[100.4321,7.2815],[100.4233,7.3649],[100.446,7.3666],[100.4508,7.3569],[100.4855,7.3656],[100.5283,7.2822],[100.5576,7.2459]]]]}},{"type":"Feature","properties":{"province":"Songkhla","district":"SongkhlaLake","hasc":"NA"},"geometry":{"type":"MultiPolygon","coordinates":[[[[100.4064,7.2634],[100.4248,7.2805],[100.4285,7.309],[100.4022,7.3763],[100.3905,7.4423],[100.3979,7.4831],[100.3934,7.5068],[100.3726,7.543],[100.3346,7.5395],[100.296,7.4573],[100.2352,7.5238],[100.2266,7.6713],[100.211,7.7854],[100.2379,7.7787],[100.2807,7.8021],[100.3138,7.7262],[100.3222,7.6617],[100.318,7.6073],[100.3052,7.584],[100.2888,7.595],[100.2795,7.5712],[100.2639,7.5566],[100.2729,7.518],[100.2933,7.5057],[100.2894,7.5174],[100.3212,7.5779],[100.3565,7.5787],[100.3959,7.557],[100.4119,7.4708],[100.405,7.3806],[100.4251,7.3616],[100.4245,7.3196],[100.4313,7.3089],[100.4317,7.2797],[100.412,7.2684],[100.4411,7.2508],[100.4064,7.2634]]]]}},{"type":"Feature","properties":{"province":"Songkhla","district":"Thepha","hasc":"TH.SG.TH"},"geometry":{"type":"MultiPolygon","coordinates":[[[[100.9002,6.6351],[100.8527,6.6626],[100.8067,6.6473],[100.8034,6.6528],[100.8182,6.6678],[100.8135,6.6787],[100.8249,6.693],[100.8188,6.7021],[100.8285,6.7129],[100.7957,6.7521],[100.8122,6.7732],[100.8228,6.8133],[100.8147,6.8316],[100.7947,6.8453],[100.7963,6.8909],[100.8099,6.9012],[100.8155,6.9244],[100.8037,6.9495],[100.8192,6.9407],[100.8391,6.9604],[100.8492,6.9621],[100.9105,6.9069],[100.9625,6.8758],[100.9688,6.8688],[100.9642,6.8632],[100.968,6.8722],[101.0214,6.8511],[101.0629,6.8568],[101.0445,6.8481],[101.0433,6.8395],[101.0739,6.8279],[101.0638,6.8294],[101.0572,6.8041],[101.0291,6.7789],[101.0323,6.7433],[101.0187,6.7256],[101.0568,6.7163],[101.0592,6.6784],[101.0276,6.6959],[101.0141,6.6911],[100.9627,6.6996],[100.9521,6.6919],[100.9548,6.6753],[100.9487,6.6682],[100.9358,6.6576],[100.9213,6.6598],[100.9002,6.6351]]],[[[100.8574,6.9723],[100.8564,6.9728],[100.8571,6.9741],[100.858,6.9732],[100.8574,6.9723]]]]}},{"type":"Feature","properties":{"province":"Sukhothai","district":"BanDanLanHoi","hasc":"TH.SO.BD"},"geometry":{"type":"MultiPolygon","coordinates":[[[[99.5979,16.7908],[99.5789,16.8241],[99.5802,16.853],[99.5158,16.8661],[99.5116,16.8826],[99.4905,16.9068],[99.4684,16.8957],[99.4607,16.8766],[99.4443,16.8835],[99.4272,16.8791],[99.4465,16.9077],[99.4341,16.9279],[99.4165,16.9357],[99.4134,16.9508],[99.4209,16.9563],[99.4126,16.9783],[99.4335,17.0092],[99.3952,17.0232],[99.3878,17.0597],[99.3943,17.0804],[99.3711,17.0937],[99.3406,17.0895],[99.3223,17.1091],[99.3222,17.1243],[99.3311,17.1336],[99.3151,17.1413],[99.3198,17.1566],[99.3112,17.1848],[99.3208,17.2065],[99.315,17.2146],[99.322,17.2414],[99.3166,17.2674],[99.3416,17.2657],[99.3597,17.2468],[99.3744,17.2113],[99.3909,17.2055],[99.4013,17.2186],[99.4207,17.217],[99.4195,17.2243],[99.4408,17.2285],[99.4421,17.2499],[99.4566,17.2569],[99.4581,17.2319],[99.4798,17.2006],[99.5222,17.1935],[99.5282,17.1687],[99.5808,17.1538],[99.6012,17.1224],[99.6384,17.1248],[99.6208,17.1035],[99.6472,17.0814],[99.6488,17.0709],[99.6224,17.0441],[99.6219,16.9887],[99.6132,16.9815],[99.6209,16.952],[99.6185,16.9158],[99.6074,16.9072],[99.6271,16.8927],[99.6319,16.8749],[99.5955,16.8171],[99.5979,16.7908]]]]}},{"type":"Feature","properties":{"province":"Sukhothai","district":"KhiriMat","hasc":"TH.SO.KM"},"geometry":{"type":"MultiPolygon","coordinates":[[[[99.8564,16.7326],[99.8458,16.7136],[99.8301,16.7223],[99.8163,16.7192],[99.8036,16.6903],[99.7707,16.6812],[99.7325,16.7077],[99.7286,16.7232],[99.7363,16.7346],[99.6966,16.715],[99.6957,16.7298],[99.6767,16.7271],[99.6203,16.7598],[99.5996,16.7886],[99.5948,16.8095],[99.6319,16.8749],[99.6271,16.8927],[99.6074,16.9072],[99.6185,16.9158],[99.6176,16.9643],[99.6375,16.9701],[99.6571,16.9603],[99.6959,16.9657],[99.7258,16.9551],[99.7271,16.9431],[99.7347,16.9402],[99.7967,16.9681],[99.8092,16.9608],[99.8133,16.9414],[99.8015,16.8946],[99.846,16.8777],[99.8442,16.8597],[99.8932,16.844],[99.88,16.7666],[99.8564,16.7326]]]]}},{"type":"Feature","properties":{"province":"Sukhothai","district":"KongKrailat","hasc":"TH.SO.KK"},"geometry":{"type":"MultiPolygon","coordinates":[[[[99.9337,16.8168],[99.9121,16.8023],[99.9245,16.764],[99.88,16.7666],[99.8932,16.844],[99.8442,16.8597],[99.8471,16.8754],[99.8385,16.8815],[99.8549,16.9153],[99.8916,16.9349],[99.8854,16.9427],[99.8894,16.9624],[99.9668,17.0691],[99.9856,17.0813],[99.9958,17.0772],[99.9988,17.0568],[100.0082,17.0541],[100.0177,17.031],[100.049,17.0099],[100.0707,17.0096],[100.0813,17.0011],[100.0786,16.9932],[100.0959,16.9932],[100.1016,16.976],[100.1096,16.9738],[100.0995,16.9717],[100.1069,16.9669],[100.112,16.9163],[100.1026,16.9157],[100.1002,16.9004],[100.0879,16.8901],[100.0095,16.8889],[100.0081,16.8687],[100.0226,16.8613],[100.0187,16.8525],[99.9995,16.8522],[100.0027,16.859],[99.9928,16.8663],[99.9551,16.8582],[99.9337,16.8168]]]]}},{"type":"Feature","properties":{"province":"Sukhothai","district":"MuangSukhothai","hasc":"TH.SO.SU"},"geometry":{"type":"MultiPolygon","coordinates":[[[[99.8017,16.9027],[99.8134,16.9485],[99.798,16.9682],[99.7357,16.9402],[99.7271,16.9431],[99.7258,16.9551],[99.6959,16.9657],[99.6571,16.9603],[99.6375,16.9701],[99.6176,16.9643],[99.6132,16.9815],[99.6219,16.9887],[99.6224,17.0441],[99.6488,17.0709],[99.6472,17.0814],[99.6208,17.1035],[99.6384,17.1248],[99.6665,17.1244],[99.7307,17.1474],[99.7505,17.0988],[99.7777,17.0897],[99.778,17.0769],[99.8052,17.0818],[99.851,17.0497],[99.8505,17.0633],[99.8662,17.0651],[99.8763,17.0954],[99.9041,17.0863],[99.9244,17.0943],[99.9526,17.0834],[99.9668,17.0691],[99.8887,16.9611],[99.8854,16.9427],[99.8916,16.9349],[99.8549,16.9153],[99.8427,16.8846],[99.8188,16.8852],[99.8015,16.8946],[99.8017,16.9027]]]]}},{"type":"Feature","properties":{"province":"Sukhothai","district":"Sawankhalok","hasc":"TH.SO.SA"},"geometry":{"type":"MultiPolygon","coordinates":[[[[99.8875,17.1944],[99.8692,17.1928],[99.848,17.2033],[99.8161,17.2009],[99.8006,17.2223],[99.7613,17.2212],[99.7332,17.2028],[99.6772,17.2072],[99.6678,17.2336],[99.6995,17.235],[99.6874,17.2501],[99.6837,17.2716],[99.7273,17.3749],[99.735,17.3673],[99.7496,17.3807],[99.7514,17.373],[99.7778,17.387],[99.829,17.3832],[99.8533,17.389],[99.8669,17.3944],[99.8709,17.4149],[99.9181,17.4306],[99.9522,17.416],[99.9516,17.4069],[99.9628,17.4006],[99.9536,17.3687],[99.9605,17.3401],[99.939,17.3389],[99.9342,17.3255],[99.9138,17.3127],[99.9045,17.3161],[99.9039,17.307],[99.9246,17.2983],[99.9457,17.2608],[99.9645,17.2539],[99.9573,17.2387],[99.9773,17.2441],[99.9602,17.2289],[99.9834,17.2133],[99.9746,17.1968],[99.981,17.1716],[99.9725,17.1629],[99.9372,17.1838],[99.8875,17.1944]]]]}},{"type":"Feature","properties":{"province":"Sukhothai","district":"SiNakhon","hasc":"TH.SO.SN"},"geometry":{"type":"MultiPolygon","coordinates":[[[[99.9086,17.3155],[99.9305,17.3223],[99.939,17.3389],[99.9605,17.3401],[99.9536,17.3687],[99.9628,17.4006],[99.9516,17.4069],[99.9522,17.416],[99.9227,17.4311],[99.8709,17.4149],[99.8686,17.453],[99.9071,17.484],[99.9278,17.5194],[99.9829,17.4854],[99.9896,17.4671],[100.0041,17.4575],[99.9979,17.4403],[100.0052,17.4173],[99.9907,17.4005],[100.0106,17.3804],[100.0014,17.3669],[100.0091,17.357],[100.002,17.3519],[100.0161,17.328],[99.9986,17.2903],[99.9752,17.2872],[99.9681,17.2791],[99.9645,17.2539],[99.9435,17.263],[99.9246,17.2983],[99.9042,17.3065],[99.9086,17.3155]]]]}},{"type":"Feature","properties":{"province":"Sukhothai","district":"SiSamRong","hasc":"TH.SO.SR"},"geometry":{"type":"MultiPolygon","coordinates":[[[[99.8196,17.0688],[99.8052,17.0818],[99.778,17.0769],[99.7777,17.0897],[99.7505,17.0988],[99.7391,17.1141],[99.7456,17.1236],[99.7301,17.1476],[99.6665,17.1244],[99.6012,17.1224],[99.5808,17.1538],[99.5282,17.1687],[99.5222,17.1935],[99.4798,17.2006],[99.4581,17.2319],[99.4594,17.245],[99.4901,17.2469],[99.5053,17.2384],[99.5196,17.2581],[99.5618,17.2706],[99.5822,17.2623],[99.5922,17.2796],[99.6089,17.2865],[99.661,17.2473],[99.6803,17.2046],[99.7332,17.2028],[99.7613,17.2212],[99.8006,17.2223],[99.8155,17.2011],[99.8469,17.2034],[99.8692,17.1928],[99.9035,17.1943],[99.9243,17.1821],[99.9409,17.1821],[99.9572,17.1683],[99.9645,17.1245],[99.9511,17.1127],[99.9526,17.0834],[99.9208,17.0951],[99.9041,17.0863],[99.8747,17.095],[99.8662,17.0651],[99.8505,17.0633],[99.851,17.0497],[99.8196,17.0688]]]]}},{"type":"Feature","properties":{"province":"Sukhothai","district":"SiSatchanalai","hasc":"TH.SO.SS"},"geometry":{"type":"MultiPolygon","coordinates":[[[[99.7944,17.386],[99.7778,17.387],[99.7514,17.373],[99.7496,17.3807],[99.735,17.3673],[99.7153,17.3813],[99.6771,17.3619],[99.6399,17.3542],[99.6202,17.3705],[99.6065,17.4088],[99.5736,17.4566],[99.5638,17.4611],[99.5504,17.4503],[99.544,17.4543],[99.5427,17.4695],[99.5248,17.4801],[99.5339,17.4987],[99.5254,17.5072],[99.4865,17.5121],[99.4206,17.4863],[99.4223,17.517],[99.4406,17.5271],[99.4322,17.5467],[99.4368,17.5619],[99.4148,17.5721],[99.424,17.5906],[99.4205,17.5981],[99.4277,17.6075],[99.4404,17.6081],[99.4551,17.5974],[99.4491,17.6431],[99.4778,17.6757],[99.4717,17.689],[99.4796,17.7227],[99.4736,17.7366],[99.5029,17.7755],[99.5165,17.7805],[99.5209,17.7957],[99.5448,17.8087],[99.6003,17.8198],[99.6307,17.8132],[99.6513,17.7942],[99.6713,17.7989],[99.6926,17.757],[99.7086,17.7552],[99.7112,17.7372],[99.7279,17.7198],[99.7539,17.7376],[99.7579,17.7481],[99.7524,17.7513],[99.7785,17.7759],[99.7784,17.7863],[99.8084,17.8014],[99.8329,17.8019],[99.8384,17.7955],[99.8984,17.8051],[99.9065,17.7917],[99.9234,17.7855],[99.9275,17.7726],[99.9143,17.7625],[99.9175,17.7545],[99.9686,17.7016],[99.9786,17.6549],[99.9671,17.6305],[99.9765,17.6207],[99.9252,17.5843],[99.9418,17.5357],[99.915,17.5065],[99.9071,17.484],[99.8686,17.4537],[99.8669,17.3944],[99.829,17.3832],[99.7944,17.386]]]]}},{"type":"Feature","properties":{"province":"Sukhothai","district":"ThungSaliam","hasc":"TH.SO.TS"},"geometry":{"type":"MultiPolygon","coordinates":[[[[99.6914,17.2872],[99.6837,17.2709],[99.6984,17.2343],[99.6678,17.2336],[99.6526,17.256],[99.6089,17.2865],[99.5922,17.2796],[99.5822,17.2623],[99.5618,17.2706],[99.5196,17.2581],[99.5053,17.2384],[99.4901,17.2469],[99.4615,17.2459],[99.4533,17.294],[99.4573,17.3094],[99.4791,17.327],[99.4732,17.3619],[99.4575,17.3666],[99.4429,17.3877],[99.4309,17.3909],[99.4314,17.4163],[99.4406,17.4192],[99.444,17.4327],[99.4162,17.4477],[99.4084,17.4749],[99.4721,17.5083],[99.5254,17.5072],[99.5339,17.4987],[99.5251,17.4795],[99.5427,17.4695],[99.5482,17.4502],[99.5623,17.4608],[99.5736,17.4566],[99.6065,17.4088],[99.6202,17.3705],[99.6379,17.3549],[99.7227,17.3788],[99.7273,17.3749],[99.6914,17.2872]]]]}},{"type":"Feature","properties":{"province":"SuphanBuri","district":"BangPlaMa","hasc":"TH.SH.BP"},"geometry":{"type":"MultiPolygon","coordinates":[[[[100.2437,14.2835],[100.2443,14.2207],[100.2392,14.2204],[100.2282,14.2235],[100.2161,14.2425],[100.1837,14.2502],[100.1818,14.2624],[100.1487,14.2887],[100.1052,14.2789],[100.0818,14.2838],[100.0671,14.2967],[100.0076,14.291],[99.9933,14.3174],[99.9633,14.3105],[99.9808,14.3501],[99.9774,14.363],[99.9944,14.3789],[100.0049,14.3727],[100.0025,14.4013],[100.0268,14.3998],[100.0259,14.3947],[100.0807,14.4194],[100.1929,14.4356],[100.2461,14.4529],[100.2517,14.4332],[100.274,14.428],[100.2823,14.4019],[100.2681,14.3818],[100.2684,14.3244],[100.2437,14.2835]]]]}},{"type":"Feature","properties":{"province":"SuphanBuri","district":"DanChang","hasc":"TH.SH.DA"},"geometry":{"type":"MultiPolygon","coordinates":[[[[99.6474,14.8019],[99.6163,14.7808],[99.5808,14.7889],[99.5697,14.7826],[99.5482,14.8006],[99.5499,14.7664],[99.5408,14.7453],[99.5529,14.729],[99.5501,14.721],[99.5146,14.7011],[99.4649,14.6954],[99.4617,14.72],[99.4373,14.7743],[99.4235,14.78],[99.3786,14.7644],[99.3439,14.7829],[99.332,14.8049],[99.3106,14.8117],[99.2833,14.8595],[99.3185,14.8925],[99.3228,14.9209],[99.3123,14.9349],[99.3219,14.9472],[99.3047,14.98],[99.2848,14.9954],[99.2856,15.0057],[99.3081,15.0241],[99.2969,15.0379],[99.3065,15.0611],[99.3215,15.0701],[99.3206,15.0798],[99.3409,15.0793],[99.3662,15.0477],[99.4199,15.0479],[99.4289,15.0022],[99.4452,14.9827],[99.4517,14.9903],[99.5074,14.9845],[99.5886,14.945],[99.6319,14.9383],[99.634,14.969],[99.6279,14.9774],[99.6353,14.9888],[99.661,14.9875],[99.6909,14.9739],[99.7132,14.9804],[99.7231,14.9615],[99.7662,14.9607],[99.7751,14.951],[99.7708,14.9436],[99.7859,14.9193],[99.7853,14.9054],[99.8026,14.9061],[99.8308,14.8625],[99.8119,14.8434],[99.7675,14.832],[99.758,14.8227],[99.7478,14.8257],[99.735,14.815],[99.6818,14.8208],[99.6672,14.8303],[99.6474,14.8019]]]]}},{"type":"Feature","properties":{"province":"SuphanBuri","district":"DoembangNangbua","hasc":"TH.SH.DB"},"geometry":{"type":"MultiPolygon","coordinates":[[[[100.2251,14.7809],[100.2114,14.7765],[100.1921,14.7868],[100.1502,14.7861],[100.1398,14.7976],[100.1123,14.7826],[100.1054,14.7968],[100.0827,14.8015],[100.0815,14.8132],[100.0336,14.8299],[100.0208,14.8425],[99.9844,14.8384],[99.9264,14.8696],[99.8995,14.8692],[99.8253,14.843],[99.8171,14.8493],[99.8308,14.8625],[99.8026,14.9061],[99.7853,14.9054],[99.7859,14.9193],[99.7708,14.9436],[99.78,14.9514],[99.8287,14.9356],[99.8544,14.9394],[99.8819,14.9128],[99.9503,14.9102],[99.9653,14.9021],[100.0431,14.9175],[100.0415,14.9598],[100.1137,14.9449],[100.1364,14.9115],[100.203,14.953],[100.1974,14.9378],[100.1828,14.9332],[100.183,14.9237],[100.1909,14.9043],[100.2233,14.9041],[100.2078,14.8979],[100.211,14.8834],[100.2256,14.8818],[100.2053,14.809],[100.2263,14.7956],[100.2251,14.7809]]]]}},{"type":"Feature","properties":{"province":"SuphanBuri","district":"DonChedi","hasc":"TH.SH.DO"},"geometry":{"type":"MultiPolygon","coordinates":[[[[100.0718,14.6347],[100.059,14.6245],[100.0619,14.6095],[100.0522,14.5981],[100.0621,14.5732],[100.0467,14.5671],[99.9979,14.5735],[99.9335,14.6043],[99.9024,14.5857],[99.8748,14.6238],[99.8614,14.6244],[99.849,14.6129],[99.8334,14.6174],[99.7961,14.6953],[99.776,14.7058],[99.7926,14.7266],[99.803,14.7283],[99.8401,14.7222],[99.9034,14.6883],[99.9256,14.6949],[100.0474,14.6857],[100.0693,14.6744],[100.0823,14.6769],[100.0838,14.6651],[100.072,14.6574],[100.0718,14.6347]]]]}},{"type":"Feature","properties":{"province":"SuphanBuri","district":"MuangSuphanburi","hasc":"TH.SH.SB"},"geometry":{"type":"MultiPolygon","coordinates":[[[[100.0866,14.4192],[100.0259,14.3947],[100.0268,14.3998],[100.0025,14.4013],[100.0049,14.3727],[99.9944,14.3789],[99.9774,14.363],[99.9692,14.3641],[99.9709,14.3849],[99.9558,14.3984],[99.9557,14.4407],[99.9565,14.4525],[99.9729,14.4671],[99.9719,14.4875],[99.9564,14.5014],[99.9603,14.5119],[99.9499,14.5214],[99.9482,14.556],[99.9169,14.5661],[99.9024,14.5857],[99.9335,14.6043],[99.9979,14.5735],[100.0447,14.5667],[100.0621,14.5732],[100.0531,14.594],[100.0857,14.5839],[100.1197,14.5482],[100.1506,14.5582],[100.1972,14.5552],[100.2092,14.5383],[100.2076,14.5218],[100.2265,14.5065],[100.2326,14.4888],[100.2538,14.481],[100.2461,14.4529],[100.1929,14.4356],[100.0866,14.4192]]]]}},{"type":"Feature","properties":{"province":"SuphanBuri","district":"NongYaSai","hasc":"TH.SH.NY"},"geometry":{"type":"MultiPolygon","coordinates":[[[[99.9705,14.6914],[99.9256,14.6949],[99.9034,14.6883],[99.8401,14.7222],[99.7964,14.725],[99.797,14.7377],[99.7831,14.7461],[99.757,14.7418],[99.7294,14.7486],[99.6502,14.803],[99.6672,14.8303],[99.6818,14.8208],[99.735,14.815],[99.7946,14.8409],[99.8166,14.8469],[99.8291,14.8422],[99.8995,14.8692],[99.9264,14.8696],[99.9844,14.8384],[99.9587,14.8026],[99.9345,14.7986],[99.9273,14.788],[99.9797,14.7706],[99.993,14.7472],[99.9684,14.7328],[99.986,14.7072],[99.9834,14.692],[99.9705,14.6914]]]]}},{"type":"Feature","properties":{"province":"SuphanBuri","district":"SamChuk","hasc":"TH.SH.SC"},"geometry":{"type":"MultiPolygon","coordinates":[[[[100.1075,14.793],[100.1123,14.7826],[100.1398,14.7976],[100.1502,14.7861],[100.2008,14.7824],[100.2128,14.7703],[100.2069,14.7418],[100.1878,14.7491],[100.1721,14.7249],[100.1247,14.7021],[100.1363,14.6899],[100.1118,14.6813],[100.0895,14.6858],[100.0766,14.6743],[100.0474,14.6857],[99.9834,14.692],[99.9854,14.7146],[99.9684,14.7328],[99.993,14.7472],[99.9797,14.7706],[99.9273,14.788],[99.9345,14.7986],[99.9587,14.8026],[99.9767,14.8332],[100.0086,14.8436],[100.0117,14.8374],[100.0116,14.8454],[100.0815,14.8132],[100.0827,14.8015],[100.1075,14.793]]]]}},{"type":"Feature","properties":{"province":"SuphanBuri","district":"SiPrachan","hasc":"TH.SH.SP"},"geometry":{"type":"MultiPolygon","coordinates":[[[[100.1197,14.5482],[100.0857,14.5839],[100.0531,14.594],[100.0619,14.6095],[100.059,14.6245],[100.0718,14.6347],[100.072,14.6574],[100.0838,14.6651],[100.0895,14.6858],[100.1118,14.6813],[100.1363,14.6899],[100.1247,14.7021],[100.1491,14.7087],[100.1503,14.7176],[100.1745,14.7268],[100.1878,14.7491],[100.1995,14.7497],[100.2163,14.7216],[100.2099,14.6801],[100.2316,14.6504],[100.1955,14.6057],[100.2107,14.5744],[100.1972,14.5552],[100.1536,14.5587],[100.1197,14.5482]]]]}},{"type":"Feature","properties":{"province":"SuphanBuri","district":"SongPhiNong","hasc":"TH.SH.SN"},"geometry":{"type":"MultiPolygon","coordinates":[[[[99.8325,14.0604],[99.812,14.0647],[99.8107,14.0794],[99.7976,14.0851],[99.7918,14.0988],[99.758,14.0899],[99.7312,14.1],[99.7314,14.143],[99.7439,14.1803],[99.7587,14.1815],[99.7684,14.1987],[99.7853,14.1901],[99.8058,14.206],[99.8121,14.2271],[99.887,14.2277],[99.9555,14.2429],[99.9706,14.2368],[99.9826,14.2684],[99.9679,14.2838],[99.9633,14.3105],[99.9933,14.3174],[100.0076,14.291],[100.0671,14.2967],[100.0818,14.2838],[100.1052,14.2789],[100.1487,14.2887],[100.1818,14.2624],[100.1837,14.2502],[100.2161,14.2425],[100.2282,14.2235],[100.2443,14.2207],[100.2445,14.2097],[100.2156,14.1819],[100.1562,14.1662],[100.1324,14.1452],[99.9458,14.1356],[99.9289,14.1187],[99.9061,14.1137],[99.8701,14.0713],[99.8442,14.0584],[99.8325,14.0604]]]]}},{"type":"Feature","properties":{"province":"SuphanBuri","district":"UThong","hasc":"TH.SH.UT"},"geometry":{"type":"MultiPolygon","coordinates":[[[[99.8993,14.232],[99.8215,14.2247],[99.8191,14.2352],[99.8243,14.3092],[99.8149,14.336],[99.8217,14.3479],[99.8178,14.3937],[99.8247,14.4107],[99.8164,14.4384],[99.8215,14.5019],[99.8125,14.5438],[99.8223,14.5726],[99.7984,14.588],[99.8077,14.6114],[99.8334,14.6174],[99.849,14.6129],[99.8638,14.6247],[99.8772,14.6227],[99.9088,14.5721],[99.9482,14.556],[99.9499,14.5214],[99.9603,14.5119],[99.9564,14.5014],[99.9719,14.4875],[99.9729,14.4671],[99.9565,14.4525],[99.9552,14.4055],[99.9709,14.3849],[99.9648,14.3696],[99.9774,14.363],[99.9808,14.3501],[99.9633,14.3105],[99.9679,14.2838],[99.9826,14.2684],[99.9706,14.2368],[99.9555,14.2429],[99.8993,14.232]]]]}},{"type":"Feature","properties":{"province":"SuratThani","district":"BanNaDoem","hasc":"TH.ST.ND"},"geometry":{"type":"MultiPolygon","coordinates":[[[[99.3396,8.885],[99.3521,8.8717],[99.3521,8.8558],[99.3372,8.8539],[99.325,8.8414],[99.3225,8.8221],[99.2782,8.8132],[99.2605,8.8283],[99.2747,8.8413],[99.262,8.8589],[99.2412,8.867],[99.2297,8.858],[99.221,8.8609],[99.2144,8.8785],[99.1946,8.8801],[99.1885,8.89],[99.1938,8.8928],[99.1861,8.8956],[99.1976,8.9029],[99.191,8.9194],[99.209,8.9303],[99.1983,8.9391],[99.2203,8.9426],[99.2178,8.9619],[99.2794,8.9738],[99.3322,8.9484],[99.3577,8.9591],[99.3483,8.9295],[99.369,8.92],[99.3537,8.9107],[99.3487,8.89],[99.3396,8.885]]]]}},{"type":"Feature","properties":{"province":"SuratThani","district":"BanNaSan","hasc":"TH.ST.NS"},"geometry":{"type":"MultiPolygon","coordinates":[[[[99.3251,8.6794],[99.2754,8.6845],[99.2822,8.6942],[99.2729,8.7022],[99.2637,8.698],[99.2757,8.7076],[99.2718,8.7212],[99.2625,8.728],[99.2595,8.7222],[99.2524,8.7359],[99.2435,8.7303],[99.2462,8.7432],[99.2307,8.7535],[99.2431,8.757],[99.2442,8.7813],[99.2224,8.8036],[99.2349,8.8393],[99.242,8.8454],[99.2773,8.8133],[99.3225,8.8221],[99.325,8.8414],[99.3372,8.8539],[99.3521,8.8558],[99.3521,8.8717],[99.3382,8.8831],[99.3487,8.89],[99.3537,8.9107],[99.369,8.92],[99.3483,8.9295],[99.3542,8.9556],[99.3837,8.9739],[99.4391,8.9721],[99.4645,8.9439],[99.4817,8.9093],[99.5134,8.9104],[99.5546,8.8928],[99.5596,8.8507],[99.5309,8.8495],[99.5176,8.8354],[99.5266,8.8105],[99.5227,8.7641],[99.5302,8.76],[99.5252,8.7263],[99.4921,8.6958],[99.4754,8.7043],[99.4458,8.7047],[99.4395,8.6729],[99.432,8.6706],[99.3667,8.6775],[99.3427,8.6723],[99.3251,8.6794]]]]}},{"type":"Feature","properties":{"province":"SuratThani","district":"BanTaKhun","hasc":"TH.ST.TK"},"geometry":{"type":"MultiPolygon","coordinates":[[[[98.901,8.9794],[98.9085,8.9833],[98.9171,8.9702],[98.9379,8.9688],[98.9448,8.9484],[98.956,8.9485],[98.9368,8.877],[98.9078,8.8733],[98.9029,8.8943],[98.8885,8.8903],[98.8503,8.8997],[98.8368,8.9145],[98.8202,8.8907],[98.8027,8.8986],[98.7834,8.8949],[98.7494,8.9177],[98.7387,8.9139],[98.7115,8.9281],[98.6996,8.9203],[98.6902,8.9413],[98.674,8.9436],[98.6675,8.9583],[98.6466,8.9537],[98.6308,8.9361],[98.6142,8.9425],[98.6107,8.934],[98.5878,8.9457],[98.5753,8.9645],[98.5633,8.9511],[98.5375,8.9726],[98.5111,8.9724],[98.5051,8.9831],[98.5106,8.9977],[98.4876,9.016],[98.4725,9.0638],[98.4939,9.0811],[98.4802,9.1238],[98.4819,9.1478],[98.5024,9.154],[98.4939,9.1726],[98.4963,9.2011],[98.5025,9.217],[98.5247,9.2363],[98.5304,9.2547],[98.5269,9.2965],[98.5059,9.3086],[98.5158,9.3308],[98.545,9.3597],[98.5646,9.3582],[98.573,9.3655],[98.5864,9.3675],[98.59,9.355],[98.6113,9.3416],[98.6341,9.3563],[98.6591,9.3468],[98.6732,9.3629],[98.7011,9.3636],[98.6872,9.3262],[98.7022,9.318],[98.7138,9.3295],[98.7357,9.3307],[98.7248,9.3054],[98.7476,9.2881],[98.7388,9.2495],[98.748,9.2182],[98.7734,9.2097],[98.7736,9.1809],[98.8009,9.167],[98.7994,9.1548],[98.8074,9.1503],[98.8007,9.1272],[98.8124,9.109],[98.8018,9.0984],[98.8229,9.0642],[98.8101,9.0288],[98.8348,9.0238],[98.8508,9.0339],[98.8628,9.032],[98.9025,9.0011],[98.901,8.9794]]]]}},{"type":"Feature","properties":{"province":"SuratThani","district":"Chaiburi","hasc":"TH.ST.CB"},"geometry":{"type":"MultiPolygon","coordinates":[[[[99.1547,8.354],[99.1228,8.3666],[99.0381,8.3637],[98.9711,8.4161],[98.9478,8.4245],[98.9386,8.4413],[98.9492,8.4988],[98.9886,8.5124],[99.0104,8.5474],[99.065,8.5172],[99.0958,8.5199],[99.1178,8.5021],[99.1249,8.4827],[99.1501,8.4797],[99.1869,8.46],[99.2012,8.4365],[99.1812,8.4078],[99.1843,8.38],[99.2057,8.354],[99.2096,8.3365],[99.1547,8.354]]]]}},{"type":"Feature","properties":{"province":"SuratThani","district":"Chaiya","hasc":"TH.ST.CH"},"geometry":{"type":"MultiPolygon","coordinates":[[[[99.1562,9.3664],[99.1535,9.3879],[99.1438,9.3895],[99.1323,9.3771],[99.1297,9.3587],[99.0852,9.3415],[99.0664,9.3432],[99.0556,9.3627],[99.0268,9.3798],[99.0278,9.3979],[99.0146,9.411],[98.9942,9.4089],[98.9537,9.4328],[98.9204,9.4268],[98.8936,9.4027],[98.8498,9.477],[98.8125,9.4984],[98.8091,9.5112],[98.7974,9.5042],[98.7871,9.5218],[98.7706,9.5199],[98.7585,9.5737],[98.7374,9.5839],[98.7388,9.6011],[98.7681,9.6339],[98.7679,9.6861],[98.7822,9.6922],[98.7914,9.6832],[98.8193,9.7026],[98.8335,9.7001],[98.8544,9.709],[98.8535,9.6823],[98.8735,9.6473],[98.8867,9.6423],[98.8948,9.6139],[98.9269,9.5708],[98.9644,9.5444],[99.0071,9.5302],[99.0247,9.5141],[99.0476,9.5114],[99.0872,9.4794],[99.1065,9.4825],[99.1132,9.4957],[99.1689,9.4815],[99.176,9.4728],[99.2346,9.5065],[99.2634,9.4484],[99.305,9.4061],[99.3128,9.3858],[99.2944,9.4039],[99.27,9.3744],[99.2755,9.399],[99.2628,9.3611],[99.22,9.3381],[99.2029,9.339],[99.1909,9.3586],[99.1562,9.3664]]]]}},{"type":"Feature","properties":{"province":"SuratThani","district":"DonSak","hasc":"TH.ST.DS"},"geometry":{"type":"MultiPolygon","coordinates":[[[[99.7255,9.1568],[99.7458,9.1402],[99.7428,9.0312],[99.6713,9.0671],[99.6788,9.0819],[99.6603,9.1002],[99.6639,9.1338],[99.6724,9.1384],[99.6703,9.1564],[99.6519,9.1472],[99.6285,9.1624],[99.6325,9.1881],[99.6253,9.2058],[99.6159,9.2201],[99.5915,9.2261],[99.5907,9.2368],[99.5771,9.2455],[99.5742,9.2725],[99.6126,9.2694],[99.6427,9.3029],[99.6675,9.3035],[99.6821,9.3134],[99.6889,9.2983],[99.6606,9.285],[99.6717,9.2842],[99.6908,9.2995],[99.6808,9.3375],[99.7239,9.3125],[99.7447,9.33],[99.7561,9.3158],[99.7699,9.3227],[99.7623,9.3023],[99.7487,9.293],[99.7542,9.2207],[99.7391,9.2001],[99.7399,9.1736],[99.7255,9.1568]]]]}},{"type":"Feature","properties":{"province":"SuratThani","district":"K.Wipawadi","hasc":"TH.ST.VI"},"geometry":{"type":"MultiPolygon","coordinates":[[[[98.7738,9.2081],[98.748,9.2182],[98.7388,9.2495],[98.7476,9.2881],[98.7248,9.3054],[98.7499,9.3446],[98.7847,9.3536],[98.7892,9.3398],[98.7799,9.3314],[98.7919,9.3165],[98.826,9.3154],[98.8377,9.3266],[98.8437,9.3153],[98.8605,9.3136],[98.8833,9.2854],[98.9132,9.3014],[98.933,9.2637],[98.9517,9.2608],[98.997,9.206],[99.0041,9.2094],[99.0163,9.1966],[99.0135,9.1639],[99.0292,9.1507],[99.0317,9.1356],[99.0264,9.1278],[98.9767,9.1136],[98.9743,9.125],[98.8826,9.1518],[98.825,9.1797],[98.8021,9.2033],[98.7738,9.2081]]]]}},{"type":"Feature","properties":{"province":"SuratThani","district":"Kanchanadit","hasc":"TH.ST.KA"},"geometry":{"type":"MultiPolygon","coordinates":[[[[99.4974,8.9102],[99.4791,8.9118],[99.4645,8.9439],[99.4391,8.9721],[99.3959,8.9757],[99.3791,9.0279],[99.393,9.059],[99.3873,9.0863],[99.3937,9.1153],[99.3858,9.1191],[99.3802,9.1106],[99.3653,9.1245],[99.368,9.1341],[99.3757,9.1337],[99.3696,9.1465],[99.3849,9.142],[99.3863,9.1333],[99.3916,9.139],[99.3888,9.1674],[99.3721,9.1872],[99.4132,9.2063],[99.4667,9.1988],[99.4753,9.21],[99.4925,9.2142],[99.5008,9.2213],[99.4958,9.2278],[99.5083,9.26],[99.5372,9.2867],[99.5742,9.2725],[99.5771,9.2455],[99.5907,9.2368],[99.5915,9.2261],[99.6159,9.2201],[99.6325,9.1881],[99.6285,9.1624],[99.6519,9.1472],[99.6703,9.1564],[99.6724,9.1384],[99.6639,9.1338],[99.6603,9.1002],[99.6788,9.0819],[99.6713,9.0671],[99.6952,9.0504],[99.7287,9.0429],[99.7446,9.0256],[99.7333,9.0128],[99.7238,8.9774],[99.7135,8.9703],[99.6946,8.9739],[99.6891,8.9593],[99.6968,8.935],[99.6522,8.922],[99.6477,8.9297],[99.6285,8.9114],[99.6156,8.9271],[99.5956,8.9246],[99.5762,8.9109],[99.574,8.892],[99.5585,8.8779],[99.5523,8.8963],[99.4974,8.9102]]]]}},{"type":"Feature","properties":{"province":"SuratThani","district":"KhianSa","hasc":"TH.ST.KS"},"geometry":{"type":"MultiPolygon","coordinates":[[[[99.2637,8.698],[99.2729,8.7022],[99.2822,8.6942],[99.2712,8.6841],[99.2767,8.6695],[99.2856,8.6702],[99.2778,8.6612],[99.2842,8.6449],[99.2759,8.6332],[99.2638,8.6385],[99.2616,8.6303],[99.2248,8.6225],[99.1975,8.6322],[99.1521,8.6288],[99.0891,8.6451],[99.0673,8.64],[99.0619,8.667],[99.0373,8.6864],[98.8877,8.681],[98.9003,8.7529],[98.9169,8.7671],[98.9087,8.7832],[98.9205,8.8046],[98.9802,8.8001],[98.9988,8.7857],[99.0637,8.7865],[99.1177,8.8372],[99.166,8.8601],[99.1942,8.8867],[99.1946,8.8801],[99.2144,8.8785],[99.221,8.8609],[99.2552,8.8645],[99.2742,8.843],[99.2591,8.8334],[99.2405,8.8462],[99.2224,8.804],[99.2442,8.7813],[99.2431,8.757],[99.2307,8.7535],[99.2462,8.7432],[99.2435,8.7303],[99.2524,8.7359],[99.2595,8.7222],[99.2625,8.728],[99.2718,8.7212],[99.2757,8.7076],[99.2637,8.698]]]]}},{"type":"Feature","properties":{"province":"SuratThani","district":"KhiriRatthanikhom","hasc":"TH.ST.KR"},"geometry":{"type":"MultiPolygon","coordinates":[[[[98.9239,8.8741],[98.9373,8.8775],[98.956,8.9485],[98.9448,8.9484],[98.9379,8.9688],[98.9171,8.9702],[98.9085,8.9833],[98.9004,8.9795],[98.9025,9.0011],[98.8635,9.0316],[98.8508,9.0339],[98.834,9.0238],[98.8101,9.0288],[98.8229,9.0642],[98.8018,9.0984],[98.8124,9.109],[98.8007,9.1272],[98.8074,9.1503],[98.7994,9.1548],[98.8009,9.167],[98.7736,9.1809],[98.7719,9.2067],[98.8014,9.2037],[98.8257,9.1794],[98.8826,9.1518],[98.9743,9.125],[98.9767,9.1136],[99.0251,9.1285],[99.0188,9.1089],[99.0268,9.0876],[99.0445,9.07],[99.0682,9.0724],[99.067,9.0545],[99.0556,9.0465],[99.0531,9.0208],[99.0441,9.0115],[99.0501,8.9911],[99.0413,8.9675],[99.0434,8.9261],[99.0282,8.8847],[99.0363,8.8614],[99.0133,8.8535],[99.0149,8.7857],[98.9988,8.7857],[98.9802,8.8001],[98.9259,8.805],[98.9091,8.7842],[98.8948,8.8214],[98.8841,8.8248],[98.8849,8.838],[98.9239,8.8741]]]]}},{"type":"Feature","properties":{"province":"SuratThani","district":"KoPhangan","hasc":"TH.ST.KP"},"geometry":{"type":"MultiPolygon","coordinates":[[[[100.0378,9.7931],[100.0642,9.7856],[100.0561,9.7806],[100.0575,9.7714],[100.0675,9.7728],[100.0803,9.7444],[100.075,9.7139],[100.0814,9.6967],[100.0681,9.6767],[100.0758,9.6658],[100.0383,9.6936],[99.9828,9.7106],[99.9755,9.7472],[99.9604,9.757],[99.9664,9.7856],[99.9897,9.8031],[100.0047,9.7867],[100.0244,9.8044],[100.0378,9.7931]]],[[[100.0011,9.7919],[100.0022,9.7908],[99.9983,9.7925],[99.9986,9.7929],[100.0011,9.7919]]],[[[99.8389,10.1258],[99.8561,10.09],[99.8392,10.0717],[99.8428,10.065],[99.8325,10.0658],[99.8278,10.0578],[99.8278,10.0653],[99.8153,10.0711],[99.8272,10.0928],[99.8197,10.1183],[99.8239,10.1264],[99.8389,10.1258]]],[[[99.8148,10.1155],[99.8144,10.1136],[99.8125,10.1153],[99.8133,10.1164],[99.8148,10.1155]]],[[[99.8141,10.1175],[99.8145,10.1185],[99.8163,10.1186],[99.8153,10.1174],[99.8141,10.1175]]],[[[99.8147,10.1244],[99.8156,10.1203],[99.8122,10.1178],[99.8097,10.1225],[99.8122,10.1258],[99.8147,10.1244]]]]}},{"type":"Feature","properties":{"province":"SuratThani","district":"KoSamui","hasc":"TH.ST.KO"},"geometry":{"type":"MultiPolygon","coordinates":[[[[100.0061,9.4217],[99.9828,9.4214],[99.9656,9.4088],[99.9511,9.4217],[99.9286,9.4173],[99.9292,9.4283],[99.9367,9.4292],[99.9343,9.4565],[99.9183,9.4917],[99.9331,9.4975],[99.9339,9.5375],[99.9269,9.5582],[99.9119,9.5706],[99.9814,9.5878],[99.9972,9.5714],[100.0167,9.5747],[100.0269,9.5617],[100.0414,9.5653],[100.0528,9.5572],[100.0614,9.5639],[100.0694,9.5933],[100.0906,9.57],[100.0564,9.5139],[100.0558,9.5017],[100.0739,9.4711],[100.0494,9.4686],[100.0397,9.4519],[100.0278,9.4506],[100.0164,9.4247],[100.0061,9.4217]]],[[[100.0697,9.5317],[100.0728,9.5336],[100.0733,9.5336],[100.0711,9.5317],[100.0697,9.5317]]],[[[100.0848,9.5366],[100.0866,9.535],[100.0858,9.5331],[100.0828,9.5341],[100.0791,9.5392],[100.0807,9.542],[100.0849,9.5403],[100.0836,9.5374],[100.0848,9.5366]]],[[[100.0866,9.5732],[100.0867,9.5752],[100.0896,9.5742],[100.089,9.5729],[100.0866,9.5732]]],[[[100.0507,9.5912],[100.0512,9.5922],[100.0527,9.5936],[100.0532,9.5914],[100.0507,9.5912]]],[[[100.0601,9.5945],[100.0617,9.5924],[100.0604,9.591],[100.0588,9.5919],[100.0569,9.5907],[100.055,9.5921],[100.0565,9.5945],[100.0601,9.5945]]]]}},{"type":"Feature","properties":{"province":"SuratThani","district":"MuangSuratThani","hasc":"TH.ST.ST"},"geometry":{"type":"MultiPolygon","coordinates":[[[[99.3542,8.957],[99.3322,8.9484],[99.3026,8.977],[99.3054,9.0142],[99.2679,9.1047],[99.268,9.1355],[99.2506,9.1147],[99.2353,9.1132],[99.219,9.1246],[99.2298,9.1364],[99.2215,9.1457],[99.2396,9.1716],[99.2485,9.1685],[99.2546,9.1893],[99.2967,9.2092],[99.2979,9.1966],[99.305,9.2236],[99.3153,9.2314],[99.32,9.2191],[99.3444,9.2209],[99.3395,9.2095],[99.3631,9.2158],[99.3612,9.1978],[99.3681,9.1989],[99.3706,9.1905],[99.3761,9.1992],[99.3807,9.1928],[99.3719,9.1832],[99.3888,9.1674],[99.3907,9.1369],[99.3854,9.1337],[99.3849,9.142],[99.3696,9.1465],[99.3757,9.1337],[99.368,9.1341],[99.3653,9.1245],[99.3802,9.1106],[99.3858,9.1191],[99.3937,9.1153],[99.3873,9.0863],[99.393,9.059],[99.3791,9.0279],[99.3959,8.9757],[99.3542,8.957]]]]}},{"type":"Feature","properties":{"province":"SuratThani","district":"Phanom","hasc":"TH.ST.PH"},"geometry":{"type":"MultiPolygon","coordinates":[[[[98.8343,8.6549],[98.8002,8.6553],[98.7954,8.6404],[98.7604,8.6722],[98.7476,8.6744],[98.7213,8.6291],[98.7056,8.6297],[98.6709,8.6611],[98.6618,8.6553],[98.6485,8.6595],[98.6393,8.645],[98.6117,8.6379],[98.6036,8.6264],[98.5648,8.638],[98.5371,8.6602],[98.5457,8.6739],[98.5701,8.6821],[98.594,8.712],[98.5984,8.797],[98.5547,8.814],[98.5525,8.8287],[98.5325,8.8446],[98.5354,8.8581],[98.5138,8.8605],[98.5053,8.8806],[98.4453,8.8955],[98.4562,8.9325],[98.4427,8.9454],[98.4506,8.9659],[98.494,8.9853],[98.5168,8.9689],[98.5375,8.9726],[98.5633,8.9511],[98.5753,8.9645],[98.5891,8.9445],[98.6116,8.934],[98.6142,8.9425],[98.6308,8.9361],[98.6466,8.9537],[98.6675,8.9583],[98.674,8.9436],[98.6902,8.9413],[98.6996,8.9203],[98.7115,8.9281],[98.7387,8.9139],[98.7494,8.9177],[98.7834,8.8949],[98.8027,8.8986],[98.8202,8.8907],[98.8368,8.9145],[98.8503,8.8997],[98.8885,8.8903],[98.9039,8.8936],[98.9067,8.8738],[98.9217,8.8728],[98.8863,8.8413],[98.8841,8.8248],[98.8948,8.8214],[98.9006,8.7937],[98.9169,8.7671],[98.9003,8.7529],[98.891,8.668],[98.8574,8.6549],[98.8343,8.6549]]]]}},{"type":"Feature","properties":{"province":"SuratThani","district":"Phunphin","hasc":"TH.ST.PP"},"geometry":{"type":"MultiPolygon","coordinates":[[[[99.1861,8.8956],[99.1942,8.8867],[99.166,8.8601],[99.1177,8.8372],[99.0637,8.7865],[99.0149,8.7857],[99.0133,8.8535],[99.0363,8.8614],[99.0282,8.8847],[99.0434,8.9261],[99.0413,8.9675],[99.0501,8.9911],[99.0441,9.0115],[99.0531,9.0208],[99.0556,9.0465],[99.067,9.0545],[99.0682,9.0724],[99.0445,9.07],[99.0268,9.0876],[99.0189,9.1118],[99.0307,9.1455],[99.0135,9.1639],[99.0204,9.1878],[99.0139,9.1998],[99.0261,9.2106],[99.0419,9.205],[99.0661,9.2172],[99.0837,9.2141],[99.1305,9.1782],[99.2144,9.1872],[99.2358,9.2405],[99.255,9.2273],[99.258,9.234],[99.2669,9.2192],[99.3089,9.2436],[99.2966,9.2091],[99.2546,9.1893],[99.2477,9.1678],[99.2396,9.1716],[99.2215,9.1457],[99.2298,9.1364],[99.219,9.1246],[99.2353,9.1132],[99.2506,9.1147],[99.268,9.1355],[99.2679,9.1047],[99.3054,9.0142],[99.3022,8.9778],[99.3243,8.9573],[99.2794,8.9738],[99.2178,8.9619],[99.2203,8.9426],[99.1983,8.9391],[99.209,8.9303],[99.191,8.9194],[99.1976,8.9029],[99.1861,8.8956]]],[[[99.2344,9.2425],[99.2358,9.2405],[99.2326,9.2444],[99.2337,9.2436],[99.2344,9.2425]]]]}},{"type":"Feature","properties":{"province":"SuratThani","district":"Prasaeng","hasc":"TH.ST.PS"},"geometry":{"type":"MultiPolygon","coordinates":[[[[99.2902,8.3087],[99.263,8.3019],[99.2123,8.3327],[99.2057,8.354],[99.1846,8.3792],[99.1807,8.4047],[99.2008,8.438],[99.1869,8.46],[99.1501,8.4797],[99.1238,8.4836],[99.1178,8.5021],[99.0958,8.5199],[99.065,8.5172],[99.0104,8.5474],[98.9886,8.5124],[98.9608,8.5066],[98.9465,8.4953],[98.9413,8.5321],[98.9332,8.5419],[98.9347,8.5629],[98.888,8.6181],[98.8593,8.6266],[98.8436,8.6549],[98.8874,8.6645],[98.8929,8.6827],[99.0324,8.6868],[99.0451,8.6843],[99.0619,8.667],[99.0673,8.64],[99.0891,8.6451],[99.1521,8.6288],[99.1975,8.6322],[99.2245,8.6225],[99.2598,8.6305],[99.2683,8.607],[99.2599,8.6099],[99.2571,8.5802],[99.2659,8.5715],[99.251,8.5655],[99.2721,8.5603],[99.2826,8.5483],[99.2676,8.5377],[99.2645,8.5245],[99.2818,8.4995],[99.278,8.4897],[99.2942,8.4888],[99.2885,8.4842],[99.2957,8.4735],[99.2597,8.4484],[99.262,8.4366],[99.2345,8.3978],[99.2347,8.386],[99.2405,8.3669],[99.2615,8.3509],[99.2753,8.3515],[99.2902,8.3087]]]]}},{"type":"Feature","properties":{"province":"SuratThani","district":"ThaChana","hasc":"TH.ST.TA"},"geometry":{"type":"MultiPolygon","coordinates":[[[[99.177,9.4734],[99.1132,9.4957],[99.1065,9.4825],[99.0872,9.4794],[99.0476,9.5114],[99.0247,9.5141],[99.0068,9.5304],[98.943,9.5556],[98.895,9.6136],[98.8869,9.642],[98.8735,9.6473],[98.8535,9.6823],[98.8544,9.709],[98.8652,9.7275],[98.8849,9.7258],[98.9042,9.7353],[98.9288,9.7205],[98.9575,9.7206],[98.9621,9.7118],[98.9869,9.7106],[98.9964,9.703],[99.005,9.7103],[99.0078,9.6993],[99.0338,9.6933],[99.0526,9.6664],[99.0751,9.6512],[99.0959,9.6627],[99.0723,9.6878],[99.0785,9.7034],[99.1028,9.7035],[99.1177,9.6929],[99.1286,9.7027],[99.1592,9.7034],[99.1708,9.6544],[99.2097,9.6014],[99.2094,9.5692],[99.2346,9.5065],[99.177,9.4734]]]]}},{"type":"Feature","properties":{"province":"SuratThani","district":"ThaChang","hasc":"TH.ST.TG"},"geometry":{"type":"MultiPolygon","coordinates":[[[[99.2278,9.2789],[99.2228,9.2576],[99.2388,9.2355],[99.2185,9.2077],[99.2156,9.1875],[99.1305,9.1782],[99.0837,9.2141],[99.0661,9.2172],[99.0419,9.205],[99.0261,9.2106],[99.0126,9.1995],[99.0041,9.2094],[98.997,9.206],[98.9517,9.2608],[98.933,9.2637],[98.9132,9.3014],[98.8833,9.2854],[98.8605,9.3136],[98.8437,9.3153],[98.8377,9.3266],[98.826,9.3154],[98.7919,9.3165],[98.7799,9.3314],[98.7892,9.3398],[98.7847,9.3536],[98.7658,9.3525],[98.7022,9.318],[98.6943,9.3209],[98.6849,9.3326],[98.6962,9.3386],[98.7011,9.3636],[98.6684,9.3591],[98.6719,9.3882],[98.6479,9.3878],[98.654,9.3992],[98.6472,9.427],[98.6598,9.4196],[98.6713,9.425],[98.6809,9.435],[98.6663,9.451],[98.6691,9.466],[98.6938,9.4693],[98.704,9.4853],[98.7154,9.4867],[98.7169,9.4989],[98.747,9.5348],[98.7644,9.5361],[98.7709,9.5196],[98.7871,9.5218],[98.7974,9.5042],[98.8091,9.5112],[98.8125,9.4984],[98.8567,9.4703],[98.8967,9.4007],[98.9054,9.4178],[98.9204,9.4268],[98.9578,9.4321],[98.9942,9.4089],[99.0146,9.411],[99.0278,9.3979],[99.0268,9.3798],[99.0552,9.3631],[99.073,9.3414],[99.1297,9.3587],[99.1326,9.3776],[99.1438,9.3895],[99.1528,9.3884],[99.1525,9.3663],[99.1846,9.3615],[99.2029,9.339],[99.2197,9.338],[99.2161,9.3056],[99.2278,9.2789]]]]}},{"type":"Feature","properties":{"province":"SuratThani","district":"WiangSa","hasc":"TH.ST.WS"},"geometry":{"type":"MultiPolygon","coordinates":[[[[99.3835,8.5153],[99.3612,8.5001],[99.3385,8.5199],[99.3317,8.4982],[99.3123,8.4918],[99.3027,8.479],[99.2934,8.4897],[99.278,8.4897],[99.2818,8.4995],[99.2644,8.5259],[99.2676,8.5377],[99.2828,8.548],[99.2721,8.5603],[99.2508,8.567],[99.2659,8.5715],[99.2571,8.5802],[99.2599,8.6099],[99.2683,8.607],[99.2598,8.6305],[99.2638,8.6385],[99.2766,8.6336],[99.2844,8.6456],[99.2778,8.6612],[99.2856,8.6702],[99.2767,8.6695],[99.2712,8.6844],[99.4247,8.669],[99.4395,8.6729],[99.4458,8.7047],[99.4847,8.7017],[99.4951,8.6921],[99.4948,8.672],[99.4782,8.6573],[99.4794,8.647],[99.4627,8.6494],[99.4542,8.6421],[99.4481,8.6203],[99.4554,8.6019],[99.4406,8.5992],[99.4077,8.5576],[99.4062,8.5454],[99.4158,8.5451],[99.4105,8.5301],[99.3947,8.5267],[99.3932,8.5135],[99.3835,8.5153]]]]}},{"type":"Feature","properties":{"province":"Surin","district":"BuaChet","hasc":"TH.SU.BU"},"geometry":{"type":"MultiPolygon","coordinates":[[[[104.0438,14.3416],[104.016,14.3422],[104.007,14.3568],[103.9957,14.3454],[103.9795,14.3545],[103.9499,14.3504],[103.9422,14.3302],[103.8989,14.3496],[103.903,14.3769],[103.9159,14.3836],[103.9222,14.4011],[103.9198,14.4129],[103.8954,14.4327],[103.9004,14.4662],[103.8911,14.5469],[103.9167,14.5731],[103.9694,14.5965],[103.9983,14.6346],[104.0418,14.6315],[104.055,14.6395],[104.062,14.6017],[104.0577,14.577],[104.0492,14.5538],[104.0344,14.5428],[104.0371,14.4965],[104.0557,14.4931],[104.0513,14.4776],[104.0617,14.4588],[104.0462,14.3617],[104.0598,14.345],[104.0438,14.3416]]]]}},{"type":"Feature","properties":{"province":"Surin","district":"ChomPhra","hasc":"TH.SU.CP"},"geometry":{"type":"MultiPolygon","coordinates":[[[[103.7302,15.1161],[103.7406,15.0981],[103.7329,15.0851],[103.7069,15.0759],[103.6732,15.0442],[103.603,15.0834],[103.5331,15.099],[103.4975,15.1299],[103.4585,15.1318],[103.4349,15.1202],[103.4262,15.1273],[103.4305,15.1395],[103.4228,15.1494],[103.431,15.1573],[103.4229,15.1667],[103.431,15.1806],[103.4208,15.1865],[103.4215,15.2003],[103.4585,15.2176],[103.4867,15.2197],[103.4954,15.2],[103.535,15.2068],[103.5532,15.1769],[103.5906,15.1824],[103.6075,15.1935],[103.6302,15.1786],[103.6672,15.1827],[103.7302,15.1161]]]]}},{"type":"Feature","properties":{"province":"Surin","district":"ChumphonBuri","hasc":"TH.SU.CB"},"geometry":{"type":"MultiPolygon","coordinates":[[[[103.5832,15.3365],[103.5891,15.3013],[103.5767,15.2829],[103.5654,15.2806],[103.5343,15.2966],[103.5289,15.2873],[103.525,15.2984],[103.523,15.2831],[103.5148,15.2935],[103.5062,15.2898],[103.4992,15.2971],[103.5047,15.3122],[103.4994,15.3058],[103.4946,15.3144],[103.4875,15.3093],[103.4718,15.3232],[103.4738,15.3361],[103.4638,15.3406],[103.4613,15.3343],[103.4494,15.3437],[103.4441,15.3379],[103.4529,15.3338],[103.4382,15.3333],[103.4314,15.307],[103.4222,15.3149],[103.4055,15.3069],[103.3882,15.3194],[103.4015,15.3274],[103.3988,15.3328],[103.3869,15.326],[103.3517,15.3464],[103.3512,15.3388],[103.344,15.3431],[103.3409,15.3344],[103.3313,15.3366],[103.3309,15.3297],[103.3166,15.3264],[103.3192,15.3185],[103.3079,15.3182],[103.291,15.2981],[103.2828,15.306],[103.2872,15.3174],[103.2513,15.3058],[103.2547,15.321],[103.2458,15.3158],[103.2335,15.322],[103.2325,15.3148],[103.2215,15.3202],[103.2221,15.3326],[103.2126,15.3303],[103.2141,15.3405],[103.1989,15.334],[103.1897,15.3558],[103.199,15.3567],[103.1967,15.3635],[103.1827,15.3659],[103.1808,15.3585],[103.1737,15.3618],[103.1593,15.3512],[103.1655,15.3618],[103.1507,15.3734],[103.1551,15.3828],[103.1428,15.3871],[103.1472,15.3999],[103.141,15.4092],[103.1366,15.3987],[103.1193,15.3996],[103.0919,15.4214],[103.1126,15.4489],[103.1082,15.4558],[103.1175,15.4658],[103.1156,15.4816],[103.2173,15.4602],[103.2274,15.447],[103.2529,15.4465],[103.2721,15.4218],[103.3438,15.4047],[103.4472,15.4547],[103.4827,15.4508],[103.4943,15.437],[103.5349,15.4254],[103.5677,15.4609],[103.5938,15.4659],[103.5832,15.3365]]]]}},{"type":"Feature","properties":{"province":"Surin","district":"K.KwaoSiNarin","hasc":"TH.SU.KS"},"geometry":{"type":"MultiPolygon","coordinates":[[[[103.6324,15.0691],[103.6946,15.0349],[103.686,15.0124],[103.6868,14.9843],[103.6639,14.9433],[103.6424,14.9448],[103.6339,14.9588],[103.616,14.9515],[103.6062,14.9328],[103.5669,14.9472],[103.5409,14.9771],[103.5917,15.087],[103.6324,15.0691]]]]}},{"type":"Feature","properties":{"province":"Surin","district":"K.NonNarai","hasc":"TH.SU.NN"},"geometry":{"type":"MultiPolygon","coordinates":[[[[103.9728,15.1672],[103.974,15.1574],[103.9306,15.1254],[103.898,15.123],[103.8908,15.1078],[103.8615,15.1127],[103.8558,15.1885],[103.8461,15.1981],[103.8664,15.2872],[103.8941,15.2881],[103.901,15.2662],[103.9294,15.2387],[103.9501,15.244],[103.9884,15.2347],[103.9915,15.2245],[103.9738,15.2196],[103.9872,15.2004],[103.9692,15.1843],[103.9728,15.1672]]]]}},{"type":"Feature","properties":{"province":"Surin","district":"K.PhanomDongRak","hasc":"TH.SU.PD"},"geometry":{"type":"MultiPolygon","coordinates":[[[[103.4097,14.3705],[103.3992,14.3696],[103.402,14.3578],[103.3799,14.3524],[103.3529,14.3527],[103.3418,14.3602],[103.333,14.3514],[103.3157,14.3567],[103.2648,14.3508],[103.2293,14.329],[103.2234,14.3763],[103.2339,14.3869],[103.2228,14.3997],[103.238,14.4077],[103.2489,14.4402],[103.237,14.4805],[103.2159,14.5034],[103.2232,14.5165],[103.2155,14.5384],[103.2399,14.5341],[103.2844,14.4969],[103.3451,14.5141],[103.3679,14.5092],[103.3942,14.4639],[103.4097,14.3705]]]]}},{"type":"Feature","properties":{"province":"Surin","district":"K.SriNarong","hasc":"TH.SU.SN"},"geometry":{"type":"MultiPolygon","coordinates":[[[[104.0103,14.7552],[104.0018,14.7378],[103.9711,14.7424],[103.9638,14.7085],[103.9228,14.7431],[103.9064,14.7231],[103.8775,14.7305],[103.8736,14.7039],[103.8585,14.6822],[103.811,14.7162],[103.7687,14.7115],[103.7716,14.7324],[103.7875,14.75],[103.7819,14.7609],[103.761,14.7676],[103.7834,14.7877],[103.82,14.7945],[103.8222,14.8117],[103.8445,14.8192],[103.8494,14.8431],[103.865,14.8579],[103.8561,14.8669],[103.8586,14.881],[103.8712,14.8943],[103.9112,14.8972],[103.9243,14.8919],[103.9221,14.8706],[103.9046,14.8486],[103.9094,14.8362],[103.9959,14.7997],[104.0103,14.7552]]]]}},{"type":"Feature","properties":{"province":"Surin","district":"KapChoeng","hasc":"TH.SU.KC"},"geometry":{"type":"MultiPolygon","coordinates":[[[[103.4198,14.383],[103.4097,14.3705],[103.4058,14.3814],[103.3869,14.4843],[103.4017,14.5079],[103.4231,14.5226],[103.4673,14.5078],[103.4921,14.5087],[103.5,14.5165],[103.5061,14.5535],[103.5166,14.5593],[103.5395,14.5455],[103.5705,14.557],[103.6012,14.5562],[103.6362,14.5709],[103.6724,14.5457],[103.705,14.5408],[103.7295,14.5264],[103.7364,14.5094],[103.7496,14.5024],[103.7684,14.4551],[103.7628,14.4402],[103.7716,14.4306],[103.7717,14.3909],[103.7655,14.3718],[103.7579,14.378],[103.7512,14.372],[103.7316,14.3857],[103.7058,14.3816],[103.7003,14.3919],[103.7082,14.4311],[103.6889,14.4404],[103.6539,14.4386],[103.6414,14.4255],[103.6568,14.4208],[103.6544,14.4133],[103.6214,14.4041],[103.6104,14.4253],[103.5782,14.4335],[103.5366,14.4258],[103.4982,14.4121],[103.4969,14.3899],[103.4828,14.3875],[103.4677,14.3647],[103.4511,14.3683],[103.436,14.3909],[103.4198,14.383]]]]}},{"type":"Feature","properties":{"province":"Surin","district":"Lamduan","hasc":"TH.SU.LA"},"geometry":{"type":"MultiPolygon","coordinates":[[[[103.7447,14.6779],[103.7317,14.6545],[103.6785,14.6496],[103.631,14.6277],[103.619,14.6603],[103.6291,14.6822],[103.6111,14.6806],[103.6048,14.688],[103.6149,14.7139],[103.6446,14.7441],[103.6698,14.802],[103.6959,14.789],[103.7084,14.7735],[103.7413,14.7839],[103.7846,14.7584],[103.7861,14.7452],[103.7716,14.7324],[103.7617,14.6905],[103.7447,14.6779]]]]}},{"type":"Feature","properties":{"province":"Surin","district":"MuangSurin","hasc":"TH.SU.SU"},"geometry":{"type":"MultiPolygon","coordinates":[[[[103.6456,14.747],[103.6149,14.7139],[103.6048,14.6853],[103.5822,14.7006],[103.5521,14.7069],[103.527,14.7275],[103.5266,14.7405],[103.5169,14.7466],[103.4803,14.7559],[103.4528,14.7379],[103.4269,14.7374],[103.3896,14.7463],[103.3633,14.7669],[103.3259,14.7441],[103.2908,14.7718],[103.2915,14.8058],[103.3166,14.8086],[103.3317,14.8305],[103.3492,14.8291],[103.344,14.8369],[103.354,14.8383],[103.3696,14.8588],[103.378,14.858],[103.3799,14.8691],[103.3874,14.8707],[103.3819,14.8742],[103.3949,14.8839],[103.3925,14.8929],[103.4078,14.896],[103.4016,14.8996],[103.4052,14.918],[103.4209,14.9175],[103.4282,14.9273],[103.4305,14.9404],[103.4196,14.9565],[103.4319,14.9698],[103.423,14.9756],[103.4334,14.9768],[103.4228,14.9851],[103.4291,14.992],[103.4121,15.0011],[103.4238,15.0282],[103.4404,15.0282],[103.45,15.0434],[103.4251,15.0639],[103.4442,15.0852],[103.4314,15.0801],[103.4336,15.0979],[103.4435,15.105],[103.4275,15.1047],[103.4446,15.128],[103.4849,15.1338],[103.5331,15.099],[103.5917,15.087],[103.5411,14.9757],[103.5669,14.9472],[103.6067,14.9327],[103.616,14.9515],[103.638,14.9585],[103.6416,14.9453],[103.6639,14.9433],[103.6912,14.9109],[103.6894,14.8406],[103.6456,14.747]]]]}},{"type":"Feature","properties":{"province":"Surin","district":"Phrasat","hasc":"TH.SU.PR"},"geometry":{"type":"MultiPolygon","coordinates":[[[[103.385,14.4849],[103.3614,14.5122],[103.3433,14.5138],[103.2844,14.4969],[103.2399,14.5341],[103.2155,14.5384],[103.2247,14.5451],[103.2229,14.5627],[103.212,14.5744],[103.2148,14.5919],[103.2392,14.6157],[103.2346,14.6452],[103.2618,14.6698],[103.2767,14.7352],[103.2684,14.766],[103.2843,14.7816],[103.3259,14.7441],[103.3633,14.7669],[103.3896,14.7463],[103.4269,14.7374],[103.4528,14.7379],[103.4803,14.7559],[103.5169,14.7466],[103.5266,14.7405],[103.527,14.7275],[103.5525,14.7067],[103.5826,14.7004],[103.6111,14.6806],[103.6276,14.6845],[103.619,14.6603],[103.6291,14.6444],[103.6322,14.6169],[103.6253,14.5708],[103.6048,14.5572],[103.5705,14.557],[103.5395,14.5455],[103.515,14.5588],[103.5057,14.5526],[103.5,14.5165],[103.4921,14.5087],[103.4673,14.5078],[103.4231,14.5226],[103.385,14.4849]]]]}},{"type":"Feature","properties":{"province":"Surin","district":"RattanaBuri","hasc":"TH.SU.RA"},"geometry":{"type":"MultiPolygon","coordinates":[[[[103.8663,15.2854],[103.8461,15.1981],[103.8055,15.1995],[103.7956,15.2045],[103.8026,15.2723],[103.7901,15.2819],[103.7726,15.2753],[103.7612,15.2918],[103.7731,15.3345],[103.7621,15.3503],[103.7666,15.3621],[103.7757,15.3653],[103.7769,15.3763],[103.7884,15.3713],[103.8004,15.4074],[103.8088,15.3914],[103.8136,15.4087],[103.8296,15.4029],[103.8207,15.4377],[103.8333,15.4592],[103.8474,15.4544],[103.8563,15.4645],[103.8621,15.4472],[103.8791,15.467],[103.89,15.4541],[103.8922,15.4682],[103.9005,15.4408],[103.9319,15.4311],[103.9476,15.4369],[103.9436,15.4262],[103.9522,15.4119],[103.9763,15.4245],[103.9733,15.4061],[103.9898,15.4055],[103.9955,15.3921],[104.0058,15.4073],[104.0153,15.4022],[104.0211,15.4092],[104.0509,15.4009],[104.0512,15.3942],[104.0616,15.4043],[104.0767,15.3901],[104.0738,15.3796],[104.0866,15.3816],[104.0808,15.3754],[104.0922,15.3632],[104.0861,15.3562],[104.0936,15.3568],[104.0923,15.3475],[104.0775,15.3522],[104.046,15.34],[104.0381,15.3259],[104.0247,15.3295],[104.031,15.3163],[104.0132,15.3145],[104.0171,15.2879],[104.0002,15.2954],[103.9969,15.2679],[103.9772,15.2802],[103.9823,15.2626],[103.9996,15.2524],[103.989,15.2467],[103.9926,15.2303],[103.9774,15.2407],[103.9294,15.2387],[103.901,15.2662],[103.8941,15.2881],[103.8663,15.2854]]]]}},{"type":"Feature","properties":{"province":"Surin","district":"SamrongThap","hasc":"TH.SU.ST"},"geometry":{"type":"MultiPolygon","coordinates":[[[[103.9683,14.9687],[103.9704,14.9476],[103.9391,14.907],[103.9293,14.9024],[103.9093,14.9179],[103.9023,14.9301],[103.911,14.9622],[103.8958,14.9727],[103.8995,15.0035],[103.8849,15.018],[103.895,15.0378],[103.8648,15.0716],[103.8518,15.1063],[103.8943,15.1088],[103.898,15.123],[103.9306,15.1254],[103.985,15.1615],[104.0023,15.147],[104.0023,15.1365],[103.9895,15.1287],[104.0028,15.1193],[103.9939,15.1123],[103.9999,15.1095],[103.9958,15.0837],[104.0222,15.0775],[104.0074,15.058],[104.0231,15.0454],[104.0151,15.0405],[104.0126,15.0181],[103.9966,15.015],[104.0008,14.9906],[103.9683,14.9687]]]]}},{"type":"Feature","properties":{"province":"Surin","district":"Sangkha","hasc":"TH.SU.SK"},"geometry":{"type":"MultiPolygon","coordinates":[[[[103.856,14.3682],[103.8372,14.3711],[103.8269,14.353],[103.8029,14.3567],[103.8023,14.3697],[103.7768,14.3606],[103.7657,14.3708],[103.7716,14.4306],[103.7631,14.4385],[103.7684,14.4551],[103.7496,14.5024],[103.7198,14.5334],[103.6724,14.5457],[103.644,14.567],[103.6253,14.5708],[103.631,14.6277],[103.6785,14.6496],[103.7317,14.6545],[103.7404,14.6752],[103.7606,14.6885],[103.7687,14.7115],[103.811,14.7162],[103.859,14.6822],[103.8736,14.7039],[103.8779,14.7307],[103.9064,14.7231],[103.9228,14.7431],[103.9638,14.7085],[103.9717,14.743],[104.0018,14.7378],[104.0095,14.7146],[104.0518,14.6715],[104.0574,14.6441],[104.0418,14.6315],[103.9987,14.6348],[103.969,14.5962],[103.901,14.5628],[103.8911,14.5469],[103.9004,14.4662],[103.8953,14.4331],[103.9198,14.4129],[103.9222,14.4002],[103.9159,14.3836],[103.9043,14.3798],[103.8985,14.3504],[103.9192,14.3366],[103.9008,14.3373],[103.9004,14.3452],[103.8817,14.338],[103.856,14.3682]]]]}},{"type":"Feature","properties":{"province":"Surin","district":"Sanom","hasc":"TH.SU.SA"},"geometry":{"type":"MultiPolygon","coordinates":[[[[103.8591,15.1333],[103.8675,15.1087],[103.8073,15.0972],[103.7653,15.1126],[103.7397,15.1318],[103.7197,15.1259],[103.7034,15.1464],[103.7306,15.2146],[103.7302,15.2304],[103.7617,15.2972],[103.7726,15.2753],[103.7901,15.2819],[103.8025,15.2727],[103.7965,15.2025],[103.8401,15.2018],[103.8556,15.1889],[103.8591,15.1333]]]]}},{"type":"Feature","properties":{"province":"Surin","district":"Sikhoraphum","hasc":"TH.SU.SI"},"geometry":{"type":"MultiPolygon","coordinates":[[[[103.8006,14.7912],[103.7748,14.7833],[103.761,14.7676],[103.7413,14.7839],[103.7084,14.7735],[103.6959,14.789],[103.6698,14.802],[103.6893,14.8402],[103.6946,14.8711],[103.6914,14.9105],[103.6638,14.9437],[103.6824,14.97],[103.6947,15.0345],[103.6741,15.0441],[103.7069,15.0759],[103.7332,15.0854],[103.7405,15.0985],[103.7203,15.126],[103.7388,15.1319],[103.8,15.0986],[103.8528,15.1054],[103.8648,15.0716],[103.8959,15.0347],[103.8849,15.018],[103.8995,15.0035],[103.8958,14.9727],[103.9111,14.9618],[103.9026,14.9288],[103.9293,14.9024],[103.9259,14.8921],[103.8712,14.8943],[103.8586,14.881],[103.8561,14.8669],[103.865,14.8579],[103.8494,14.8431],[103.8478,14.8234],[103.8222,14.8117],[103.82,14.7945],[103.8006,14.7912]]]]}},{"type":"Feature","properties":{"province":"Surin","district":"ThaTum","hasc":"TH.SU.TT"},"geometry":{"type":"MultiPolygon","coordinates":[[[[103.6293,15.1789],[103.6136,15.1938],[103.5532,15.1769],[103.535,15.2068],[103.4954,15.2],[103.4867,15.2197],[103.4585,15.2176],[103.4384,15.2053],[103.4308,15.2127],[103.4393,15.2186],[103.4371,15.2352],[103.4492,15.2534],[103.443,15.2601],[103.4614,15.255],[103.4639,15.28],[103.4717,15.2784],[103.4825,15.2934],[103.5144,15.2937],[103.5216,15.2828],[103.525,15.2984],[103.5289,15.2873],[103.5343,15.2966],[103.5654,15.2806],[103.5779,15.2843],[103.5891,15.3017],[103.5835,15.3642],[103.5954,15.4648],[103.6176,15.467],[103.6221,15.4594],[103.6505,15.4569],[103.6702,15.4453],[103.6906,15.448],[103.7067,15.4408],[103.7176,15.4462],[103.726,15.4372],[103.7465,15.4467],[103.7552,15.4371],[103.7758,15.4336],[103.8299,15.4501],[103.8207,15.4377],[103.8296,15.4029],[103.8136,15.4087],[103.8088,15.3914],[103.8004,15.4074],[103.7884,15.3713],[103.7777,15.3768],[103.7755,15.365],[103.766,15.3609],[103.762,15.3489],[103.7729,15.3358],[103.7714,15.3182],[103.702,15.1499],[103.6677,15.1825],[103.6293,15.1789]]]]}},{"type":"Feature","properties":{"province":"Tak","district":"BanTak","hasc":"TH.TK.BT"},"geometry":{"type":"MultiPolygon","coordinates":[[[[99.1171,16.9692],[99.0781,16.9774],[99.0307,16.9489],[99.0017,16.9526],[98.9901,16.9438],[98.9872,16.9226],[98.9763,16.9167],[98.9391,16.9323],[98.929,16.9691],[98.9124,16.9746],[98.9049,16.9916],[98.8943,16.9936],[98.8305,17.0692],[98.8119,17.0796],[98.8471,17.1028],[98.8468,17.1555],[98.876,17.1671],[98.8888,17.1568],[98.9139,17.1658],[98.9309,17.1483],[98.9487,17.1578],[98.9551,17.1465],[98.9829,17.1667],[99.0072,17.1578],[99.0233,17.1631],[99.058,17.1371],[99.0856,17.1303],[99.0962,17.1372],[99.0925,17.1628],[99.1336,17.1765],[99.1488,17.1735],[99.1608,17.19],[99.1688,17.1858],[99.1724,17.1989],[99.189,17.2019],[99.2109,17.2355],[99.2481,17.2429],[99.2551,17.2607],[99.2534,17.2948],[99.2638,17.3129],[99.2829,17.3223],[99.2979,17.3013],[99.3042,17.2717],[99.3192,17.26],[99.3211,17.2241],[99.315,17.2146],[99.3208,17.2065],[99.3112,17.1848],[99.318,17.1463],[99.2751,17.1308],[99.2653,17.1376],[99.2549,17.1665],[99.2305,17.1803],[99.2215,17.1613],[99.1992,17.147],[99.198,17.1305],[99.1733,17.0902],[99.173,17.0731],[99.1991,17.0554],[99.2125,17.0334],[99.2094,17.0217],[99.1715,16.9839],[99.1584,16.9892],[99.1405,16.9706],[99.1171,16.9692]]]]}},{"type":"Feature","properties":{"province":"Tak","district":"K.WangChao","hasc":"TH.TK.WC"},"geometry":{"type":"MultiPolygon","coordinates":[[[[99.2735,16.683],[99.2727,16.6686],[99.247,16.6614],[99.2455,16.6216],[99.2573,16.5657],[99.2415,16.5321],[99.2202,16.525],[99.1917,16.5373],[99.1919,16.529],[99.1812,16.5308],[99.1717,16.5199],[99.1688,16.5095],[99.1751,16.5089],[99.1415,16.499],[99.1241,16.4735],[99.1086,16.4798],[99.0858,16.4703],[99.0741,16.4788],[99.0379,16.4746],[99.0229,16.5061],[99.022,16.5196],[99.0325,16.5323],[99.0232,16.5749],[99.0373,16.5844],[99.0444,16.6048],[99.0327,16.6191],[99.0395,16.6465],[99.0592,16.6685],[99.0448,16.7052],[99.0553,16.7281],[99.0988,16.7496],[99.1119,16.7677],[99.1349,16.7702],[99.1435,16.7829],[99.1398,16.7923],[99.1524,16.8053],[99.2171,16.7508],[99.2275,16.7322],[99.2613,16.7059],[99.2735,16.683]]]]}},{"type":"Feature","properties":{"province":"Tak","district":"MaeRamat","hasc":"TH.TK.MR"},"geometry":{"type":"MultiPolygon","coordinates":[[[[98.5338,16.8274],[98.5175,16.8353],[98.5048,16.8304],[98.4941,16.8402],[98.5048,16.8638],[98.5165,16.8552],[98.5112,16.8779],[98.5408,16.8579],[98.5279,16.8799],[98.537,16.8945],[98.5146,16.8998],[98.5227,16.9143],[98.507,16.9098],[98.5047,16.9271],[98.4908,16.9225],[98.4853,16.9401],[98.4975,16.9482],[98.5092,16.9458],[98.4901,16.9563],[98.4884,16.9705],[98.4704,16.9705],[98.4814,16.9786],[98.4732,16.9947],[98.4499,16.9958],[98.4556,17.0203],[98.4314,17.0195],[98.4387,17.0338],[98.4169,17.0412],[98.4104,17.0526],[98.3964,17.0462],[98.3915,17.0581],[98.3419,17.0476],[98.318,17.0675],[98.3132,17.0864],[98.3002,17.09],[98.365,17.1229],[98.3937,17.1615],[98.438,17.1731],[98.4536,17.1648],[98.4731,17.1717],[98.4617,17.1867],[98.4184,17.21],[98.4096,17.2285],[98.3588,17.2717],[98.3605,17.2873],[98.3732,17.2972],[98.4218,17.3075],[98.4388,17.3027],[98.4581,17.3126],[98.4875,17.3],[98.4837,17.2907],[98.4941,17.2998],[98.4884,17.2896],[98.4979,17.2737],[98.5188,17.279],[98.5306,17.2727],[98.5756,17.2834],[98.5798,17.2982],[98.6022,17.2738],[98.6365,17.2742],[98.6605,17.2608],[98.699,17.2648],[98.71,17.2536],[98.7057,17.24],[98.6958,17.241],[98.6949,17.23],[98.6873,17.2295],[98.6901,17.2077],[98.6786,17.1927],[98.6849,17.1792],[98.7475,17.1485],[98.7605,17.1347],[98.7665,17.1409],[98.7632,17.1601],[98.7825,17.1806],[98.8079,17.1882],[98.8216,17.1658],[98.8476,17.1484],[98.8471,17.1028],[98.8119,17.0796],[98.8305,17.0692],[98.8394,17.0515],[98.8739,17.0213],[98.8605,16.9963],[98.7975,16.9521],[98.7483,16.9915],[98.7256,16.9812],[98.7302,16.962],[98.7159,16.9621],[98.7005,16.9745],[98.6807,16.9718],[98.6907,16.9548],[98.6762,16.9392],[98.6349,16.9488],[98.6152,16.9444],[98.5978,16.8787],[98.582,16.8834],[98.5644,16.8476],[98.5656,16.8357],[98.549,16.8369],[98.5338,16.8274]]]]}},{"type":"Feature","properties":{"province":"Tak","district":"MaeSot","hasc":"TH.TK.MS"},"geometry":{"type":"MultiPolygon","coordinates":[[[[98.6059,16.5248],[98.5968,16.5332],[98.5984,16.5444],[98.5873,16.5431],[98.5875,16.5554],[98.5793,16.5552],[98.5736,16.5663],[98.5782,16.5709],[98.5882,16.5643],[98.5804,16.5722],[98.5871,16.5828],[98.5838,16.5988],[98.5782,16.5962],[98.5715,16.6061],[98.5723,16.6291],[98.5377,16.6327],[98.5232,16.6483],[98.5132,16.6435],[98.5167,16.6988],[98.4966,16.6895],[98.5024,16.7136],[98.4915,16.7071],[98.4872,16.7142],[98.4712,16.7127],[98.4785,16.7164],[98.4645,16.7264],[98.4695,16.736],[98.4631,16.7476],[98.48,16.7454],[98.4781,16.7607],[98.4905,16.7721],[98.4864,16.7881],[98.5049,16.7847],[98.5114,16.7965],[98.5222,16.7894],[98.5274,16.7978],[98.5185,16.7971],[98.5179,16.8049],[98.5483,16.8117],[98.537,16.829],[98.5656,16.8357],[98.5644,16.8476],[98.582,16.8834],[98.5978,16.8787],[98.6131,16.943],[98.6349,16.9488],[98.6762,16.9392],[98.6907,16.9548],[98.6807,16.9718],[98.7005,16.9745],[98.7159,16.9621],[98.7302,16.962],[98.7256,16.9812],[98.7552,16.991],[98.7751,16.9651],[98.811,16.9443],[98.8325,16.9207],[98.841,16.8936],[98.837,16.8754],[98.8279,16.8721],[98.8357,16.8531],[98.8685,16.8341],[98.8727,16.8135],[98.8933,16.7911],[98.9071,16.7914],[98.9248,16.7776],[98.9237,16.7703],[98.9473,16.7498],[98.9648,16.696],[98.999,16.697],[99.023,16.6611],[98.9881,16.6315],[98.9529,16.625],[98.946,16.6104],[98.9564,16.6016],[98.9519,16.5907],[98.9306,16.5816],[98.913,16.5828],[98.8764,16.6079],[98.8783,16.625],[98.8583,16.6285],[98.828,16.6177],[98.8393,16.5914],[98.8048,16.5732],[98.7813,16.5212],[98.7685,16.5356],[98.7404,16.5454],[98.6559,16.5226],[98.618,16.5248],[98.6114,16.5166],[98.6059,16.5248]]]]}},{"type":"Feature","properties":{"province":"Tak","district":"MuangTak","hasc":"TH.TK.TA"},"geometry":{"type":"MultiPolygon","coordinates":[[[[99.0528,16.7192],[99.0448,16.7052],[99.0592,16.6685],[99.0395,16.6465],[99.0327,16.6191],[99.0444,16.6048],[99.0373,16.5844],[99.0241,16.5747],[99.0149,16.5808],[99.0017,16.6122],[99.0119,16.619],[99.0133,16.6532],[99.023,16.6611],[99.0105,16.6729],[99.0105,16.6867],[98.9976,16.6978],[98.9648,16.696],[98.9473,16.7498],[98.9237,16.7703],[98.9248,16.7776],[98.9071,16.7914],[98.8933,16.7911],[98.8727,16.8135],[98.8685,16.8341],[98.8357,16.8531],[98.8279,16.8721],[98.838,16.879],[98.837,16.9126],[98.7975,16.9521],[98.8605,16.9963],[98.8739,17.0213],[98.8943,16.9936],[98.9049,16.9916],[98.9124,16.9746],[98.929,16.9691],[98.9398,16.9314],[98.9739,16.9169],[98.9872,16.9226],[98.9901,16.9438],[99.0017,16.9526],[99.0307,16.9489],[99.0781,16.9774],[99.1405,16.9706],[99.1584,16.9892],[99.1733,16.9851],[99.2102,17.0233],[99.2125,17.0334],[99.1991,17.0554],[99.173,17.0731],[99.1733,17.0902],[99.198,17.1305],[99.1992,17.147],[99.2215,17.1613],[99.2305,17.1803],[99.2549,17.1665],[99.2653,17.1376],[99.2751,17.1308],[99.3018,17.1425],[99.3304,17.1348],[99.3218,17.1229],[99.3235,17.1073],[99.3406,17.0895],[99.3711,17.0937],[99.3943,17.0804],[99.3878,17.0597],[99.3952,17.0232],[99.4335,17.0092],[99.4127,16.979],[99.4209,16.9553],[99.4132,16.9499],[99.4187,16.9327],[99.4341,16.9279],[99.4465,16.9077],[99.4272,16.8791],[99.3804,16.8599],[99.3761,16.8415],[99.3879,16.8247],[99.3881,16.8093],[99.3722,16.8017],[99.3249,16.8116],[99.3164,16.7932],[99.2951,16.7857],[99.2957,16.7718],[99.3061,16.7654],[99.3045,16.7383],[99.283,16.7078],[99.2769,16.6836],[99.2171,16.7508],[99.1524,16.8053],[99.1398,16.7923],[99.1435,16.7829],[99.1349,16.7702],[99.111,16.7672],[99.0988,16.7496],[99.0553,16.7281],[99.0528,16.7192]]]]}},{"type":"Feature","properties":{"province":"Tak","district":"PhopPhra","hasc":"TH.TK.PP"},"geometry":{"type":"MultiPolygon","coordinates":[[[[98.7829,16.3602],[98.7769,16.3439],[98.7469,16.3438],[98.7289,16.3297],[98.7195,16.2949],[98.7075,16.2916],[98.7004,16.2671],[98.6816,16.2797],[98.6762,16.2697],[98.6681,16.2897],[98.6674,16.3432],[98.6539,16.3514],[98.6652,16.3637],[98.6548,16.3693],[98.6588,16.3753],[98.6503,16.3913],[98.657,16.3982],[98.6372,16.4103],[98.6585,16.4558],[98.615,16.5053],[98.6167,16.5239],[98.6902,16.5285],[98.7404,16.5454],[98.7685,16.5356],[98.7813,16.5212],[98.8048,16.5732],[98.8393,16.5914],[98.828,16.6177],[98.8583,16.6285],[98.8783,16.625],[98.8764,16.6079],[98.913,16.5828],[98.9306,16.5816],[98.9519,16.5907],[98.9564,16.6016],[98.946,16.6104],[98.9529,16.625],[98.9881,16.6315],[99.0134,16.6501],[99.0119,16.619],[99.0017,16.6122],[99.0252,16.5703],[99.0325,16.5323],[99.022,16.5196],[99.0227,16.5072],[99.0379,16.4746],[99.0202,16.475],[99.0018,16.4979],[98.9882,16.4896],[98.9878,16.4715],[98.9975,16.4512],[99.0173,16.4424],[99.0241,16.4228],[99.0173,16.385],[99.0278,16.3813],[99.0085,16.3804],[99.0051,16.3676],[98.9345,16.3879],[98.9204,16.3828],[98.8838,16.4213],[98.8594,16.4281],[98.8481,16.4181],[98.8305,16.4207],[98.8147,16.3938],[98.8175,16.3848],[98.7829,16.3602]]]]}},{"type":"Feature","properties":{"province":"Tak","district":"SamNgao","hasc":"TH.TK.SN"},"geometry":{"type":"MultiPolygon","coordinates":[[[[99.1676,17.187],[99.1608,17.19],[99.1488,17.1735],[99.1336,17.1765],[99.0925,17.1628],[99.0962,17.1372],[99.0836,17.1299],[99.0741,17.138],[99.058,17.1371],[99.0359,17.1598],[99.0072,17.1578],[98.9829,17.1667],[98.9569,17.1467],[98.9487,17.1578],[98.9309,17.1483],[98.9139,17.1658],[98.8888,17.1568],[98.876,17.1671],[98.8451,17.1496],[98.8216,17.1658],[98.8069,17.1883],[98.7825,17.1806],[98.7632,17.1601],[98.7665,17.1409],[98.7605,17.1347],[98.7412,17.1521],[98.7041,17.1647],[98.6787,17.1914],[98.6901,17.2077],[98.6873,17.2295],[98.6949,17.23],[98.6958,17.241],[98.7057,17.24],[98.7096,17.252],[98.7016,17.2639],[98.6605,17.2608],[98.6365,17.2742],[98.6022,17.2738],[98.5798,17.2982],[98.5588,17.2916],[98.5556,17.336],[98.5628,17.3496],[98.5386,17.3615],[98.5562,17.3939],[98.5598,17.4304],[98.5276,17.4565],[98.5203,17.509],[98.5458,17.5581],[98.5873,17.5781],[98.5643,17.6142],[98.5335,17.6195],[98.5234,17.6814],[98.5268,17.7051],[98.5054,17.7576],[98.5117,17.7872],[98.4957,17.7957],[98.4957,17.8122],[98.512,17.8113],[98.5207,17.8229],[98.5612,17.7944],[98.574,17.8083],[98.5848,17.7997],[98.5985,17.8008],[98.6283,17.7711],[98.6388,17.7353],[98.6807,17.7576],[98.693,17.7751],[98.706,17.7594],[98.7049,17.7418],[98.7456,17.7001],[98.7394,17.6819],[98.6851,17.6635],[98.6933,17.6292],[98.6836,17.5955],[98.6945,17.5855],[98.7034,17.554],[98.6978,17.513],[98.707,17.5],[98.7061,17.4841],[98.6839,17.4597],[98.6916,17.423],[98.7186,17.4629],[98.7516,17.467],[98.7616,17.4809],[98.7978,17.4984],[98.817,17.4988],[98.8318,17.5135],[98.8597,17.5101],[98.8814,17.49],[98.8839,17.509],[98.9121,17.5344],[98.9276,17.5212],[98.9234,17.5117],[98.9331,17.4729],[98.9471,17.4672],[98.9573,17.4729],[98.9607,17.4613],[98.9813,17.4657],[99.0149,17.4205],[99.0132,17.4126],[99.0339,17.4085],[99.0492,17.3839],[99.0587,17.386],[99.0775,17.3708],[99.0891,17.3748],[99.1102,17.3568],[99.1147,17.3689],[99.1429,17.3589],[99.1549,17.336],[99.1751,17.3356],[99.1778,17.3467],[99.2089,17.3687],[99.2076,17.3797],[99.2283,17.4041],[99.2714,17.3989],[99.2725,17.3477],[99.2829,17.3223],[99.2638,17.3129],[99.2534,17.2948],[99.249,17.2443],[99.2109,17.2355],[99.189,17.2019],[99.1724,17.1989],[99.1676,17.187]]]]}},{"type":"Feature","properties":{"province":"Tak","district":"ThaSongYang","hasc":"TH.TK.TS"},"geometry":{"type":"MultiPolygon","coordinates":[[[[98.3178,17.1006],[98.3217,17.1101],[98.3008,17.1052],[98.298,17.1261],[98.2906,17.1098],[98.2808,17.113],[98.2853,17.1417],[98.2989,17.1422],[98.2936,17.1526],[98.2711,17.151],[98.2691,17.1606],[98.2806,17.1712],[98.2613,17.1737],[98.2638,17.1856],[98.251,17.1799],[98.2449,17.208],[98.2271,17.2024],[98.2423,17.2261],[98.2288,17.2189],[98.2114,17.2279],[98.2049,17.2471],[98.173,17.2584],[98.1624,17.2771],[98.1361,17.2913],[98.1246,17.3191],[98.111,17.32],[98.1059,17.3527],[98.1192,17.3718],[98.1106,17.3749],[98.1112,17.384],[98.0894,17.394],[98.0811,17.3896],[98.0466,17.4285],[98.0561,17.4408],[98.0368,17.4519],[97.9937,17.5086],[97.9727,17.5071],[97.9624,17.5269],[97.9251,17.5375],[97.9075,17.5818],[97.7948,17.6783],[97.7643,17.7229],[97.764,17.7425],[97.7752,17.751],[97.7578,17.7706],[97.7461,17.7684],[97.7467,17.7806],[97.7645,17.7747],[97.7881,17.783],[97.7963,17.775],[97.8178,17.785],[97.8495,17.7782],[97.9055,17.8106],[97.9,17.8308],[97.9132,17.8532],[97.9701,17.867],[97.9713,17.8466],[97.9831,17.836],[97.9768,17.821],[97.9899,17.8093],[97.9978,17.7733],[98.0106,17.7672],[98.0129,17.7466],[98.0227,17.7365],[98.0159,17.7381],[98.0164,17.7309],[98.0283,17.7198],[98.0248,17.7109],[98.0393,17.694],[98.0416,17.6735],[98.0589,17.6607],[98.0636,17.6465],[98.0922,17.6354],[98.1071,17.61],[98.1093,17.5819],[98.1279,17.5649],[98.1389,17.5392],[98.1692,17.5449],[98.1802,17.5354],[98.2112,17.5383],[98.2387,17.5476],[98.2688,17.5773],[98.298,17.5739],[98.3303,17.469],[98.3211,17.4439],[98.3287,17.4274],[98.3231,17.4146],[98.2929,17.4056],[98.3208,17.3771],[98.3189,17.3648],[98.3346,17.3479],[98.3329,17.3273],[98.3184,17.319],[98.3314,17.3005],[98.3605,17.2873],[98.3588,17.2717],[98.4096,17.2285],[98.4184,17.21],[98.4617,17.1867],[98.4731,17.1717],[98.4536,17.1648],[98.438,17.1731],[98.3937,17.1615],[98.365,17.1229],[98.3178,17.1006]]]]}},{"type":"Feature","properties":{"province":"Tak","district":"Umphang","hasc":"TH.TK.UM"},"geometry":{"type":"MultiPolygon","coordinates":[[[[98.56,15.6504],[98.5479,15.6828],[98.5735,15.7822],[98.6111,15.8754],[98.5966,15.8747],[98.5853,15.9171],[98.5949,15.9581],[98.6061,15.9644],[98.6091,15.9769],[98.5925,16.012],[98.5629,16.0312],[98.5681,16.0551],[98.582,16.0617],[98.595,16.0553],[98.6058,16.0626],[98.6093,16.0412],[98.626,16.041],[98.6328,16.0483],[98.6277,16.0604],[98.6617,16.0719],[98.6603,16.082],[98.6757,16.0944],[98.6674,16.1084],[98.6835,16.1109],[98.6791,16.1242],[98.6874,16.1317],[98.7086,16.134],[98.719,16.1222],[98.7447,16.1175],[98.7808,16.1248],[98.789,16.11],[98.8049,16.1028],[98.8263,16.1127],[98.8341,16.1254],[98.8489,16.1264],[98.852,16.1597],[98.8632,16.1691],[98.854,16.2182],[98.8721,16.2366],[98.8791,16.2285],[98.889,16.2468],[98.9039,16.2521],[98.9124,16.298],[98.9288,16.3052],[98.9326,16.3272],[98.9266,16.3444],[98.91,16.3461],[98.9208,16.3671],[98.9192,16.3827],[98.9345,16.3879],[99.0051,16.3676],[99.0085,16.3804],[99.0364,16.3828],[99.0429,16.3383],[99.0534,16.3272],[99.054,16.3078],[99.0427,16.2904],[99.0488,16.2617],[99.0838,16.2112],[99.0685,16.1639],[99.0513,16.1582],[99.0512,16.1353],[99.0798,16.1246],[99.0945,16.1019],[99.1089,16.0987],[99.1073,16.0859],[99.1174,16.0721],[99.1061,16.0486],[99.0877,16.0411],[99.0825,16.0054],[99.0898,15.9794],[99.0754,15.9588],[99.098,15.9293],[99.0863,15.9076],[99.0863,15.8835],[99.0973,15.8698],[99.0954,15.8354],[99.1036,15.8203],[99.124,15.8132],[99.1347,15.7994],[99.1285,15.7651],[99.1395,15.7329],[99.1123,15.6663],[99.1166,15.6346],[99.0983,15.6103],[99.0952,15.5809],[99.0494,15.5549],[99.0573,15.5226],[99.0798,15.496],[99.0565,15.4423],[99.069,15.4173],[99.0697,15.3945],[99.0599,15.3939],[99.0462,15.3742],[99.044,15.3441],[99.0317,15.3352],[99.0317,15.3018],[99.0393,15.2887],[99.0169,15.2629],[99.0198,15.2445],[99.0068,15.2379],[99.0033,15.1833],[98.9841,15.1799],[98.9733,15.1892],[98.9568,15.2457],[98.9434,15.2508],[98.9249,15.2451],[98.9139,15.266],[98.887,15.2742],[98.8914,15.2906],[98.8716,15.3234],[98.8418,15.3465],[98.8344,15.3444],[98.7775,15.4239],[98.755,15.4407],[98.7584,15.4723],[98.7052,15.4981],[98.7051,15.5085],[98.7178,15.5049],[98.7251,15.5163],[98.6627,15.5974],[98.6496,15.6319],[98.6433,15.6366],[98.6264,15.6253],[98.6209,15.6393],[98.5907,15.6444],[98.5829,15.6596],[98.56,15.6504]]]]}},{"type":"Feature","properties":{"province":"Trang","district":"HuaiYot","hasc":"TH.TG.HY"},"geometry":{"type":"MultiPolygon","coordinates":[[[[99.758,7.8067],[99.771,7.7885],[99.7671,7.7689],[99.7837,7.7595],[99.7883,7.7005],[99.8176,7.6795],[99.8122,7.6488],[99.8006,7.6707],[99.7744,7.6714],[99.755,7.6977],[99.7388,7.6999],[99.7302,7.7174],[99.7368,7.7305],[99.7261,7.7247],[99.7191,7.7049],[99.6945,7.6993],[99.6923,7.6858],[99.6685,7.6819],[99.6456,7.6956],[99.6136,7.6987],[99.5906,7.6768],[99.5656,7.6686],[99.5487,7.6794],[99.5642,7.7172],[99.5504,7.732],[99.5311,7.727],[99.5229,7.704],[99.4867,7.7116],[99.4797,7.7052],[99.4652,7.7318],[99.4358,7.7472],[99.4328,7.7671],[99.4397,7.7746],[99.4248,7.7972],[99.4199,7.8401],[99.4385,7.8492],[99.4472,7.8452],[99.4525,7.853],[99.4429,7.8621],[99.4464,7.8722],[99.4364,7.8743],[99.4722,7.9045],[99.4813,7.8805],[99.4896,7.8867],[99.514,7.8752],[99.5301,7.8775],[99.5391,7.882],[99.5345,7.897],[99.5464,7.9172],[99.5615,7.9236],[99.5925,7.9081],[99.6285,7.9116],[99.6307,7.8764],[99.6498,7.8715],[99.6674,7.8525],[99.6933,7.8474],[99.7139,7.8638],[99.7073,7.8825],[99.7359,7.9139],[99.744,7.9076],[99.7332,7.8845],[99.743,7.8714],[99.7324,7.8486],[99.7499,7.8351],[99.758,7.8067]]]]}},{"type":"Feature","properties":{"province":"Trang","district":"K.HatSamran","hasc":"TH.TG.HS"},"geometry":{"type":"MultiPolygon","coordinates":[[[[99.6035,7.2151],[99.5927,7.1859],[99.6038,7.1762],[99.5848,7.1473],[99.5586,7.2081],[99.5212,7.2514],[99.5325,7.2828],[99.563,7.2856],[99.5735,7.3268],[99.6411,7.2786],[99.6386,7.2478],[99.6109,7.2081],[99.6342,7.1793],[99.6358,7.1608],[99.6139,7.1389],[99.5999,7.1389],[99.6004,7.1532],[99.62,7.1615],[99.6251,7.179],[99.6023,7.1942],[99.6139,7.2345],[99.6088,7.2525],[99.6035,7.2151]]],[[[99.5372,7.2944],[99.5517,7.305],[99.548,7.295],[99.5372,7.2944]]],[[[99.6132,7.1856],[99.6228,7.1815],[99.6205,7.1659],[99.5984,7.1559],[99.6061,7.1769],[99.5956,7.1861],[99.6009,7.1924],[99.6132,7.1856]]]]}},{"type":"Feature","properties":{"province":"Trang","district":"Kantrang","hasc":"TH.TG.KA"},"geometry":{"type":"MultiPolygon","coordinates":[[[[99.0633,7.2136],[99.0593,7.1962],[99.0534,7.2044],[99.0633,7.2136]]],[[[99.0805,7.2262],[99.0789,7.2198],[99.0614,7.2181],[99.0719,7.2283],[99.0805,7.2262]]],[[[99.3583,7.2235],[99.3593,7.2243],[99.3602,7.2237],[99.3588,7.222],[99.3583,7.2235]]],[[[99.3977,7.2647],[99.4256,7.2666],[99.4505,7.2548],[99.4126,7.2427],[99.3942,7.2249],[99.3944,7.2103],[99.3836,7.2057],[99.3648,7.224],[99.3717,7.2431],[99.3683,7.2661],[99.3852,7.2813],[99.3977,7.2647]]],[[[99.4506,7.2428],[99.4516,7.2436],[99.4533,7.2428],[99.4515,7.2415],[99.4506,7.2428]]],[[[99.4745,7.2724],[99.4758,7.2725],[99.475,7.2703],[99.4742,7.2708],[99.4745,7.2724]]],[[[99.407,7.3126],[99.4074,7.3147],[99.4102,7.3146],[99.4098,7.312],[99.407,7.3126]]],[[[99.4794,7.3836],[99.4838,7.3902],[99.4855,7.3807],[99.47,7.3749],[99.4732,7.3674],[99.4673,7.3653],[99.4743,7.3672],[99.4704,7.3743],[99.4829,7.3738],[99.4908,7.3225],[99.4906,7.3123],[99.4839,7.3131],[99.4862,7.2949],[99.4693,7.2836],[99.4193,7.299],[99.4165,7.313],[99.4065,7.3173],[99.4154,7.3467],[99.4017,7.3338],[99.4078,7.3264],[99.3989,7.3039],[99.3606,7.3522],[99.3649,7.3599],[99.3697,7.3506],[99.3769,7.3544],[99.3699,7.352],[99.3693,7.3609],[99.3581,7.3607],[99.3377,7.3807],[99.3478,7.4009],[99.3514,7.3894],[99.3511,7.4101],[99.364,7.4168],[99.3779,7.4713],[99.404,7.4694],[99.4093,7.4836],[99.4263,7.48],[99.4315,7.4671],[99.4475,7.475],[99.4577,7.4702],[99.4566,7.4852],[99.4695,7.4992],[99.4663,7.5222],[99.4927,7.5252],[99.519,7.5418],[99.5256,7.5243],[99.5455,7.5202],[99.545,7.5287],[99.5521,7.5265],[99.5515,7.5336],[99.5662,7.5419],[99.587,7.5081],[99.6034,7.498],[99.6158,7.4503],[99.6044,7.4082],[99.5964,7.4085],[99.5911,7.4225],[99.6036,7.4039],[99.5706,7.3634],[99.5613,7.3204],[99.5229,7.2966],[99.5086,7.3072],[99.5121,7.3233],[99.5031,7.3446],[99.5131,7.4292],[99.5203,7.435],[99.5283,7.4294],[99.5435,7.4557],[99.5281,7.4314],[99.5181,7.4361],[99.5058,7.4274],[99.4992,7.3889],[99.4868,7.3793],[99.4839,7.3931],[99.4794,7.3836]]],[[[99.4997,7.3714],[99.4944,7.3371],[99.4861,7.3722],[99.4966,7.3825],[99.4997,7.3714]]],[[[99.4911,7.3756],[99.4853,7.375],[99.4846,7.3772],[99.4858,7.3787],[99.4901,7.3791],[99.4911,7.3756]]],[[[99.5006,7.3784],[99.5064,7.4055],[99.5082,7.3888],[99.5006,7.3784]]],[[[99.2531,7.3001],[99.2471,7.333],[99.2597,7.3087],[99.2531,7.3001]]],[[[99.2955,7.39],[99.3143,7.3744],[99.301,7.3528],[99.2839,7.3653],[99.288,7.3761],[99.2814,7.3869],[99.2955,7.39]]],[[[99.2472,7.3781],[99.2469,7.3811],[99.2481,7.3811],[99.2492,7.3778],[99.2475,7.3769],[99.2472,7.3781]]],[[[99.2333,7.4053],[99.2336,7.4019],[99.2297,7.4067],[99.2312,7.4078],[99.2333,7.4053]]],[[[99.5072,7.3367],[99.5078,7.3308],[99.5111,7.3222],[99.51,7.3178],[99.5055,7.3126],[99.5021,7.3223],[99.5041,7.3398],[99.5072,7.3367]]],[[[99.5053,7.3628],[99.5067,7.3656],[99.5076,7.3591],[99.5058,7.3569],[99.5053,7.3628]]],[[[99.5088,7.4203],[99.5067,7.4259],[99.511,7.4286],[99.5122,7.4223],[99.5099,7.419],[99.5088,7.4203]]]]}},{"type":"Feature","properties":{"province":"Trang","district":"MuangTrang","hasc":"TH.TG.TR"},"geometry":{"type":"MultiPolygon","coordinates":[[[[99.6065,7.4876],[99.5662,7.5419],[99.5515,7.5336],[99.5521,7.5265],[99.545,7.5287],[99.5455,7.5202],[99.5256,7.5243],[99.5265,7.5354],[99.4937,7.556],[99.4789,7.5979],[99.463,7.6074],[99.4669,7.621],[99.499,7.6231],[99.5054,7.6378],[99.5216,7.6269],[99.5297,7.6316],[99.5487,7.6794],[99.5656,7.6686],[99.5906,7.6768],[99.6149,7.6988],[99.6456,7.6956],[99.6685,7.6819],[99.6923,7.6858],[99.6945,7.6993],[99.7191,7.7049],[99.7264,7.7252],[99.7387,7.7297],[99.7302,7.7174],[99.7388,7.6999],[99.755,7.6977],[99.7744,7.6714],[99.8006,7.6707],[99.8103,7.6483],[99.7704,7.6359],[99.7492,7.6432],[99.7289,7.626],[99.7106,7.639],[99.6892,7.6342],[99.6734,7.6151],[99.669,7.5898],[99.6988,7.5476],[99.6805,7.5418],[99.6744,7.5172],[99.6554,7.5197],[99.6443,7.5107],[99.6131,7.4647],[99.6065,7.4876]]]]}},{"type":"Feature","properties":{"province":"Trang","district":"NaYong","hasc":"TH.TG.NY"},"geometry":{"type":"MultiPolygon","coordinates":[[[[99.6719,7.517],[99.6823,7.5439],[99.6993,7.5486],[99.669,7.5898],[99.6734,7.6151],[99.6892,7.6342],[99.7106,7.639],[99.7289,7.626],[99.7492,7.6432],[99.7704,7.6359],[99.7854,7.6432],[99.8097,7.6218],[99.7971,7.5892],[99.8367,7.5412],[99.8079,7.508],[99.7825,7.4905],[99.7423,7.4855],[99.7134,7.472],[99.6958,7.4894],[99.6761,7.4933],[99.6719,7.517]]]]}},{"type":"Feature","properties":{"province":"Trang","district":"Palian","hasc":"TH.TG.PA"},"geometry":{"type":"MultiPolygon","coordinates":[[[[99.5291,6.7943],[99.5261,6.7942],[99.5261,6.7967],[99.53,6.7967],[99.5308,6.7958],[99.5291,6.7943]]],[[[99.5059,6.7996],[99.5074,6.7992],[99.5061,6.7981],[99.5052,6.7986],[99.5059,6.7996]]],[[[99.5378,6.8336],[99.5442,6.8319],[99.5375,6.8241],[99.5252,6.8271],[99.5378,6.8336]]],[[[99.5433,6.9142],[99.5444,6.9156],[99.5456,6.9133],[99.5442,6.9122],[99.5433,6.9142]]],[[[99.5903,6.8319],[99.5873,6.8284],[99.5844,6.8328],[99.5906,6.8339],[99.5903,6.8319]]],[[[99.5917,6.8532],[99.59,6.8564],[99.5908,6.8594],[99.5955,6.8561],[99.593,6.8515],[99.5917,6.8532]]],[[[99.5706,6.8928],[99.57,6.8928],[99.5692,6.8944],[99.572,6.8933],[99.5706,6.8928]]],[[[99.5458,6.91],[99.5451,6.9116],[99.5464,6.9125],[99.5469,6.9078],[99.5458,6.91]]],[[[99.4728,6.9764],[99.4733,6.9764],[99.4739,6.9722],[99.4734,6.9722],[99.4728,6.9764]]],[[[99.4757,6.9743],[99.4751,6.9766],[99.4751,6.9782],[99.4767,6.9766],[99.4757,6.9743]]],[[[99.4753,7.0261],[99.4731,7.0333],[99.4742,7.0356],[99.4733,7.0392],[99.4692,7.0472],[99.4697,7.0503],[99.4736,7.0478],[99.4736,7.0425],[99.4761,7.0361],[99.4756,7.025],[99.4753,7.0261]]],[[[99.3919,7.0744],[99.3932,7.0766],[99.395,7.0747],[99.3936,7.0731],[99.3919,7.0744]]],[[[99.5831,6.9769],[99.5783,6.9769],[99.5758,6.9783],[99.5808,6.9792],[99.5831,6.9769]]],[[[99.5695,7.115],[99.5974,7.1035],[99.6158,7.0811],[99.5654,7.0932],[99.5544,7.1258],[99.5695,7.115]]],[[[99.5821,7.132],[99.5799,7.1317],[99.579,7.1327],[99.5835,7.1339],[99.584,7.1327],[99.5821,7.132]]],[[[99.65,7.1487],[99.6492,7.1521],[99.6511,7.1553],[99.6528,7.15],[99.6513,7.1476],[99.65,7.1487]]],[[[99.4289,7.1103],[99.4306,7.1094],[99.4294,7.1031],[99.4278,7.1042],[99.4272,7.1119],[99.4289,7.1103]]],[[[99.4249,7.1156],[99.4225,7.1219],[99.4231,7.1242],[99.4267,7.1181],[99.4267,7.1153],[99.4249,7.1156]]],[[[99.6973,7.1238],[99.6973,7.1263],[99.7022,7.1305],[99.7007,7.1245],[99.6986,7.1226],[99.6973,7.1238]]],[[[99.9555,7.1901],[99.9603,7.1694],[99.9982,7.1135],[99.9826,7.1122],[99.9803,7.1022],[99.9648,7.0983],[99.9533,7.0965],[99.9407,7.1065],[99.8998,7.0963],[99.888,7.0806],[99.8664,7.08],[99.8633,7.0687],[99.8353,7.0796],[99.8338,7.0954],[99.8205,7.0967],[99.788,7.127],[99.7627,7.1245],[99.7572,7.1377],[99.7561,7.1264],[99.7413,7.1329],[99.7514,7.1733],[99.7334,7.1897],[99.749,7.1725],[99.745,7.1553],[99.7301,7.1306],[99.71,7.1303],[99.7095,7.1617],[99.7231,7.1603],[99.7307,7.1779],[99.7228,7.1941],[99.7295,7.178],[99.7247,7.1636],[99.7041,7.1667],[99.7025,7.1803],[99.7033,7.1333],[99.6676,7.1136],[99.659,7.1749],[99.6769,7.1872],[99.6733,7.1741],[99.6793,7.1851],[99.6665,7.207],[99.6549,7.2043],[99.6522,7.2126],[99.6688,7.2161],[99.6708,7.2247],[99.6682,7.2176],[99.6539,7.2192],[99.6506,7.2096],[99.6561,7.2014],[99.6671,7.202],[99.6716,7.1885],[99.6453,7.1668],[99.6312,7.194],[99.6139,7.2086],[99.6415,7.2464],[99.649,7.2411],[99.6417,7.255],[99.6435,7.2822],[99.5895,7.3126],[99.5735,7.3268],[99.5759,7.3368],[99.5857,7.3552],[99.6213,7.343],[99.6152,7.3545],[99.6088,7.3532],[99.6252,7.3581],[99.6472,7.3345],[99.6542,7.3379],[99.6597,7.3685],[99.6786,7.3724],[99.6971,7.3722],[99.7014,7.3607],[99.7155,7.3641],[99.7216,7.3548],[99.7489,7.3545],[99.7717,7.3359],[99.7906,7.3661],[99.7953,7.3603],[99.8336,7.3745],[99.8783,7.3621],[99.8952,7.3649],[99.9047,7.3522],[99.907,7.3259],[99.9392,7.3162],[99.9463,7.265],[99.9325,7.2436],[99.9481,7.2042],[99.9594,7.1971],[99.9555,7.1901]]],[[[99.5826,7.3541],[99.5804,7.3527],[99.5793,7.3499],[99.5787,7.3499],[99.5804,7.3535],[99.5832,7.3558],[99.5826,7.3541]]]]}},{"type":"Feature","properties":{"province":"Trang","district":"Rasada","hasc":"TH.TG.RA"},"geometry":{"type":"MultiPolygon","coordinates":[[[[99.7393,7.923],[99.7073,7.8825],[99.7139,7.8638],[99.6917,7.8474],[99.6674,7.8525],[99.6498,7.8715],[99.6307,7.8764],[99.6285,7.9116],[99.5868,7.9095],[99.5809,7.9191],[99.5626,7.9211],[99.5603,7.9331],[99.5702,7.946],[99.5823,7.9465],[99.5839,7.956],[99.5963,7.9574],[99.5919,7.9631],[99.6061,7.9786],[99.6022,7.9847],[99.6155,7.988],[99.6309,8.0097],[99.6568,8.0134],[99.7038,7.9903],[99.7297,7.9976],[99.7525,7.9794],[99.7571,7.9584],[99.7335,7.9437],[99.7393,7.923]]]]}},{"type":"Feature","properties":{"province":"Trang","district":"Sikao","hasc":"TH.TG.SI"},"geometry":{"type":"MultiPolygon","coordinates":[[[[99.3213,7.4704],[99.3207,7.4696],[99.3191,7.4701],[99.3199,7.471],[99.3213,7.4704]]],[[[99.4022,7.4699],[99.3804,7.4739],[99.364,7.4168],[99.3514,7.411],[99.3509,7.4007],[99.3465,7.4108],[99.3381,7.4099],[99.3456,7.416],[99.3471,7.443],[99.3276,7.4942],[99.3109,7.5082],[99.3242,7.5138],[99.307,7.5112],[99.2962,7.4976],[99.2841,7.5161],[99.305,7.5189],[99.309,7.5347],[99.3325,7.5541],[99.3176,7.5509],[99.3121,7.5402],[99.2945,7.5615],[99.3015,7.5745],[99.2953,7.5675],[99.2781,7.6006],[99.2849,7.6266],[99.2768,7.6289],[99.2889,7.6408],[99.2919,7.6514],[99.2846,7.6568],[99.2953,7.6567],[99.2949,7.6665],[99.2943,7.6574],[99.284,7.6581],[99.2856,7.6677],[99.2869,7.6424],[99.2625,7.6167],[99.2327,7.6315],[99.2542,7.6292],[99.2542,7.6484],[99.2666,7.6469],[99.2633,7.6625],[99.2868,7.6883],[99.2977,7.6881],[99.3095,7.7063],[99.3068,7.7548],[99.2927,7.7586],[99.2886,7.7698],[99.3022,7.7891],[99.3038,7.8088],[99.2887,7.8102],[99.2961,7.8239],[99.3254,7.8031],[99.3573,7.8163],[99.3624,7.7578],[99.3505,7.7508],[99.3447,7.7221],[99.3541,7.6973],[99.3644,7.6942],[99.3677,7.6675],[99.361,7.6494],[99.3694,7.6232],[99.3909,7.6193],[99.4103,7.5973],[99.4389,7.6048],[99.4606,7.5917],[99.4767,7.5993],[99.4939,7.57],[99.4937,7.556],[99.519,7.5418],[99.4927,7.5252],[99.4663,7.5222],[99.4695,7.4992],[99.4566,7.4852],[99.4577,7.4702],[99.4475,7.475],[99.4315,7.4671],[99.4263,7.48],[99.4093,7.4836],[99.4022,7.4699]]],[[[99.3011,7.4908],[99.3011,7.4942],[99.305,7.4969],[99.3053,7.4928],[99.3025,7.4897],[99.3011,7.4908]]],[[[99.2994,7.4953],[99.2999,7.4938],[99.2986,7.4933],[99.2975,7.4956],[99.2994,7.4953]]],[[[99.2804,7.5448],[99.2782,7.5463],[99.2788,7.5492],[99.2811,7.5474],[99.2804,7.5448]]],[[[99.2894,7.5572],[99.2887,7.5563],[99.2878,7.5579],[99.2891,7.5602],[99.2894,7.5572]]]]}},{"type":"Feature","properties":{"province":"Trang","district":"WangWiset","hasc":"TH.TG.WW"},"geometry":{"type":"MultiPolygon","coordinates":[[[[99.4544,7.7377],[99.4797,7.7052],[99.4867,7.7116],[99.5229,7.704],[99.53,7.7259],[99.5458,7.7261],[99.5483,7.7326],[99.5639,7.7192],[99.5297,7.6316],[99.5216,7.6269],[99.5054,7.6378],[99.499,7.6231],[99.4669,7.621],[99.463,7.6074],[99.4744,7.5998],[99.4606,7.5917],[99.4389,7.6048],[99.4103,7.5973],[99.3928,7.6179],[99.37,7.6228],[99.3639,7.6327],[99.3644,7.6942],[99.3541,7.6973],[99.3447,7.7221],[99.3505,7.7508],[99.3624,7.7578],[99.3569,7.8171],[99.3248,7.8033],[99.307,7.8219],[99.2949,7.8235],[99.2779,7.8481],[99.3179,7.8861],[99.304,7.8945],[99.3128,7.9133],[99.3335,7.9189],[99.3338,7.9285],[99.3567,7.9319],[99.3682,7.9464],[99.3853,7.9414],[99.3974,7.956],[99.4202,7.9545],[99.4196,7.8845],[99.426,7.8756],[99.4464,7.8722],[99.4429,7.8621],[99.4525,7.853],[99.4464,7.8447],[99.4385,7.8492],[99.4199,7.8401],[99.4248,7.7972],[99.4397,7.7746],[99.4328,7.7671],[99.4358,7.7472],[99.4544,7.7377]]]]}},{"type":"Feature","properties":{"province":"Trang","district":"YanTaKhao","hasc":"TH.TG.YT"},"geometry":{"type":"MultiPolygon","coordinates":[[[[99.5794,7.3625],[99.5783,7.3614],[99.575,7.36],[99.5761,7.3636],[99.5806,7.3658],[99.5794,7.3625]]],[[[99.5856,7.365],[99.5838,7.3632],[99.5825,7.3644],[99.585,7.3678],[99.5856,7.365]]],[[[99.6445,7.3351],[99.632,7.3553],[99.6151,7.3583],[99.5988,7.3497],[99.5864,7.363],[99.6139,7.3806],[99.5864,7.3733],[99.6181,7.4369],[99.6118,7.4388],[99.6139,7.4692],[99.6554,7.5197],[99.6723,7.5145],[99.6766,7.4928],[99.6958,7.4894],[99.7134,7.472],[99.7423,7.4855],[99.7825,7.4905],[99.82,7.5193],[99.8528,7.4824],[99.849,7.464],[99.9015,7.3879],[99.8922,7.3643],[99.8336,7.3745],[99.7953,7.3603],[99.7906,7.3661],[99.7717,7.3359],[99.7489,7.3545],[99.7216,7.3548],[99.7155,7.3641],[99.7014,7.3607],[99.6965,7.3724],[99.66,7.3688],[99.6542,7.3379],[99.6445,7.3351]]]]}},{"type":"Feature","properties":{"province":"Trat","district":"BoRai","hasc":"TH.TT.BR"},"geometry":{"type":"MultiPolygon","coordinates":[[[[102.6468,12.584],[102.6622,12.5821],[102.6675,12.5632],[102.6852,12.548],[102.6776,12.539],[102.6924,12.5321],[102.6957,12.5201],[102.7138,12.5073],[102.7284,12.5124],[102.7203,12.4866],[102.7338,12.4892],[102.74,12.4824],[102.7368,12.466],[102.7464,12.4573],[102.7655,12.4561],[102.7843,12.4247],[102.7275,12.4099],[102.7112,12.3947],[102.6895,12.405],[102.6704,12.3946],[102.6253,12.3938],[102.6124,12.4041],[102.609,12.4344],[102.584,12.4554],[102.5819,12.4662],[102.5499,12.4676],[102.5466,12.5092],[102.5077,12.514],[102.4851,12.4917],[102.4769,12.4975],[102.471,12.5325],[102.4442,12.5405],[102.4439,12.5621],[102.3888,12.6032],[102.4023,12.6145],[102.3918,12.6312],[102.3855,12.6768],[102.3949,12.6787],[102.4019,12.6982],[102.425,12.7107],[102.4261,12.7221],[102.4426,12.7362],[102.4759,12.7347],[102.5013,12.7559],[102.5074,12.7519],[102.497,12.7053],[102.5096,12.6916],[102.5102,12.6704],[102.5333,12.6529],[102.5801,12.653],[102.617,12.6154],[102.6461,12.6103],[102.6468,12.584]]]]}},{"type":"Feature","properties":{"province":"Trat","district":"K.KoChang","hasc":"TH.TT.KC"},"geometry":{"type":"MultiPolygon","coordinates":[[[[102.45,11.8931],[102.4478,11.9014],[102.4536,11.8997],[102.45,11.8931]]],[[[102.4711,11.9164],[102.4719,11.9183],[102.4744,11.9175],[102.4728,11.9128],[102.4711,11.9164]]],[[[102.4811,11.9461],[102.4686,11.9308],[102.4697,11.9533],[102.4819,11.9592],[102.4811,11.9461]]],[[[102.4969,11.9536],[102.4878,11.9528],[102.4983,11.9589],[102.4969,11.9536]]],[[[102.5149,11.961],[102.5135,11.96],[102.5129,11.9603],[102.5136,11.9612],[102.5149,11.961]]],[[[102.49,11.9667],[102.4922,11.9667],[102.4922,11.9664],[102.4894,11.965],[102.49,11.9667]]],[[[102.4419,11.9428],[102.4389,11.945],[102.4372,11.9506],[102.4433,11.9431],[102.4419,11.9428]]],[[[102.4425,11.9481],[102.4395,11.9505],[102.4387,11.9536],[102.4423,11.9538],[102.445,11.9507],[102.4442,11.9477],[102.4425,11.9481]]],[[[102.4477,11.9607],[102.4471,11.9618],[102.4486,11.9618],[102.4488,11.9609],[102.4477,11.9607]]],[[[102.426,12.0505],[102.4272,12.0481],[102.4267,12.0476],[102.4238,12.0509],[102.4239,12.0522],[102.426,12.0505]]],[[[102.3989,11.9089],[102.4169,11.9017],[102.408,11.8934],[102.399,11.8959],[102.3931,11.9059],[102.3989,11.9089]]],[[[102.4086,11.9311],[102.4097,11.9337],[102.4119,11.932],[102.4106,11.9291],[102.4086,11.9311]]],[[[102.4071,11.9368],[102.4069,11.9389],[102.4093,11.9398],[102.4092,11.9365],[102.4071,11.9368]]],[[[102.4089,11.9407],[102.4059,11.9395],[102.4041,11.9409],[102.4018,11.9443],[102.4028,11.9466],[102.4063,11.9455],[102.4089,11.9407]]],[[[102.3453,11.9017],[102.3461,11.9139],[102.3658,11.9289],[102.3453,11.9017]]],[[[102.3901,11.971],[102.3896,11.9739],[102.3925,11.9755],[102.3936,11.9717],[102.3918,11.9697],[102.3901,11.971]]],[[[102.388,11.9822],[102.39,11.9814],[102.3877,11.9771],[102.3851,11.9792],[102.3838,11.9846],[102.3879,11.9889],[102.3891,11.9884],[102.388,11.9822]]],[[[102.2835,12.0173],[102.285,12.0167],[102.2846,12.0148],[102.2824,12.0162],[102.2827,12.0181],[102.2835,12.0173]]],[[[102.2633,12.0222],[102.2611,12.0225],[102.2606,12.025],[102.2614,12.0253],[102.2633,12.0222]]],[[[102.2544,12.1564],[102.2772,12.1422],[102.3242,12.1356],[102.3531,12.1133],[102.3664,12.0839],[102.3828,12.0683],[102.3861,12.0489],[102.398,12.0489],[102.3919,12.0292],[102.3978,12.0356],[102.4064,12.0308],[102.4299,11.9899],[102.4467,11.9764],[102.4356,11.9517],[102.3821,12.0005],[102.3697,11.9936],[102.377,11.9639],[102.3169,11.9739],[102.3108,11.9669],[102.3194,11.9578],[102.314,11.9575],[102.2917,11.985],[102.2981,11.9933],[102.2878,12.0147],[102.2942,12.0428],[102.2744,12.0722],[102.2733,12.1028],[102.2493,12.1366],[102.2689,12.1342],[102.2544,12.1564]]],[[[102.2483,12.1398],[102.2492,12.1389],[102.2475,12.1378],[102.2458,12.1406],[102.2483,12.1398]]],[[[102.2481,12.1622],[102.2497,12.1597],[102.2486,12.1578],[102.2436,12.1597],[102.2444,12.1631],[102.2481,12.1622]]]]}},{"type":"Feature","properties":{"province":"Trat","district":"K.KoKut","hasc":"TH.TT.KK"},"geometry":{"type":"MultiPolygon","coordinates":[[[[102.5283,11.6358],[102.5286,11.6369],[102.53,11.6367],[102.53,11.635],[102.5283,11.6358]]],[[[102.5306,11.6464],[102.5311,11.6475],[102.5342,11.6483],[102.5336,11.6458],[102.5317,11.645],[102.5306,11.6464]]],[[[102.5667,11.7247],[102.565,11.7008],[102.5807,11.7117],[102.5901,11.6959],[102.6008,11.7],[102.6086,11.6894],[102.6008,11.6769],[102.6089,11.6511],[102.5971,11.6281],[102.6035,11.626],[102.5886,11.611],[102.6015,11.6075],[102.5925,11.5614],[102.5686,11.5761],[102.567,11.5936],[102.5481,11.5903],[102.541,11.6018],[102.5259,11.6054],[102.5361,11.6119],[102.5331,11.6189],[102.5453,11.6231],[102.5447,11.6378],[102.524,11.6571],[102.5339,11.6669],[102.5273,11.6961],[102.5406,11.7031],[102.5345,11.7242],[102.5468,11.7385],[102.5441,11.753],[102.5533,11.7622],[102.5581,11.7575],[102.5707,11.7322],[102.5667,11.7247]]],[[[102.5217,11.6808],[102.5217,11.6836],[102.5236,11.6858],[102.5219,11.6794],[102.5217,11.6808]]],[[[102.5183,11.7247],[102.5261,11.7164],[102.5211,11.7083],[102.5125,11.7253],[102.5183,11.7247]]],[[[102.4723,11.8333],[102.5116,11.8256],[102.5049,11.812],[102.4884,11.8126],[102.4872,11.7895],[102.468,11.8116],[102.444,11.8116],[102.4453,11.8206],[102.468,11.823],[102.4684,11.8394],[102.4723,11.8333]]],[[[102.5197,11.8339],[102.5267,11.8542],[102.5306,11.8344],[102.5197,11.8339]]],[[[102.3931,11.7714],[102.3885,11.7736],[102.389,11.776],[102.393,11.7769],[102.3948,11.7755],[102.3953,11.7719],[102.3931,11.7714]]],[[[102.3858,11.7772],[102.3842,11.8113],[102.393,11.7961],[102.3858,11.7772]]],[[[102.4522,11.8005],[102.4531,11.7981],[102.4497,11.795],[102.4489,11.7983],[102.4506,11.8011],[102.4522,11.8005]]],[[[102.4525,11.8053],[102.4533,11.8075],[102.4569,11.8097],[102.4567,11.8075],[102.4525,11.8053]]],[[[102.3769,11.8083],[102.3783,11.8086],[102.3792,11.8081],[102.3781,11.8069],[102.3769,11.8083]]],[[[102.3763,11.8098],[102.3758,11.8108],[102.3775,11.8092],[102.3764,11.8092],[102.3763,11.8098]]],[[[102.3847,11.8219],[102.3853,11.8233],[102.3869,11.8228],[102.3867,11.8211],[102.3847,11.8219]]],[[[102.4597,11.8339],[102.4592,11.8361],[102.4606,11.8372],[102.4608,11.8322],[102.4597,11.8339]]]]}},{"type":"Feature","properties":{"province":"Trat","district":"KhaoSaming","hasc":"TH.TT.KS"},"geometry":{"type":"MultiPolygon","coordinates":[[[[102.3785,12.2858],[102.3783,12.2733],[102.3482,12.2522],[102.3157,12.2557],[102.2839,12.2792],[102.2864,12.2886],[102.3247,12.3007],[102.365,12.3447],[102.3481,12.3653],[102.3735,12.3897],[102.3688,12.4018],[102.3269,12.4264],[102.3313,12.4445],[102.3213,12.4511],[102.3384,12.4631],[102.3431,12.4801],[102.3312,12.5028],[102.3172,12.5102],[102.3174,12.5379],[102.3064,12.5538],[102.34,12.5683],[102.3493,12.5902],[102.3737,12.5965],[102.3999,12.5674],[102.4273,12.5714],[102.4435,12.5626],[102.4442,12.5405],[102.471,12.5325],[102.4765,12.498],[102.4843,12.4916],[102.5077,12.514],[102.5486,12.5077],[102.5535,12.4612],[102.5236,12.4357],[102.5217,12.3867],[102.5014,12.3777],[102.4716,12.3031],[102.4622,12.2957],[102.4317,12.3049],[102.4102,12.3017],[102.4038,12.2942],[102.4109,12.2824],[102.3985,12.2711],[102.3785,12.2858]]]]}},{"type":"Feature","properties":{"province":"Trat","district":"KhlongYai","hasc":"TH.TT.KY"},"geometry":{"type":"MultiPolygon","coordinates":[[[[102.9119,11.6458],[102.9119,11.6459],[102.9124,11.6454],[102.9119,11.6458]]],[[[102.9109,11.7472],[102.9151,11.6529],[102.9086,11.6489],[102.9006,11.6861],[102.9061,11.7136],[102.8933,11.7319],[102.8944,11.7458],[102.8672,11.7936],[102.7769,11.9069],[102.7727,11.9231],[102.7817,11.9295],[102.7844,11.9461],[102.7694,11.9752],[102.7907,11.9772],[102.8006,11.9493],[102.8161,11.9332],[102.8198,11.8924],[102.8339,11.8558],[102.8531,11.8264],[102.8624,11.824],[102.8666,11.8063],[102.8859,11.7996],[102.8816,11.7903],[102.8925,11.787],[102.9109,11.7472]]]]}},{"type":"Feature","properties":{"province":"Trat","district":"LaemNgop","hasc":"TH.TT.LN"},"geometry":{"type":"MultiPolygon","coordinates":[[[[102.3808,12.1758],[102.3808,12.1778],[102.3825,12.1783],[102.3822,12.1764],[102.3808,12.1758]]],[[[102.3394,12.1878],[102.3404,12.1867],[102.3386,12.1859],[102.338,12.188],[102.3394,12.1878]]],[[[102.4093,12.2401],[102.4471,12.2097],[102.46,12.2087],[102.4612,12.1887],[102.4753,12.1625],[102.4733,12.17],[102.4669,12.1633],[102.3966,12.1687],[102.3685,12.1929],[102.346,12.1989],[102.3281,12.1913],[102.3256,12.1797],[102.2944,12.1869],[102.2769,12.2047],[102.2772,12.2225],[102.2856,12.2222],[102.2881,12.2328],[102.2614,12.2697],[102.2656,12.2765],[102.2586,12.2892],[102.2655,12.2921],[102.2731,12.2831],[102.2864,12.2886],[102.2853,12.2758],[102.3321,12.2514],[102.3482,12.2522],[102.3779,12.273],[102.38,12.2866],[102.3957,12.2784],[102.3935,12.2711],[102.4075,12.2695],[102.4093,12.2401]]]]}},{"type":"Feature","properties":{"province":"Trat","district":"MuangTrat","hasc":"TH.TT.TR"},"geometry":{"type":"MultiPolygon","coordinates":[[[[102.7771,12.0163],[102.7862,11.9754],[102.7694,11.9752],[102.7658,12.0222],[102.7513,12.0444],[102.6256,12.1486],[102.6278,12.1561],[102.6431,12.1556],[102.6444,12.1753],[102.5961,12.2061],[102.5953,12.2203],[102.58,12.2028],[102.5671,12.2059],[102.5756,12.2037],[102.5661,12.1975],[102.5725,12.1911],[102.5625,12.1969],[102.5525,12.2317],[102.5233,12.2689],[102.525,12.2911],[102.5139,12.3014],[102.5147,12.3133],[102.5133,12.3006],[102.5239,12.2908],[102.5222,12.2692],[102.5667,12.1931],[102.5578,12.1836],[102.5753,12.167],[102.5559,12.1622],[102.557,12.1312],[102.5665,12.1177],[102.5595,12.0959],[102.584,12.0694],[102.5894,12.0558],[102.5844,12.0433],[102.5472,12.0589],[102.5508,12.0837],[102.5316,12.1136],[102.4721,12.1436],[102.47,12.16],[102.4981,12.1586],[102.5006,12.1647],[102.4753,12.1625],[102.4612,12.1887],[102.46,12.2087],[102.4508,12.2074],[102.411,12.2353],[102.408,12.2687],[102.3995,12.2732],[102.4126,12.2875],[102.4039,12.2947],[102.4317,12.3049],[102.4622,12.2957],[102.4724,12.304],[102.4965,12.3695],[102.5056,12.3819],[102.5217,12.3867],[102.5236,12.4357],[102.5379,12.4416],[102.5522,12.4648],[102.5819,12.4662],[102.584,12.4554],[102.609,12.4344],[102.6127,12.4035],[102.6319,12.3908],[102.6421,12.3978],[102.6704,12.3946],[102.6895,12.405],[102.7112,12.3947],[102.7275,12.4099],[102.7843,12.4247],[102.7849,12.4004],[102.7461,12.3889],[102.7258,12.3645],[102.7261,12.3031],[102.7136,12.2609],[102.7185,12.2254],[102.7039,12.1724],[102.7359,12.1083],[102.7703,12.0745],[102.7771,12.0163]]],[[[102.559,12.2135],[102.5588,12.2125],[102.5573,12.21],[102.5561,12.2122],[102.5572,12.2156],[102.559,12.2135]]]]}},{"type":"Feature","properties":{"province":"UbonRatchathani","district":"Buntharik","hasc":"TH.UR.BU"},"geometry":{"type":"MultiPolygon","coordinates":[[[[105.4798,14.4828],[105.4319,14.4132],[105.4126,14.4276],[105.3993,14.4061],[105.3893,14.4085],[105.3899,14.3948],[105.3754,14.3983],[105.3626,14.3852],[105.3445,14.3831],[105.3224,14.4072],[105.3262,14.4178],[105.3135,14.4308],[105.3278,14.4455],[105.3203,14.4763],[105.3273,14.4953],[105.3139,14.5229],[105.3231,14.5382],[105.314,14.5945],[105.2985,14.62],[105.2989,14.6375],[105.268,14.673],[105.2545,14.7125],[105.261,14.7391],[105.2551,14.7666],[105.2706,14.8144],[105.2631,14.8302],[105.274,14.8596],[105.2596,14.8966],[105.2817,14.9289],[105.2807,14.9526],[105.3362,14.9557],[105.3594,14.9728],[105.3778,14.9692],[105.384,14.956],[105.394,14.9551],[105.3761,14.9458],[105.3768,14.9272],[105.3866,14.9299],[105.4305,14.9102],[105.4326,14.9173],[105.4655,14.9179],[105.5126,14.9496],[105.537,14.9567],[105.5553,14.9479],[105.5488,14.924],[105.5792,14.8957],[105.5797,14.8795],[105.5385,14.8666],[105.5556,14.8353],[105.5317,14.8206],[105.5238,14.823],[105.5142,14.8011],[105.5223,14.7746],[105.5154,14.7527],[105.5423,14.7301],[105.5228,14.7257],[105.5272,14.7047],[105.518,14.694],[105.5261,14.6753],[105.519,14.6574],[105.532,14.6397],[105.5273,14.6317],[105.5448,14.6194],[105.5313,14.5959],[105.5416,14.5821],[105.532,14.5721],[105.5371,14.5571],[105.526,14.5492],[105.5278,14.5367],[105.5182,14.5361],[105.5036,14.511],[105.4827,14.5044],[105.4899,14.4985],[105.4798,14.4828]]]]}},{"type":"Feature","properties":{"province":"UbonRatchathani","district":"DetUdom","hasc":"TH.UR.DU"},"geometry":{"type":"MultiPolygon","coordinates":[[[[105.2642,14.9067],[105.2597,14.8944],[105.274,14.8596],[105.2631,14.8302],[105.2705,14.8138],[105.255,14.7663],[105.2599,14.7296],[105.2363,14.7378],[105.1962,14.7254],[105.0955,14.7382],[105.0938,14.7115],[105.106,14.6991],[105.114,14.6633],[105.1047,14.6194],[105.0865,14.6284],[105.073,14.6481],[105.0561,14.6457],[105.035,14.6734],[105.0172,14.6612],[104.9893,14.6706],[104.9727,14.7181],[104.9958,14.7175],[105.0041,14.7509],[104.9817,14.7523],[104.985,14.7814],[104.9626,14.7751],[104.9603,14.827],[104.8975,14.8244],[104.8984,14.8051],[104.8608,14.8018],[104.8401,14.7905],[104.8409,14.7786],[104.8207,14.7729],[104.8175,14.7887],[104.7993,14.8092],[104.8087,14.8275],[104.8398,14.8416],[104.8501,14.8744],[104.9208,14.9478],[104.9459,15.0255],[104.9744,15.0373],[105.0157,15.0191],[105.0395,15.0191],[105.0313,14.9852],[105.0165,14.9705],[105.011,14.9504],[105.0472,14.9443],[105.0518,14.9373],[105.0852,14.9463],[105.1019,14.9429],[105.1024,14.9564],[105.1154,14.9625],[105.1198,14.9755],[105.1541,14.9846],[105.1635,14.9979],[105.1643,15.0243],[105.1944,15.0255],[105.2115,15.0054],[105.281,14.9645],[105.2817,14.9289],[105.2642,14.9067]]]]}},{"type":"Feature","properties":{"province":"UbonRatchathani","district":"Donmotdaeng","hasc":"TH.UR.DM"},"geometry":{"type":"MultiPolygon","coordinates":[[[[105.071,15.3427],[105.1137,15.3061],[105.0301,15.2755],[105.0273,15.2987],[105.0108,15.317],[105.0161,15.3442],[105.0043,15.344],[104.9941,15.3329],[104.9675,15.3428],[104.945,15.3405],[104.9485,15.3779],[104.9627,15.3891],[104.9972,15.383],[105.013,15.4127],[105.0123,15.4214],[104.9902,15.4266],[104.9679,15.4447],[104.9644,15.4861],[104.9723,15.4865],[104.9643,15.5011],[104.981,15.5011],[104.9801,15.4938],[105.0045,15.4718],[105.0163,15.4839],[105.0362,15.4548],[105.0274,15.4298],[105.0576,15.4278],[105.0619,15.4119],[105.0502,15.4036],[105.0459,15.3876],[105.0623,15.3862],[105.0746,15.367],[105.0662,15.3536],[105.071,15.3427]]]]}},{"type":"Feature","properties":{"province":"UbonRatchathani","district":"K.LaoSuaKok","hasc":"TH.UR.LS"},"geometry":{"type":"MultiPolygon","coordinates":[[[[105.012,15.4095],[104.9972,15.383],[104.9627,15.3891],[104.9485,15.3779],[104.945,15.3405],[104.928,15.3392],[104.9187,15.3538],[104.8977,15.3557],[104.853,15.3858],[104.8524,15.4309],[104.8434,15.4496],[104.8579,15.4547],[104.8619,15.4702],[104.8448,15.5144],[104.874,15.5478],[104.8733,15.5366],[104.883,15.5359],[104.8855,15.5452],[104.8931,15.5341],[104.9026,15.5381],[104.9055,15.5186],[104.923,15.5006],[104.9365,15.5022],[104.9356,15.4904],[104.9449,15.4859],[104.9399,15.5013],[104.95,15.5136],[104.9613,15.4982],[104.9566,15.4888],[104.9646,15.4869],[104.968,15.4445],[104.991,15.4262],[105.0125,15.4212],[105.012,15.4095]]]]}},{"type":"Feature","properties":{"province":"UbonRatchathani","district":"K.NaTan","hasc":"TH.UR.NT"},"geometry":{"type":"MultiPolygon","coordinates":[[[[105.3863,15.9847],[105.353,15.9426],[105.3451,15.9207],[105.3771,15.8527],[105.3569,15.8701],[105.3135,15.8627],[105.2708,15.9001],[105.2473,15.8883],[105.1441,15.9063],[105.2522,15.9827],[105.2813,16.0227],[105.313,15.9884],[105.352,15.9946],[105.3863,15.9847]]]]}},{"type":"Feature","properties":{"province":"UbonRatchathani","district":"K.NaYia","hasc":"TH.UR.NA"},"geometry":{"type":"MultiPolygon","coordinates":[[[[105.1643,15.0243],[105.1635,14.9979],[105.1541,14.9846],[105.1198,14.9755],[105.1154,14.9625],[105.1024,14.9564],[105.1016,14.9428],[105.0852,14.9463],[105.0518,14.9373],[105.0472,14.9443],[105.011,14.9504],[105.0399,15.0178],[105.0157,15.0191],[104.9748,15.0372],[104.9735,15.054],[105.006,15.0948],[104.9955,15.1242],[105.002,15.144],[104.9936,15.1655],[105.0298,15.1734],[105.0406,15.1836],[105.062,15.1816],[105.0504,15.1559],[105.0718,15.1469],[105.0594,15.1394],[105.0482,15.1459],[105.0404,15.1319],[105.0677,15.1228],[105.0574,15.1175],[105.0439,15.081],[105.0506,15.0923],[105.0593,15.0845],[105.0726,15.0978],[105.0756,15.0816],[105.0616,15.0804],[105.0743,15.0745],[105.0656,15.0523],[105.077,15.0559],[105.0964,15.0422],[105.1643,15.0243]]]]}},{"type":"Feature","properties":{"province":"UbonRatchathani","district":"K.NamKhun","hasc":"TH.UR.NK"},"geometry":{"type":"MultiPolygon","coordinates":[[[[104.9374,14.3919],[104.9221,14.4015],[104.9094,14.3995],[104.9081,14.4112],[104.8788,14.4353],[104.8505,14.4232],[104.8322,14.4376],[104.8608,14.4702],[104.8641,14.4949],[104.8192,14.5492],[104.8309,14.5776],[104.8282,14.6009],[104.8398,14.6151],[104.8392,14.6338],[104.8517,14.6564],[104.8688,14.6612],[104.9028,14.6446],[104.9215,14.6518],[104.9482,14.6476],[104.9597,14.6621],[104.9763,14.6621],[104.9886,14.6721],[104.9973,14.6644],[104.9803,14.6478],[104.9856,14.6214],[104.9697,14.5879],[104.9719,14.5645],[104.9481,14.5452],[104.9415,14.5022],[104.9181,14.4896],[104.9098,14.4676],[104.9256,14.458],[104.9276,14.4323],[104.9433,14.4035],[104.9374,14.3919]]]]}},{"type":"Feature","properties":{"province":"UbonRatchathani","district":"K.SawangWeeraw","hasc":"TH.UR.SW"},"geometry":{"type":"MultiPolygon","coordinates":[[[[105.0301,15.2755],[105.104,15.305],[105.1662,15.306],[105.1665,15.2947],[105.177,15.2881],[105.178,15.2522],[105.1731,15.2387],[105.1434,15.2186],[105.1379,15.2059],[105.1543,15.1818],[105.1475,15.1838],[105.1444,15.1749],[105.1187,15.1623],[105.0888,15.1665],[105.0682,15.1853],[105.0398,15.1834],[105.0298,15.1734],[104.9946,15.1659],[104.9902,15.1848],[104.9675,15.2068],[104.9566,15.2055],[104.9436,15.233],[105.0044,15.2777],[105.0301,15.2755]]]]}},{"type":"Feature","properties":{"province":"UbonRatchathani","district":"Khemarat","hasc":"TH.UR.KH"},"geometry":{"type":"MultiPolygon","coordinates":[[[[105.1438,15.9082],[105.2126,15.8907],[105.2479,15.8884],[105.2666,15.9005],[105.2761,15.8951],[105.2549,15.8855],[105.2198,15.8411],[105.1743,15.8082],[105.163,15.8017],[105.1506,15.8118],[105.1109,15.8597],[105.0388,15.9139],[105.0089,15.9586],[105.0057,16.019],[105.0451,16.0928],[105.0637,16.096],[105.0876,16.0835],[105.1042,16.0892],[105.1231,16.0747],[105.1371,16.0777],[105.2136,16.0479],[105.275,16.0409],[105.3173,16.0268],[105.3542,16.0268],[105.3675,16.0184],[105.4142,16.013],[105.4253,16.0038],[105.4271,15.988],[105.4197,15.9852],[105.3863,15.9847],[105.3518,15.9946],[105.3133,15.9883],[105.2813,16.0227],[105.2446,15.9763],[105.1438,15.9082]]]]}},{"type":"Feature","properties":{"province":"UbonRatchathani","district":"KhongChiam","hasc":"TH.UR.KC"},"geometry":{"type":"MultiPolygon","coordinates":[[[[105.5787,15.3224],[105.5937,15.2751],[105.5848,15.2596],[105.563,15.2611],[105.5502,15.2513],[105.5477,15.2809],[105.5156,15.2849],[105.5021,15.2924],[105.4968,15.3071],[105.4715,15.294],[105.4631,15.2678],[105.4453,15.2621],[105.4076,15.3024],[105.3727,15.2946],[105.367,15.3223],[105.3561,15.3247],[105.3478,15.3386],[105.3587,15.3618],[105.3473,15.3687],[105.3735,15.3645],[105.3787,15.3727],[105.405,15.3787],[105.3904,15.3975],[105.4001,15.4538],[105.3832,15.4708],[105.389,15.4812],[105.4128,15.4833],[105.4187,15.4906],[105.4217,15.5346],[105.4829,15.5443],[105.5043,15.5728],[105.5062,15.6145],[105.5541,15.6413],[105.6046,15.6446],[105.6281,15.6684],[105.6376,15.6587],[105.6391,15.6276],[105.6287,15.5639],[105.6116,15.5445],[105.5958,15.5071],[105.605,15.4717],[105.5938,15.4224],[105.5668,15.3976],[105.4956,15.3843],[105.4697,15.3483],[105.4747,15.3343],[105.5076,15.3138],[105.5787,15.3224]]]]}},{"type":"Feature","properties":{"province":"UbonRatchathani","district":"KhuangNai","hasc":"TH.UR.KN"},"geometry":{"type":"MultiPolygon","coordinates":[[[[104.6905,15.222],[104.6806,15.2249],[104.6682,15.2553],[104.6602,15.2562],[104.654,15.2445],[104.6666,15.2298],[104.6479,15.2382],[104.6468,15.2537],[104.6099,15.2582],[104.6084,15.2717],[104.5923,15.2669],[104.5804,15.2515],[104.5291,15.2506],[104.5049,15.2657],[104.4699,15.2668],[104.4071,15.2883],[104.4212,15.3614],[104.4106,15.385],[104.3849,15.3916],[104.384,15.3998],[104.394,15.4058],[104.3873,15.4432],[104.3748,15.4564],[104.391,15.4886],[104.3863,15.5033],[104.4017,15.5437],[104.4162,15.5343],[104.4811,15.5353],[104.5124,15.5614],[104.5492,15.5406],[104.5573,15.5547],[104.5685,15.5549],[104.5624,15.5438],[104.5742,15.5305],[104.5729,15.5127],[104.5872,15.5113],[104.5507,15.4546],[104.5606,15.4543],[104.5924,15.4065],[104.6342,15.4385],[104.6316,15.4609],[104.6421,15.4558],[104.6435,15.474],[104.6525,15.4712],[104.7004,15.4895],[104.7281,15.4797],[104.7313,15.4643],[104.7124,15.4041],[104.6901,15.3901],[104.6869,15.3548],[104.6752,15.3321],[104.7134,15.3013],[104.7097,15.2826],[104.6952,15.2724],[104.6933,15.2451],[104.6842,15.2309],[104.6905,15.222]]]]}},{"type":"Feature","properties":{"province":"UbonRatchathani","district":"KutKhaoPun","hasc":"TH.UR.KK"},"geometry":{"type":"MultiPolygon","coordinates":[[[[105.1305,15.8373],[105.1662,15.797],[105.1642,15.7633],[105.101,15.7611],[105.0848,15.7419],[105.0151,15.7356],[104.9986,15.7205],[104.9523,15.7374],[104.9318,15.7577],[104.9367,15.7716],[104.9641,15.7935],[104.9657,15.8586],[104.9921,15.9096],[104.9743,15.9121],[104.9791,15.9352],[105.0089,15.9586],[105.0392,15.9135],[105.1305,15.8373]]]]}},{"type":"Feature","properties":{"province":"UbonRatchathani","district":"MuangSamsip","hasc":"TH.UR.MS"},"geometry":{"type":"MultiPolygon","coordinates":[[[[104.7113,15.4028],[104.7313,15.4647],[104.7283,15.4795],[104.7138,15.4899],[104.6435,15.474],[104.6421,15.4558],[104.6316,15.4609],[104.6344,15.4387],[104.5969,15.4063],[104.5604,15.4545],[104.5507,15.4546],[104.5872,15.511],[104.5731,15.5125],[104.5742,15.5305],[104.5624,15.5438],[104.5884,15.5657],[104.5795,15.6],[104.6166,15.6184],[104.6194,15.6395],[104.6403,15.6454],[104.6318,15.6615],[104.6142,15.6617],[104.6039,15.6707],[104.6261,15.6868],[104.687,15.6688],[104.6996,15.6561],[104.7164,15.6587],[104.7315,15.6459],[104.7446,15.6564],[104.7486,15.6406],[104.7898,15.6189],[104.7987,15.5931],[104.8056,15.5918],[104.8139,15.6042],[104.8261,15.5835],[104.8399,15.5898],[104.8389,15.5792],[104.8476,15.5817],[104.8503,15.5722],[104.8643,15.5778],[104.8791,15.5611],[104.8676,15.5595],[104.867,15.5474],[104.8735,15.5477],[104.8446,15.5136],[104.8619,15.4702],[104.8579,15.4547],[104.8434,15.4499],[104.8524,15.4306],[104.85,15.3941],[104.8417,15.3832],[104.814,15.4051],[104.7969,15.4089],[104.797,15.3795],[104.7522,15.3689],[104.7113,15.4028]]]]}},{"type":"Feature","properties":{"province":"UbonRatchathani","district":"MuangUbonRatchatani","hasc":"TH.UR.UR"},"geometry":{"type":"MultiPolygon","coordinates":[[[[104.7163,15.1812],[104.718,15.1921],[104.7043,15.1837],[104.7069,15.1978],[104.6828,15.2027],[104.6918,15.2046],[104.6846,15.2155],[104.6989,15.2198],[104.6842,15.2309],[104.6933,15.2451],[104.6953,15.2727],[104.7097,15.2826],[104.7134,15.3013],[104.6752,15.3321],[104.6869,15.3548],[104.6901,15.3901],[104.7096,15.4016],[104.7517,15.369],[104.797,15.3795],[104.792,15.4021],[104.8019,15.4086],[104.8383,15.3821],[104.8511,15.397],[104.8539,15.3842],[104.8979,15.3556],[104.919,15.3537],[104.928,15.3392],[104.9675,15.3428],[104.9941,15.3329],[105.0043,15.344],[105.0165,15.3438],[105.0108,15.317],[105.0273,15.2987],[105.0294,15.2721],[105.0047,15.2778],[104.9257,15.2239],[104.8941,15.2322],[104.8529,15.2207],[104.8325,15.2037],[104.796,15.2063],[104.8188,15.2243],[104.8092,15.2345],[104.7876,15.2392],[104.7335,15.1868],[104.7163,15.1812]]]]}},{"type":"Feature","properties":{"province":"UbonRatchathani","district":"NaChaluai","hasc":"TH.UR.NC"},"geometry":{"type":"MultiPolygon","coordinates":[[[[105.3271,14.3961],[105.3066,14.3643],[105.2895,14.3635],[105.2426,14.4164],[105.2147,14.416],[105.1946,14.4399],[105.1873,14.4302],[105.172,14.431],[105.1542,14.4505],[105.1407,14.5036],[105.1595,14.5272],[105.1481,14.5371],[105.1589,14.5601],[105.1542,14.5705],[105.1767,14.5946],[105.1711,14.5953],[105.1702,14.6165],[105.1502,14.6],[105.1355,14.5991],[105.1045,14.6191],[105.114,14.6633],[105.106,14.6991],[105.0938,14.7115],[105.0955,14.7382],[105.2057,14.7253],[105.2372,14.7378],[105.26,14.7292],[105.2545,14.7125],[105.2665,14.6761],[105.2987,14.638],[105.2985,14.62],[105.314,14.5945],[105.3231,14.5382],[105.3139,14.5229],[105.3273,14.4953],[105.3203,14.4763],[105.3278,14.4455],[105.3135,14.4308],[105.3262,14.4178],[105.3271,14.3961]]]]}},{"type":"Feature","properties":{"province":"UbonRatchathani","district":"NamYun","hasc":"TH.UR.NY"},"geometry":{"type":"MultiPolygon","coordinates":[[[[104.9941,14.3093],[104.9844,14.3193],[104.9915,14.3223],[105.0027,14.362],[104.9944,14.3797],[104.9725,14.3923],[104.958,14.3913],[104.9553,14.3813],[104.9418,14.3852],[104.9432,14.4037],[104.9276,14.4323],[104.9256,14.458],[104.9098,14.4676],[104.9181,14.4896],[104.9415,14.5022],[104.9481,14.5452],[104.9719,14.5645],[104.9697,14.5879],[104.9856,14.6214],[104.9805,14.6483],[104.9974,14.6674],[105.0174,14.6613],[105.035,14.6734],[105.0563,14.6455],[105.073,14.6481],[105.0865,14.6284],[105.1238,14.6027],[105.1491,14.5995],[105.1706,14.6162],[105.1761,14.5922],[105.1544,14.571],[105.1589,14.5601],[105.1483,14.5434],[105.1594,14.5269],[105.1407,14.503],[105.1472,14.4983],[105.1541,14.4507],[105.172,14.431],[105.1873,14.4302],[105.1946,14.4399],[105.2147,14.416],[105.2426,14.4164],[105.2865,14.3652],[105.2812,14.3519],[105.2508,14.3589],[105.2298,14.3316],[105.2001,14.3485],[105.1758,14.3455],[105.1672,14.3284],[105.1767,14.3147],[105.1608,14.301],[105.1603,14.2892],[105.1509,14.2835],[105.1533,14.269],[105.1439,14.2611],[105.1528,14.2518],[105.1074,14.2135],[105.0502,14.2149],[105.0462,14.2272],[105.0228,14.2413],[105.0266,14.2648],[105.0201,14.2639],[104.9941,14.3093]]]]}},{"type":"Feature","properties":{"province":"UbonRatchathani","district":"PhibunMangsahan","hasc":"TH.UR.PM"},"geometry":{"type":"MultiPolygon","coordinates":[[[[105.2272,14.9961],[105.1879,15.0281],[105.1478,15.0256],[105.0826,15.0473],[105.0773,15.0558],[105.0656,15.0523],[105.0743,15.0745],[105.0616,15.0804],[105.0756,15.0816],[105.075,15.096],[105.0593,15.0845],[105.0508,15.0924],[105.0434,15.0825],[105.0484,15.1006],[105.0579,15.1048],[105.0574,15.1175],[105.0676,15.1236],[105.0557,15.1225],[105.0405,15.1333],[105.0482,15.1459],[105.0594,15.1394],[105.0718,15.1469],[105.0503,15.1564],[105.0679,15.1852],[105.0888,15.1665],[105.1181,15.1623],[105.1444,15.1749],[105.1475,15.1838],[105.1541,15.1816],[105.1379,15.2059],[105.1434,15.2186],[105.1731,15.2387],[105.178,15.2522],[105.177,15.2881],[105.1665,15.2947],[105.1662,15.306],[105.1879,15.3125],[105.2072,15.3037],[105.2124,15.3268],[105.2549,15.3279],[105.2576,15.3719],[105.2786,15.3693],[105.305,15.383],[105.3581,15.3641],[105.3477,15.3388],[105.3561,15.3247],[105.367,15.3223],[105.3738,15.2942],[105.3394,15.2849],[105.292,15.2478],[105.2885,15.2375],[105.3061,15.2227],[105.293,15.203],[105.2963,15.1952],[105.2795,15.1809],[105.3035,15.1656],[105.328,15.1665],[105.3546,15.1505],[105.3457,15.1027],[105.3834,15.0977],[105.3911,15.0638],[105.359,14.969],[105.3413,14.957],[105.2807,14.9526],[105.2757,14.9714],[105.2636,14.9693],[105.2272,14.9961]]]]}},{"type":"Feature","properties":{"province":"UbonRatchathani","district":"PhoSi","hasc":"TH.UR.PS"},"geometry":{"type":"MultiPolygon","coordinates":[[[[105.3951,15.8027],[105.4215,15.7872],[105.4225,15.7715],[105.4382,15.7521],[105.4677,15.7431],[105.505,15.7646],[105.5332,15.7471],[105.5511,15.7471],[105.5443,15.7108],[105.5293,15.6897],[105.4985,15.6903],[105.4596,15.6749],[105.4475,15.6807],[105.4303,15.6464],[105.4165,15.6426],[105.4148,15.6325],[105.3858,15.6486],[105.3742,15.6697],[105.3493,15.6783],[105.3347,15.7059],[105.2868,15.691],[105.2723,15.7059],[105.2342,15.7224],[105.2265,15.7356],[105.2127,15.7403],[105.214,15.7499],[105.1709,15.7615],[105.163,15.8017],[105.2196,15.8409],[105.2549,15.8855],[105.2761,15.8951],[105.3135,15.8627],[105.3584,15.8693],[105.3863,15.8375],[105.3951,15.8027]]]]}},{"type":"Feature","properties":{"province":"UbonRatchathani","district":"Samrong","hasc":"TH.UR.SA"},"geometry":{"type":"MultiPolygon","coordinates":[[[[104.8298,14.8357],[104.8066,14.8945],[104.7425,14.9256],[104.7022,14.9337],[104.6868,14.9472],[104.6864,15.0026],[104.6719,15.031],[104.6878,15.0415],[104.6821,15.0471],[104.6903,15.0718],[104.7172,15.0567],[104.7741,15.0824],[104.8034,15.0794],[104.804,15.0602],[104.8661,15.0539],[104.8884,15.0405],[104.8643,14.9796],[104.9065,14.9394],[104.8499,14.8742],[104.8398,14.8416],[104.8298,14.8357]]]]}},{"type":"Feature","properties":{"province":"UbonRatchathani","district":"SiMuangMai","hasc":"TH.UR.MM"},"geometry":{"type":"MultiPolygon","coordinates":[[[[105.2775,15.3692],[105.2576,15.3719],[105.2348,15.401],[105.243,15.4335],[105.1953,15.4802],[105.205,15.5515],[105.2025,15.6135],[105.2105,15.6351],[105.232,15.6567],[105.2353,15.6789],[105.2637,15.6871],[105.2529,15.7118],[105.2879,15.6908],[105.3344,15.706],[105.3493,15.6783],[105.3742,15.6697],[105.3858,15.6486],[105.4148,15.6325],[105.4165,15.6426],[105.4303,15.6464],[105.4475,15.6807],[105.4596,15.6749],[105.4982,15.6903],[105.5295,15.6898],[105.5422,15.7041],[105.5517,15.7477],[105.603,15.7194],[105.6144,15.6887],[105.6338,15.6668],[105.6207,15.6647],[105.604,15.6444],[105.5546,15.6414],[105.5355,15.6257],[105.5211,15.6263],[105.503,15.6097],[105.5045,15.5736],[105.4927,15.5529],[105.4389,15.5324],[105.4221,15.535],[105.4186,15.4903],[105.3872,15.4794],[105.3833,15.4705],[105.4019,15.4445],[105.3904,15.3972],[105.4048,15.3785],[105.3787,15.3727],[105.373,15.3645],[105.3344,15.368],[105.3042,15.3831],[105.2775,15.3692]]]]}},{"type":"Feature","properties":{"province":"UbonRatchathani","district":"SiRinTon","hasc":"TH.UR.SI"},"geometry":{"type":"MultiPolygon","coordinates":[[[[105.6223,14.9746],[105.5863,14.9442],[105.5711,14.9526],[105.5553,14.9479],[105.5269,14.9556],[105.4657,14.918],[105.4326,14.9173],[105.4305,14.9102],[105.3866,14.9299],[105.3768,14.9272],[105.3761,14.9458],[105.3939,14.9556],[105.3842,14.9558],[105.3783,14.9689],[105.3633,14.9699],[105.3595,14.9778],[105.3911,15.0638],[105.385,15.0958],[105.3457,15.1027],[105.3544,15.1507],[105.328,15.1665],[105.3035,15.1656],[105.2802,15.1794],[105.2963,15.1952],[105.293,15.203],[105.3061,15.2227],[105.2885,15.2375],[105.292,15.2478],[105.3394,15.2849],[105.3973,15.3027],[105.4108,15.3003],[105.4453,15.2621],[105.4631,15.2678],[105.4715,15.294],[105.4968,15.3071],[105.5021,15.2924],[105.5156,15.2849],[105.5475,15.2811],[105.55,15.2517],[105.5337,15.2427],[105.5194,15.2182],[105.4775,15.1774],[105.4716,15.156],[105.4806,15.1469],[105.4698,15.1335],[105.467,15.113],[105.4746,15.0985],[105.5131,15.0844],[105.5164,15.061],[105.5543,15.059],[105.5494,15.0368],[105.5736,15.02],[105.5758,14.9969],[105.6119,14.988],[105.6223,14.9746]]]]}},{"type":"Feature","properties":{"province":"UbonRatchathani","district":"TanSum","hasc":"TH.UR.TS"},"geometry":{"type":"MultiPolygon","coordinates":[[[[105.1134,15.3067],[105.0713,15.3422],[105.0662,15.3536],[105.075,15.3662],[105.0623,15.3862],[105.046,15.3871],[105.0499,15.4028],[105.0617,15.4191],[105.1001,15.44],[105.1238,15.4699],[105.1466,15.4558],[105.1675,15.4844],[105.1931,15.4838],[105.2026,15.4664],[105.243,15.4335],[105.2333,15.4046],[105.2576,15.3719],[105.2564,15.3292],[105.2124,15.3268],[105.2072,15.3037],[105.1879,15.3125],[105.1344,15.3028],[105.1134,15.3067]]]]}},{"type":"Feature","properties":{"province":"UbonRatchathani","district":"ThungSiUdom","hasc":"TH.UR.TU"},"geometry":{"type":"MultiPolygon","coordinates":[[[[104.8919,14.6498],[104.8788,14.6697],[104.8779,14.6979],[104.851,14.7163],[104.8453,14.7338],[104.8233,14.751],[104.8202,14.773],[104.8409,14.7786],[104.8401,14.7905],[104.8608,14.8018],[104.8984,14.8051],[104.8975,14.8244],[104.96,14.8271],[104.9626,14.7751],[104.985,14.7814],[104.9817,14.7523],[105.0041,14.7509],[104.9958,14.7175],[104.9727,14.7181],[104.9886,14.6721],[104.9763,14.6621],[104.9597,14.6621],[104.952,14.648],[104.8919,14.6498]]]]}},{"type":"Feature","properties":{"province":"UbonRatchathani","district":"TrakanPhutphon","hasc":"TH.UR.TP"},"geometry":{"type":"MultiPolygon","coordinates":[[[[105.0614,15.4197],[105.0562,15.429],[105.0274,15.4298],[105.0362,15.4548],[105.0163,15.4839],[105.0045,15.4718],[104.9805,15.5012],[104.9641,15.501],[104.972,15.4861],[104.9576,15.4879],[104.9612,15.4985],[104.9464,15.5145],[104.9505,15.5065],[104.9399,15.5013],[104.9446,15.486],[104.9356,15.4904],[104.9365,15.5022],[104.923,15.5006],[104.9055,15.5186],[104.9026,15.5381],[104.8917,15.5355],[104.8881,15.5464],[104.8977,15.5618],[104.8875,15.5717],[104.9104,15.5947],[104.929,15.6012],[104.9261,15.6127],[104.9357,15.6361],[104.8971,15.6521],[104.8935,15.6873],[104.9089,15.7255],[104.9116,15.7616],[104.9363,15.7708],[104.932,15.7575],[104.9509,15.7384],[104.9986,15.7205],[105.0151,15.7356],[105.0848,15.7419],[105.101,15.7611],[105.1543,15.7606],[105.1684,15.7678],[105.1714,15.7612],[105.2142,15.7498],[105.2132,15.7397],[105.247,15.7194],[105.2611,15.6966],[105.2637,15.6871],[105.2351,15.6787],[105.232,15.6567],[105.2105,15.6351],[105.2027,15.614],[105.205,15.5515],[105.1953,15.4816],[105.1675,15.4844],[105.1466,15.4558],[105.1238,15.4699],[105.1001,15.44],[105.0614,15.4197]]]]}},{"type":"Feature","properties":{"province":"UbonRatchathani","district":"WarinChamrap","hasc":"TH.UR.WC"},"geometry":{"type":"MultiPolygon","coordinates":[[[[104.9219,14.9503],[104.9036,14.94],[104.8648,14.9784],[104.8888,15.0387],[104.8666,15.0537],[104.805,15.0598],[104.8042,15.0791],[104.7749,15.0825],[104.7164,15.0567],[104.7119,15.0645],[104.6884,15.0693],[104.6947,15.0817],[104.6792,15.0826],[104.691,15.0975],[104.6735,15.0936],[104.6818,15.1213],[104.7061,15.1288],[104.7387,15.1599],[104.7285,15.1687],[104.7028,15.1555],[104.7006,15.1691],[104.7407,15.1928],[104.7842,15.2379],[104.8001,15.238],[104.8184,15.2259],[104.8155,15.2163],[104.796,15.2063],[104.8222,15.2033],[104.8941,15.2322],[104.9224,15.2234],[104.9436,15.233],[104.9566,15.2055],[104.9762,15.2012],[104.9931,15.1808],[104.9899,15.1723],[105.002,15.144],[104.9955,15.1242],[105.006,15.0948],[104.9868,15.0783],[104.9707,15.0309],[104.9458,15.0253],[104.9219,14.9503]]]]}},{"type":"Feature","properties":{"province":"UdonThani","district":"BanDung","hasc":"TH.UN.BD"},"geometry":{"type":"MultiPolygon","coordinates":[[[[103.3797,17.5783],[103.3591,17.5879],[103.3394,17.574],[103.3431,17.5671],[103.3315,17.5473],[103.2912,17.5486],[103.2722,17.5279],[103.2559,17.5246],[103.2439,17.5326],[103.241,17.5271],[103.2283,17.5353],[103.2288,17.5771],[103.2193,17.5597],[103.2002,17.571],[103.1804,17.5709],[103.1403,17.6229],[103.1226,17.6197],[103.1076,17.6278],[103.114,17.6357],[103.0971,17.6426],[103.1075,17.6485],[103.0997,17.6618],[103.1228,17.694],[103.1167,17.7177],[103.1255,17.7258],[103.1199,17.7295],[103.1257,17.7471],[103.1348,17.7505],[103.1249,17.7741],[103.1134,17.7701],[103.1093,17.7793],[103.1231,17.7939],[103.1198,17.8011],[103.1277,17.8025],[103.1216,17.8159],[103.1308,17.8262],[103.1507,17.8018],[103.1674,17.8054],[103.1808,17.8563],[103.2419,17.8882],[103.2726,17.8472],[103.3065,17.8261],[103.3142,17.8406],[103.3043,17.8659],[103.3361,17.8825],[103.3501,17.8747],[103.3714,17.8797],[103.399,17.9023],[103.4156,17.8987],[103.42,17.8781],[103.4091,17.8765],[103.4102,17.8582],[103.3972,17.8536],[103.4012,17.8442],[103.4251,17.8395],[103.4153,17.8325],[103.4047,17.8408],[103.4027,17.8291],[103.3997,17.8409],[103.385,17.8393],[103.3927,17.8266],[103.3781,17.8113],[103.3848,17.8071],[103.377,17.8008],[103.3789,17.7908],[103.3699,17.7886],[103.3858,17.7521],[103.4032,17.7557],[103.4134,17.7269],[103.4041,17.7158],[103.4106,17.6658],[103.4013,17.649],[103.3997,17.6152],[103.4127,17.5939],[103.379,17.5906],[103.3797,17.5783]]]]}},{"type":"Feature","properties":{"province":"UdonThani","district":"BanPhu","hasc":"TH.UN.BP"},"geometry":{"type":"MultiPolygon","coordinates":[[[[102.6477,17.613],[102.6509,17.5909],[102.6695,17.5937],[102.697,17.6186],[102.7164,17.6032],[102.7344,17.6007],[102.7021,17.5791],[102.6897,17.5509],[102.6634,17.5238],[102.6145,17.5345],[102.594,17.5117],[102.5721,17.5235],[102.558,17.5198],[102.5441,17.5316],[102.5305,17.5303],[102.5176,17.5184],[102.5152,17.4997],[102.4965,17.4908],[102.4775,17.4967],[102.3876,17.4908],[102.4035,17.4574],[102.3877,17.4504],[102.37,17.4997],[102.3348,17.5504],[102.321,17.6488],[102.3216,17.8141],[102.2864,17.8421],[102.253,17.8892],[102.2549,17.9435],[102.284,17.989],[102.3118,17.9456],[102.359,17.9237],[102.3591,17.9152],[102.3701,17.9108],[102.3669,17.9048],[102.3918,17.893],[102.4029,17.873],[102.4022,17.8418],[102.4267,17.8186],[102.4437,17.818],[102.4308,17.7918],[102.4444,17.7815],[102.4422,17.7656],[102.4522,17.7692],[102.4553,17.7588],[102.47,17.751],[102.5354,17.7571],[102.5416,17.7405],[102.6163,17.6846],[102.5972,17.6702],[102.6045,17.6487],[102.5979,17.6206],[102.6477,17.613]]]]}},{"type":"Feature","properties":{"province":"UdonThani","district":"ChaiWan","hasc":"TH.UN.CW"},"geometry":{"type":"MultiPolygon","coordinates":[[[[103.2755,17.2734],[103.2853,17.265],[103.3098,17.2688],[103.3345,17.2606],[103.3562,17.2515],[103.3636,17.2343],[103.3795,17.2342],[103.4189,17.211],[103.4305,17.2187],[103.445,17.2103],[103.4133,17.1905],[103.4066,17.1737],[103.3917,17.1696],[103.3739,17.1501],[103.3296,17.1574],[103.316,17.1459],[103.2634,17.1537],[103.2813,17.1278],[103.2449,17.1083],[103.245,17.1214],[103.2269,17.1369],[103.2439,17.1452],[103.2292,17.1791],[103.1853,17.2114],[103.1738,17.2361],[103.1754,17.2604],[103.1913,17.2895],[103.1901,17.3202],[103.2075,17.3314],[103.2259,17.323],[103.2578,17.3239],[103.2535,17.3111],[103.2755,17.2734]]]]}},{"type":"Feature","properties":{"province":"UdonThani","district":"K.KuKaeo","hasc":"TH.UN.KK"},"geometry":{"type":"MultiPolygon","coordinates":[[[[103.169,17.1027],[103.1434,17.103],[103.133,17.1277],[103.1086,17.1503],[103.0853,17.2116],[103.0884,17.2265],[103.1181,17.2261],[103.1511,17.2103],[103.1646,17.2133],[103.1741,17.2356],[103.1853,17.2114],[103.2287,17.18],[103.2439,17.1452],[103.2269,17.1369],[103.245,17.1214],[103.2449,17.1083],[103.2189,17.0969],[103.195,17.1157],[103.1886,17.0974],[103.169,17.1027]]]]}},{"type":"Feature","properties":{"province":"UdonThani","district":"K.PrachakSilapakhom","hasc":"TH.UN.PS"},"geometry":{"type":"MultiPolygon","coordinates":[[[[103.0884,17.2265],[103.0857,17.2106],[103.0617,17.1968],[103.0597,17.2102],[103.0376,17.2242],[103.0232,17.2524],[103.0175,17.2303],[102.9962,17.2146],[102.9986,17.206],[102.9595,17.1943],[102.9198,17.2115],[102.9034,17.2434],[102.9123,17.2691],[102.9504,17.317],[102.966,17.2964],[102.9939,17.2857],[103.0173,17.2642],[103.0729,17.2723],[103.0884,17.2265]]]]}},{"type":"Feature","properties":{"province":"UdonThani","district":"Kumphawapi","hasc":"TH.UN.KU"},"geometry":{"type":"MultiPolygon","coordinates":[[[[103.1196,16.9593],[103.1138,16.9394],[103.1022,16.9324],[103.1001,16.9095],[103.0305,16.878],[103.0237,16.8939],[103.0295,16.9141],[103.0214,16.9251],[103.0399,16.9523],[103.0195,17.009],[102.9896,16.9992],[102.9036,16.9994],[102.8772,17.0002],[102.8553,17.0105],[102.8526,17.0304],[102.88,17.0534],[102.894,17.1166],[102.8794,17.1198],[102.8763,17.1465],[102.8863,17.1553],[102.8532,17.1671],[102.8438,17.2155],[102.8291,17.2402],[102.803,17.2443],[102.8093,17.2527],[102.8274,17.2623],[102.8526,17.2352],[102.8921,17.2106],[102.9595,17.1943],[102.9986,17.206],[102.9962,17.2146],[103.0175,17.2303],[103.0232,17.2524],[103.0376,17.2242],[103.0597,17.2102],[103.0617,17.1968],[103.0857,17.2106],[103.1086,17.1503],[103.133,17.1277],[103.1423,17.1041],[103.1573,17.0999],[103.1455,17.0806],[103.0528,17.0398],[103.0544,17.0207],[103.0709,17.0059],[103.0693,16.9878],[103.0866,16.9574],[103.1019,16.956],[103.1144,16.9645],[103.1196,16.9593]]]]}},{"type":"Feature","properties":{"province":"UdonThani","district":"KutChap","hasc":"TH.UN.KC"},"geometry":{"type":"MultiPolygon","coordinates":[[[[102.5647,17.3488],[102.5549,17.3439],[102.4906,17.3497],[102.4627,17.3418],[102.4528,17.3519],[102.439,17.3393],[102.3882,17.4471],[102.4035,17.4574],[102.3876,17.4908],[102.4775,17.4967],[102.4965,17.4908],[102.5152,17.4997],[102.5176,17.5184],[102.5305,17.5303],[102.5441,17.5316],[102.558,17.5198],[102.5721,17.5235],[102.594,17.5117],[102.6143,17.5345],[102.6583,17.5225],[102.6712,17.5288],[102.6992,17.4975],[102.7057,17.4702],[102.6746,17.4531],[102.6391,17.4513],[102.6158,17.4335],[102.6209,17.4174],[102.6159,17.3981],[102.597,17.3905],[102.5944,17.3647],[102.5647,17.3488]]]]}},{"type":"Feature","properties":{"province":"UdonThani","district":"MuangUdonThani","hasc":"TH.UN.UT"},"geometry":{"type":"MultiPolygon","coordinates":[[[[102.9341,17.2946],[102.9123,17.2691],[102.9034,17.2434],[102.9195,17.2119],[102.9361,17.2013],[102.8759,17.2193],[102.8269,17.2624],[102.8047,17.2475],[102.788,17.2143],[102.7652,17.223],[102.7161,17.222],[102.6708,17.2047],[102.6768,17.2292],[102.6635,17.2894],[102.635,17.3168],[102.6196,17.3189],[102.6205,17.3474],[102.596,17.3783],[102.597,17.3905],[102.6189,17.404],[102.6158,17.4335],[102.6391,17.4513],[102.6746,17.4531],[102.7064,17.4715],[102.6992,17.4975],[102.6712,17.5288],[102.6965,17.5714],[102.7288,17.5541],[102.7801,17.561],[102.792,17.5765],[102.8973,17.5577],[102.9075,17.5326],[102.9297,17.5109],[102.9166,17.4837],[102.9325,17.469],[102.9632,17.4695],[102.9492,17.4308],[102.9512,17.3965],[102.9333,17.3688],[102.9322,17.3368],[102.9504,17.317],[102.9341,17.2946]]]]}},{"type":"Feature","properties":{"province":"UdonThani","district":"NaYung","hasc":"TH.UN.NY"},"geometry":{"type":"MultiPolygon","coordinates":[[[[102.2559,17.946],[102.2529,17.8903],[102.2628,17.868],[102.248,17.878],[102.2187,17.8559],[102.1781,17.858],[102.1603,17.8503],[102.1475,17.8579],[102.1268,17.8443],[102.1344,17.8256],[102.1583,17.8112],[102.1649,17.7927],[102.1041,17.7855],[102.0854,17.7923],[102.0909,17.829],[102.0505,17.8485],[102.0529,17.8673],[102.0401,17.8825],[102.0278,17.9734],[102.0206,17.9804],[102.0291,17.9891],[102.0449,17.9871],[102.0412,18.02],[102.0585,18.0375],[102.058,18.0829],[102.0917,18.0539],[102.1091,18.0603],[102.1143,18.0476],[102.1089,18.0237],[102.1446,18.0329],[102.1414,18.0053],[102.1561,17.987],[102.1746,18.0156],[102.1883,18.0105],[102.2052,18.02],[102.2063,18.0065],[102.2348,18.0019],[102.2781,17.979],[102.2559,17.946]]]]}},{"type":"Feature","properties":{"province":"UdonThani","district":"NamSom","hasc":"TH.UN.NS"},"geometry":{"type":"MultiPolygon","coordinates":[[[[102.1439,17.6562],[102.1227,17.6314],[102.1066,17.645],[102.0868,17.6339],[102.0603,17.6557],[102.0387,17.6464],[102.0321,17.6557],[102.0405,17.6611],[102.0278,17.6775],[102.0186,17.7497],[102.031,17.7831],[102.0467,17.787],[102.0376,17.8036],[102.0487,17.8167],[102.0531,17.8461],[102.0896,17.8313],[102.0834,17.7946],[102.1043,17.7855],[102.1649,17.7927],[102.1583,17.8112],[102.1344,17.8256],[102.1268,17.8443],[102.1475,17.8579],[102.1603,17.8503],[102.1781,17.858],[102.2187,17.8559],[102.248,17.878],[102.2728,17.866],[102.2894,17.8387],[102.3217,17.8139],[102.3199,17.6767],[102.2811,17.6707],[102.2649,17.6583],[102.1862,17.6654],[102.1439,17.6562]]]]}},{"type":"Feature","properties":{"province":"UdonThani","district":"NonSa-at","hasc":"TH.UN.SA"},"geometry":{"type":"MultiPolygon","coordinates":[[[[102.9022,16.8519],[102.8849,16.8729],[102.8617,16.8817],[102.8426,16.8669],[102.8231,16.8643],[102.8109,16.913],[102.8218,16.936],[102.8061,16.9532],[102.827,16.9707],[102.8037,16.9846],[102.7897,17.0128],[102.752,17.0389],[102.7248,17.0463],[102.7113,17.0802],[102.7367,17.0985],[102.7669,17.0975],[102.7609,17.085],[102.7787,17.0802],[102.7913,17.058],[102.8224,17.0346],[102.8513,17.0318],[102.855,17.0107],[102.8772,17.0002],[102.9888,16.9992],[103.0117,17.0113],[103.0211,17.0073],[103.0399,16.9523],[103.0214,16.9251],[103.0295,16.9141],[103.0237,16.8939],[103.0303,16.876],[103.01,16.8643],[103.0011,16.8684],[102.9785,16.8456],[102.9542,16.8378],[102.9193,16.8332],[102.9022,16.8519]]]]}},{"type":"Feature","properties":{"province":"UdonThani","district":"NongHan","hasc":"TH.UN.NH"},"geometry":{"type":"MultiPolygon","coordinates":[[[[103.1765,17.2621],[103.1686,17.2184],[103.1509,17.2103],[103.1181,17.2261],[103.0884,17.2265],[103.0727,17.2724],[103.0183,17.2639],[102.9939,17.2857],[102.966,17.2964],[102.9302,17.3436],[102.9345,17.3738],[102.9513,17.3971],[102.9523,17.4393],[103.0134,17.4605],[103.0581,17.4577],[103.0927,17.4713],[103.0863,17.486],[103.0986,17.5046],[103.1489,17.5049],[103.1479,17.4903],[103.1639,17.4581],[103.1409,17.4293],[103.1546,17.4163],[103.1659,17.412],[103.1886,17.4313],[103.2012,17.4262],[103.2048,17.4128],[103.2299,17.4159],[103.2507,17.4066],[103.2787,17.4355],[103.2837,17.4142],[103.3045,17.3908],[103.275,17.3475],[103.2738,17.3306],[103.2259,17.323],[103.2073,17.3314],[103.1908,17.3208],[103.1908,17.2873],[103.1765,17.2621]]]]}},{"type":"Feature","properties":{"province":"UdonThani","district":"NongSaeng","hasc":"TH.UN.NO"},"geometry":{"type":"MultiPolygon","coordinates":[[[[102.7112,17.0807],[102.6965,17.1012],[102.6962,17.1356],[102.687,17.1418],[102.6918,17.1561],[102.6603,17.1495],[102.6417,17.1697],[102.666,17.2022],[102.7005,17.2183],[102.7652,17.223],[102.7833,17.2134],[102.803,17.2443],[102.8291,17.2402],[102.844,17.2151],[102.8531,17.1673],[102.8868,17.1542],[102.8763,17.1454],[102.8797,17.1192],[102.8938,17.1172],[102.8931,17.0942],[102.8861,17.0686],[102.8779,17.0658],[102.88,17.0534],[102.8526,17.0304],[102.8342,17.0324],[102.7913,17.058],[102.7783,17.0805],[102.7609,17.085],[102.7669,17.0975],[102.7367,17.0985],[102.7112,17.0807]]]]}},{"type":"Feature","properties":{"province":"UdonThani","district":"NongWuaSo","hasc":"TH.UN.NW"},"geometry":{"type":"MultiPolygon","coordinates":[[[[102.5231,17.0967],[102.5029,17.153],[102.4748,17.199],[102.5232,17.2074],[102.5749,17.2282],[102.5963,17.2641],[102.5101,17.2857],[102.4428,17.2785],[102.439,17.3393],[102.4528,17.3519],[102.4627,17.3418],[102.4913,17.3497],[102.5549,17.3439],[102.5916,17.3621],[102.596,17.3783],[102.6034,17.3765],[102.6037,17.364],[102.6211,17.3454],[102.6196,17.3189],[102.635,17.3168],[102.6563,17.2995],[102.6663,17.2801],[102.6747,17.2069],[102.6416,17.1635],[102.6609,17.1494],[102.691,17.1569],[102.687,17.1418],[102.6962,17.1356],[102.7013,17.0701],[102.6799,17.0431],[102.6816,17.0133],[102.6718,16.9913],[102.5749,17.041],[102.5465,17.064],[102.5231,17.0967]]]]}},{"type":"Feature","properties":{"province":"UdonThani","district":"Phen","hasc":"TH.UN.PH"},"geometry":{"type":"MultiPolygon","coordinates":[[[[102.9164,17.487],[102.9297,17.5109],[102.9075,17.5326],[102.8939,17.5603],[102.792,17.5765],[102.7801,17.561],[102.7288,17.5541],[102.6965,17.5714],[102.7298,17.5952],[102.7431,17.618],[102.7695,17.6186],[102.762,17.6398],[102.7765,17.6453],[102.7865,17.68],[102.8178,17.6841],[102.8352,17.6954],[102.8358,17.7124],[102.8529,17.7255],[102.8457,17.7407],[102.8573,17.7726],[102.8416,17.79],[102.8456,17.8021],[102.8293,17.8088],[102.8423,17.8073],[102.8389,17.818],[102.8544,17.8229],[102.8477,17.8326],[102.8717,17.8407],[102.8689,17.8515],[102.8782,17.8603],[102.8735,17.8836],[102.8876,17.8941],[102.901,17.8836],[102.9316,17.8881],[102.9467,17.8586],[102.9599,17.8491],[102.9627,17.8282],[102.9733,17.8168],[102.9725,17.7932],[102.956,17.7602],[102.9636,17.7442],[103.0025,17.7374],[103.0316,17.7102],[103.0871,17.6934],[103.1137,17.7071],[103.1228,17.694],[103.0997,17.6618],[103.1075,17.6485],[103.0971,17.6426],[103.1138,17.6361],[103.1074,17.6283],[103.1202,17.618],[103.1081,17.6118],[103.1113,17.6028],[103.0959,17.5781],[103.0826,17.581],[103.0677,17.5666],[103.0508,17.5671],[103.0166,17.5334],[103.0009,17.5326],[103.0064,17.5054],[102.9988,17.5094],[103.0015,17.5005],[102.9898,17.4983],[102.9952,17.4837],[102.9839,17.4832],[102.9766,17.4717],[102.9331,17.4688],[102.9164,17.487]]]]}},{"type":"Feature","properties":{"province":"UdonThani","district":"PhibunRak","hasc":"TH.UN.PR"},"geometry":{"type":"MultiPolygon","coordinates":[[[[102.9532,17.4405],[102.9632,17.4695],[102.9953,17.4838],[102.99,17.4989],[103.0015,17.5005],[102.9994,17.5099],[103.0066,17.5066],[103.0009,17.5326],[103.0166,17.5334],[103.0508,17.5671],[103.0677,17.5666],[103.0826,17.581],[103.0957,17.578],[103.1113,17.6028],[103.1081,17.6118],[103.1195,17.6207],[103.1399,17.6231],[103.1494,17.6141],[103.1714,17.578],[103.1556,17.5592],[103.1511,17.5042],[103.0992,17.5048],[103.0864,17.4863],[103.092,17.4707],[103.0488,17.4553],[103.0134,17.4605],[102.9532,17.4405]]]]}},{"type":"Feature","properties":{"province":"UdonThani","district":"SangKhom","hasc":"TH.UN.SK"},"geometry":{"type":"MultiPolygon","coordinates":[[[[103.1243,17.7236],[103.1167,17.7177],[103.1174,17.7052],[103.0856,17.6936],[103.0298,17.711],[102.9865,17.7444],[102.9712,17.7378],[102.9573,17.7554],[102.9725,17.7932],[102.973,17.8192],[103.0133,17.8606],[103.0158,17.8732],[103.0404,17.875],[103.0408,17.8908],[103.0612,17.8743],[103.0807,17.8811],[103.0964,17.8644],[103.102,17.8676],[103.1029,17.8544],[103.1161,17.8592],[103.119,17.8431],[103.1304,17.8409],[103.1291,17.8188],[103.1216,17.8159],[103.1279,17.8029],[103.1198,17.8011],[103.1231,17.7939],[103.1093,17.7793],[103.1134,17.7701],[103.1249,17.7741],[103.1347,17.7511],[103.1227,17.7404],[103.1243,17.7236]]]]}},{"type":"Feature","properties":{"province":"UdonThani","district":"SiThat","hasc":"TH.UN.ST"},"geometry":{"type":"MultiPolygon","coordinates":[[[[103.2125,16.9573],[103.2004,16.9469],[103.1845,16.9461],[103.1775,16.9539],[103.1617,16.9447],[103.1147,16.9645],[103.0873,16.957],[103.0694,16.9875],[103.0709,17.0059],[103.0544,17.0207],[103.0526,17.0395],[103.1448,17.0802],[103.163,17.1026],[103.1886,17.0974],[103.1939,17.1155],[103.2193,17.0969],[103.2678,17.1188],[103.2815,17.1287],[103.2636,17.1538],[103.316,17.1459],[103.3296,17.1574],[103.3751,17.1506],[103.3783,17.1371],[103.363,17.1303],[103.363,17.0989],[103.347,17.0657],[103.3485,17.0455],[103.3333,17.0441],[103.3282,17.0287],[103.3542,17.0218],[103.3408,16.9996],[103.3196,16.9876],[103.3305,16.9602],[103.3321,16.9233],[103.2891,16.9239],[103.2537,16.9596],[103.2309,16.9566],[103.2221,16.966],[103.2125,16.9573]]]]}},{"type":"Feature","properties":{"province":"UdonThani","district":"ThungFon","hasc":"TH.UN.TF"},"geometry":{"type":"MultiPolygon","coordinates":[[[[103.2007,17.4266],[103.1814,17.4301],[103.1659,17.412],[103.1409,17.429],[103.1639,17.4581],[103.1478,17.4908],[103.1622,17.5712],[103.1714,17.578],[103.2193,17.5597],[103.2284,17.5773],[103.2286,17.5347],[103.2566,17.5245],[103.2734,17.5286],[103.2901,17.5482],[103.3229,17.5467],[103.3196,17.5213],[103.289,17.4953],[103.2924,17.4657],[103.2726,17.4223],[103.2491,17.4066],[103.2299,17.4159],[103.2048,17.4128],[103.2007,17.4266]]]]}},{"type":"Feature","properties":{"province":"UdonThani","district":"WangSamMo","hasc":"TH.UN.WS"},"geometry":{"type":"MultiPolygon","coordinates":[[[[103.474,16.8842],[103.4723,16.8732],[103.4451,16.8452],[103.4481,16.8261],[103.4247,16.8012],[103.416,16.8036],[103.4125,16.8079],[103.4254,16.8209],[103.412,16.8484],[103.4025,16.8517],[103.4142,16.8621],[103.4068,16.8802],[103.3859,16.9025],[103.3737,16.9013],[103.3547,16.9189],[103.3321,16.9233],[103.3305,16.9602],[103.3195,16.9871],[103.3408,16.9996],[103.3542,17.0218],[103.3282,17.0287],[103.3333,17.0441],[103.3485,17.0455],[103.347,17.0657],[103.363,17.0989],[103.363,17.1303],[103.3793,17.1397],[103.3754,17.1519],[103.3917,17.1696],[103.4066,17.1737],[103.4133,17.1905],[103.4488,17.2157],[103.4536,17.2108],[103.4654,17.2161],[103.4724,17.2282],[103.4768,17.216],[103.5727,17.1558],[103.5934,17.1702],[103.6019,17.167],[103.6234,17.1465],[103.6399,17.1106],[103.6574,17.1139],[103.6696,17.1036],[103.6573,17.0747],[103.667,17.0536],[103.6646,17.0175],[103.6491,17.0217],[103.6542,17.0454],[103.6226,17.0908],[103.6091,17.0972],[103.5942,17.0926],[103.5806,17.0997],[103.5766,17.0898],[103.5506,17.0866],[103.539,17.0634],[103.5221,17.0567],[103.5099,17.0422],[103.5205,17.0318],[103.5218,16.9963],[103.4963,16.9679],[103.4887,16.9388],[103.4957,16.9255],[103.4933,16.9016],[103.474,16.8842]]]]}},{"type":"Feature","properties":{"province":"UthaiThani","district":"BanRai","hasc":"TH.UT.BR"},"geometry":{"type":"MultiPolygon","coordinates":[[[[99.5321,14.975],[99.4833,14.9886],[99.4408,14.9849],[99.4194,15.0292],[99.4199,15.0479],[99.3662,15.0477],[99.3375,15.0805],[99.3206,15.0798],[99.3203,15.0683],[99.3026,15.0544],[99.2969,15.0379],[99.3081,15.0241],[99.3023,15.0133],[99.2856,15.0057],[99.2854,14.9934],[99.2592,14.9866],[99.2337,15.0113],[99.2047,15.013],[99.1919,15.0257],[99.1831,15.0168],[99.1623,15.0148],[99.1362,15.0371],[99.1476,15.0461],[99.1431,15.0508],[99.12,15.0538],[99.1153,15.0444],[99.078,15.0378],[99.0694,15.0462],[99.0304,15.0481],[99.002,15.0717],[99.011,15.0865],[98.999,15.1053],[99.0073,15.1441],[98.9846,15.1806],[99.0033,15.1833],[99.0068,15.2379],[99.0198,15.2445],[99.0169,15.2629],[99.0388,15.2862],[99.0317,15.3352],[99.044,15.3441],[99.0462,15.3742],[99.0599,15.3939],[99.0697,15.3945],[99.069,15.4173],[99.0565,15.4423],[99.0798,15.496],[99.0573,15.5226],[99.0494,15.5549],[99.0952,15.5809],[99.0983,15.6103],[99.1144,15.6278],[99.1123,15.6663],[99.1395,15.7329],[99.1285,15.7651],[99.1363,15.7954],[99.1649,15.7884],[99.1659,15.7768],[99.1878,15.7819],[99.2041,15.7653],[99.2171,15.7648],[99.2087,15.7504],[99.2126,15.708],[99.2269,15.7012],[99.2196,15.6807],[99.2269,15.6504],[99.2488,15.6339],[99.2532,15.6171],[99.2484,15.5856],[99.2556,15.5654],[99.2488,15.5475],[99.2638,15.5051],[99.2591,15.4934],[99.3165,15.4908],[99.3309,15.4747],[99.3312,15.4521],[99.3406,15.4509],[99.3471,15.4379],[99.3435,15.3804],[99.3646,15.3621],[99.3742,15.321],[99.3946,15.3123],[99.4229,15.3201],[99.4413,15.3099],[99.4443,15.2931],[99.461,15.2733],[99.5345,15.3102],[99.5462,15.266],[99.5717,15.2405],[99.5889,15.2399],[99.6146,15.2222],[99.6381,15.2258],[99.6683,15.2455],[99.6811,15.2721],[99.732,15.3006],[99.7437,15.3208],[99.7791,15.3097],[99.7394,15.2918],[99.7207,15.2732],[99.7327,15.2445],[99.723,15.2346],[99.7254,15.2183],[99.7606,15.1738],[99.7489,15.163],[99.8067,15.0955],[99.7739,15.0546],[99.785,15.0412],[99.7791,15.0246],[99.7306,15.0008],[99.7239,14.9776],[99.6909,14.9739],[99.661,14.9875],[99.6329,14.9876],[99.6279,14.9774],[99.635,14.9385],[99.5886,14.945],[99.5654,14.9609],[99.5324,14.968],[99.5321,14.975]]]]}},{"type":"Feature","properties":{"province":"UthaiThani","district":"HuaiKhot","hasc":"TH.UT.HK"},"geometry":{"type":"MultiPolygon","coordinates":[[[[99.6557,15.238],[99.6381,15.2258],[99.6146,15.2222],[99.5889,15.2399],[99.5717,15.2405],[99.5462,15.266],[99.5345,15.3102],[99.461,15.2733],[99.4443,15.2931],[99.4413,15.3099],[99.4229,15.3201],[99.3946,15.3123],[99.376,15.3198],[99.3646,15.3621],[99.3435,15.3804],[99.3451,15.4411],[99.3916,15.4347],[99.4141,15.3943],[99.4729,15.3948],[99.466,15.3802],[99.4775,15.3673],[99.4955,15.3686],[99.5056,15.3503],[99.5257,15.3691],[99.5854,15.395],[99.6104,15.3596],[99.6128,15.3279],[99.653,15.3111],[99.6715,15.3155],[99.7037,15.2863],[99.6811,15.2721],[99.6683,15.2455],[99.6557,15.238]]]]}},{"type":"Feature","properties":{"province":"UthaiThani","district":"LanSak","hasc":"TH.UT.LS"},"geometry":{"type":"MultiPolygon","coordinates":[[[[99.6202,15.3258],[99.6128,15.3279],[99.6104,15.3596],[99.5854,15.395],[99.5257,15.3691],[99.5056,15.3503],[99.4955,15.3686],[99.4775,15.3673],[99.466,15.3802],[99.4729,15.3948],[99.4141,15.3943],[99.3916,15.4347],[99.3451,15.4411],[99.3312,15.4521],[99.3329,15.4709],[99.3187,15.4901],[99.2605,15.4915],[99.2638,15.5051],[99.2488,15.5475],[99.2556,15.5654],[99.2484,15.5856],[99.2532,15.6171],[99.2488,15.6339],[99.2269,15.6504],[99.2196,15.6807],[99.2269,15.7012],[99.2126,15.708],[99.2087,15.7504],[99.2171,15.7648],[99.2509,15.7191],[99.2773,15.7153],[99.2967,15.6922],[99.3315,15.6903],[99.3554,15.6793],[99.3717,15.6623],[99.3676,15.6517],[99.3793,15.6237],[99.4219,15.613],[99.4543,15.5811],[99.4655,15.5865],[99.4726,15.5628],[99.4956,15.5686],[99.5144,15.5616],[99.5646,15.5909],[99.5963,15.6281],[99.6441,15.651],[99.6563,15.6211],[99.6825,15.6218],[99.6845,15.6132],[99.6597,15.607],[99.66,15.6004],[99.6816,15.5925],[99.6733,15.5681],[99.6755,15.5317],[99.6668,15.5144],[99.6739,15.4985],[99.6688,15.482],[99.6869,15.4698],[99.6975,15.4483],[99.6881,15.4418],[99.69,15.4224],[99.6661,15.4177],[99.6575,15.4249],[99.6548,15.388],[99.6442,15.3646],[99.6471,15.3376],[99.6202,15.3258]]]]}},{"type":"Feature","properties":{"province":"UthaiThani","district":"MuangUthaiThani","hasc":"TH.UT.UT"},"geometry":{"type":"MultiPolygon","coordinates":[[[[100.0788,15.3118],[100.0789,15.2953],[100.0576,15.2738],[100.055,15.2868],[100.0347,15.3047],[100.0375,15.3304],[100.0216,15.3318],[100.0032,15.3519],[100.0083,15.3604],[99.9998,15.3765],[99.9295,15.3852],[99.9449,15.4031],[99.9373,15.4256],[99.9541,15.435],[99.9488,15.4491],[99.9585,15.4698],[99.9485,15.4775],[99.9507,15.5007],[99.9591,15.5055],[99.9995,15.4819],[100.0117,15.4907],[100.0087,15.5033],[100.0254,15.5066],[100.0335,15.4724],[100.0684,15.4557],[100.0562,15.424],[100.1033,15.4166],[100.0907,15.4115],[100.0882,15.4017],[100.106,15.374],[100.0819,15.3792],[100.0755,15.3726],[100.1011,15.3398],[100.0788,15.3118]]]]}},{"type":"Feature","properties":{"province":"UthaiThani","district":"NongChang","hasc":"TH.UT.NC"},"geometry":{"type":"MultiPolygon","coordinates":[[[[99.82,15.3139],[99.7888,15.317],[99.7791,15.3097],[99.7437,15.3208],[99.732,15.3006],[99.7037,15.2863],[99.6715,15.3155],[99.653,15.3111],[99.6269,15.323],[99.6258,15.3314],[99.6471,15.3376],[99.6442,15.3646],[99.6548,15.388],[99.6575,15.4249],[99.6661,15.4177],[99.6879,15.4214],[99.7178,15.4434],[99.7288,15.4404],[99.7307,15.4302],[99.7451,15.4292],[99.7443,15.4116],[99.8477,15.4426],[99.8885,15.4454],[99.8997,15.4196],[99.8941,15.4082],[99.9013,15.4016],[99.8844,15.3903],[99.8989,15.3636],[99.8827,15.3324],[99.8916,15.3021],[99.8791,15.2983],[99.82,15.3139]]]]}},{"type":"Feature","properties":{"province":"UthaiThani","district":"NongKhayang","hasc":"TH.UT.NK"},"geometry":{"type":"MultiPolygon","coordinates":[[[[99.9507,15.3777],[99.9716,15.3836],[99.9998,15.3765],[100.0083,15.3604],[100.0032,15.3519],[100.0216,15.3318],[100.0375,15.3304],[100.0347,15.3047],[100.0416,15.2945],[100.025,15.2895],[100.0057,15.3002],[99.966,15.2981],[99.9582,15.3041],[99.8826,15.287],[99.8791,15.2983],[99.8925,15.3041],[99.8832,15.3346],[99.899,15.3593],[99.8844,15.3903],[99.9013,15.4016],[99.8941,15.4082],[99.8997,15.4196],[99.8898,15.4307],[99.8901,15.4437],[99.9105,15.4459],[99.9253,15.4286],[99.9399,15.4282],[99.9365,15.4193],[99.9449,15.4031],[99.9295,15.3852],[99.9507,15.3777]]]]}},{"type":"Feature","properties":{"province":"UthaiThani","district":"SawangArom","hasc":"TH.UT.SA"},"geometry":{"type":"MultiPolygon","coordinates":[[[[99.8538,15.6195],[99.8662,15.6183],[99.8672,15.6546],[99.936,15.6725],[99.9426,15.6028],[99.8941,15.572],[99.8859,15.5591],[99.8877,15.5418],[99.8657,15.5571],[99.8642,15.5339],[99.8329,15.5203],[99.8088,15.5305],[99.748,15.5312],[99.7204,15.5393],[99.6755,15.5317],[99.6733,15.5681],[99.6816,15.5925],[99.66,15.6004],[99.6597,15.607],[99.6845,15.6132],[99.6832,15.6197],[99.6563,15.6211],[99.6421,15.6485],[99.6613,15.6691],[99.7338,15.6885],[99.7965,15.6424],[99.8538,15.6195]]]]}},{"type":"Feature","properties":{"province":"UthaiThani","district":"ThapThan","hasc":"TH.UT.TT"},"geometry":{"type":"MultiPolygon","coordinates":[[[[99.9364,15.4283],[99.9234,15.4298],[99.9105,15.4459],[99.9024,15.4403],[99.8787,15.4467],[99.7443,15.4116],[99.7451,15.4292],[99.7307,15.4302],[99.7288,15.4404],[99.7178,15.4434],[99.6908,15.4232],[99.6881,15.4418],[99.6977,15.4494],[99.6869,15.4698],[99.6688,15.482],[99.674,15.4963],[99.6672,15.5165],[99.6755,15.5317],[99.7204,15.5393],[99.748,15.5312],[99.8088,15.5305],[99.8352,15.5207],[99.8642,15.5339],[99.8657,15.5571],[99.8877,15.5418],[99.8859,15.5591],[99.8941,15.572],[99.9399,15.5999],[99.9485,15.4775],[99.9585,15.4698],[99.9488,15.4491],[99.9541,15.435],[99.9364,15.4283]]]]}},{"type":"Feature","properties":{"province":"Uttaradit","district":"BanKhok","hasc":"TH.UD.BK"},"geometry":{"type":"MultiPolygon","coordinates":[[[[101.0804,17.9226],[101.0293,17.8979],[100.9818,17.9156],[100.9494,17.9422],[100.9533,17.9568],[100.9685,17.9699],[100.9769,18.0242],[101.0066,18.0308],[101.0391,18.079],[101.0242,18.0944],[101.0141,18.1423],[100.9416,18.1917],[100.9165,18.1956],[100.9274,18.2104],[100.9145,18.2256],[100.9211,18.2418],[100.9537,18.2642],[100.9823,18.3043],[101.0009,18.302],[101.0076,18.3164],[101.0381,18.3324],[101.0598,18.3544],[101.077,18.3552],[101.0889,18.3785],[101.0966,18.3794],[101.1306,18.3652],[101.15,18.3455],[101.1836,18.3374],[101.1816,18.325],[101.151,18.2955],[101.161,18.2735],[101.146,18.2589],[101.1613,18.244],[101.1672,18.216],[101.182,18.2172],[101.193,18.2086],[101.1627,18.1216],[101.1741,18.0754],[101.186,18.0636],[101.163,18.0289],[101.1526,18.035],[101.1238,17.9982],[101.1193,17.95],[101.0804,17.9226]]]]}},{"type":"Feature","properties":{"province":"Uttaradit","district":"FakTha","hasc":"TH.UD.FT"},"geometry":{"type":"MultiPolygon","coordinates":[[[[100.812,17.8613],[100.7945,17.8636],[100.7882,17.8525],[100.7539,17.8717],[100.7353,17.9008],[100.7188,17.9071],[100.721,17.9305],[100.7779,18.0103],[100.7753,18.0268],[100.8029,18.0526],[100.8123,18.0757],[100.8519,18.0809],[100.8591,18.1018],[100.8769,18.1168],[100.8773,18.1402],[100.9153,18.1569],[100.9102,18.1925],[100.9395,18.1926],[101.0141,18.1423],[101.0242,18.0944],[101.0391,18.079],[101.0066,18.0308],[100.9769,18.0242],[100.9685,17.9699],[100.9485,17.944],[100.9818,17.9156],[101.0289,17.8957],[101.0204,17.8892],[101.0165,17.8687],[100.9823,17.8669],[100.9572,17.8778],[100.9605,17.8701],[100.9526,17.8648],[100.9451,17.8739],[100.9357,17.8707],[100.9173,17.8805],[100.9013,17.8674],[100.885,17.8714],[100.8761,17.8592],[100.8577,17.8711],[100.8372,17.8611],[100.812,17.8613]]]]}},{"type":"Feature","properties":{"province":"Uttaradit","district":"Laplae","hasc":"TH.UD.LA"},"geometry":{"type":"MultiPolygon","coordinates":[[[[100.0789,17.5849],[100.0678,17.5276],[100.0871,17.5087],[100.0235,17.4806],[100.0138,17.4791],[99.9418,17.5357],[99.9252,17.5843],[99.9761,17.6199],[99.9671,17.6305],[99.9785,17.6561],[99.9657,17.7093],[99.9215,17.7476],[99.9143,17.7625],[99.9275,17.7726],[99.924,17.7842],[99.9019,17.7955],[99.8984,17.8051],[99.9385,17.7811],[99.9591,17.7782],[99.965,17.7968],[99.9817,17.7982],[99.9948,17.8104],[99.9907,17.8332],[100.0012,17.8204],[100.0247,17.8218],[100.0395,17.806],[100.0644,17.7978],[100.0805,17.7737],[100.0952,17.7718],[100.1048,17.7543],[100.0883,17.7143],[100.0919,17.6803],[100.068,17.6765],[100.0757,17.6569],[100.0684,17.6245],[100.0795,17.6191],[100.0644,17.6073],[100.0789,17.5849]]]]}},{"type":"Feature","properties":{"province":"Uttaradit","district":"MuangUttaradit","hasc":"TH.UD.UT"},"geometry":{"type":"MultiPolygon","coordinates":[[[[100.085,17.5111],[100.0678,17.5276],[100.0789,17.5849],[100.0644,17.6073],[100.0795,17.6191],[100.0684,17.6245],[100.0757,17.6569],[100.068,17.6765],[100.0919,17.6803],[100.0883,17.7143],[100.1044,17.7565],[100.0939,17.7729],[100.0745,17.7787],[100.0644,17.7978],[100.0395,17.806],[100.0175,17.8258],[100.0012,17.8204],[99.9987,17.8291],[100.0062,17.8346],[100.047,17.8458],[100.0592,17.8318],[100.1202,17.8568],[100.1382,17.8563],[100.1529,17.8244],[100.1692,17.8328],[100.1937,17.8128],[100.21,17.8253],[100.2336,17.8019],[100.2831,17.78],[100.2845,17.7661],[100.3015,17.7442],[100.2931,17.7177],[100.3011,17.6992],[100.3363,17.7173],[100.3645,17.6832],[100.3967,17.6733],[100.3653,17.6211],[100.3536,17.6202],[100.3456,17.6311],[100.2997,17.6208],[100.2896,17.6049],[100.2676,17.5928],[100.2434,17.5908],[100.2094,17.5461],[100.1741,17.5499],[100.1279,17.5195],[100.085,17.5111]]]]}},{"type":"Feature","properties":{"province":"Uttaradit","district":"NamPat","hasc":"TH.UD.NP"},"geometry":{"type":"MultiPolygon","coordinates":[[[[100.6092,17.5272],[100.5564,17.498],[100.5393,17.4788],[100.5251,17.509],[100.5021,17.5089],[100.4926,17.538],[100.4461,17.5681],[100.4378,17.5835],[100.4421,17.6085],[100.4541,17.6087],[100.4574,17.6239],[100.4905,17.6513],[100.525,17.6696],[100.5395,17.6655],[100.5605,17.6771],[100.5498,17.7251],[100.5561,17.7379],[100.5613,17.7315],[100.5691,17.7369],[100.5726,17.722],[100.6492,17.8243],[100.6749,17.8177],[100.7188,17.9071],[100.7353,17.9008],[100.7539,17.8717],[100.7882,17.8525],[100.7945,17.8636],[100.8091,17.8573],[100.8179,17.8646],[100.8466,17.8637],[100.85,17.8705],[100.8681,17.8682],[100.8761,17.8592],[100.885,17.8714],[100.9013,17.8674],[100.9173,17.8805],[100.9539,17.8647],[100.9608,17.8709],[100.9572,17.8778],[100.9823,17.8669],[101.026,17.8713],[101.032,17.8325],[101.0002,17.8179],[100.9943,17.8029],[101.008,17.7834],[100.9794,17.7609],[100.9893,17.7375],[100.9678,17.7034],[100.9264,17.6944],[100.9108,17.6998],[100.9063,17.7134],[100.8764,17.7096],[100.8459,17.6532],[100.8039,17.6367],[100.7777,17.5987],[100.7758,17.5819],[100.7402,17.5395],[100.6978,17.5247],[100.6715,17.4993],[100.6475,17.4924],[100.6367,17.5262],[100.6092,17.5272]]]]}},{"type":"Feature","properties":{"province":"Uttaradit","district":"Phichai","hasc":"TH.UD.PH"},"geometry":{"type":"MultiPolygon","coordinates":[[[[100.1582,17.21],[100.1075,17.1976],[100.074,17.1791],[100.0385,17.1784],[100.0318,17.1625],[100.0073,17.1736],[100.0017,17.1847],[99.9919,17.1731],[99.9801,17.1723],[99.9746,17.1968],[99.9834,17.2133],[99.9602,17.2289],[99.9778,17.2432],[99.957,17.2397],[99.9668,17.2498],[99.9681,17.2791],[99.9752,17.2872],[99.9986,17.2903],[100.0158,17.3253],[100.002,17.3519],[100.0091,17.357],[100.0014,17.3669],[100.0106,17.3804],[99.9909,17.3994],[99.9973,17.4142],[100.0461,17.4229],[100.0501,17.4302],[100.0649,17.4187],[100.065,17.4426],[100.1002,17.428],[100.1259,17.4031],[100.146,17.4024],[100.1582,17.4186],[100.1842,17.4308],[100.2407,17.3872],[100.2561,17.4021],[100.2773,17.3927],[100.2868,17.3717],[100.2404,17.3429],[100.2389,17.3151],[100.2539,17.2419],[100.1882,17.1907],[100.1769,17.1889],[100.1582,17.21]]]]}},{"type":"Feature","properties":{"province":"Uttaradit","district":"ThaPla","hasc":"TH.UD.TP"},"geometry":{"type":"MultiPolygon","coordinates":[[[[100.3121,17.7046],[100.3011,17.6992],[100.2933,17.7161],[100.3015,17.7442],[100.2753,17.7864],[100.2543,17.7892],[100.21,17.8253],[100.1937,17.8128],[100.1692,17.8328],[100.1529,17.8244],[100.1378,17.8457],[100.1348,17.8575],[100.1618,17.8878],[100.2162,17.919],[100.2273,17.9473],[100.2483,17.9601],[100.2658,17.9513],[100.2815,17.9559],[100.2889,17.9352],[100.3086,17.9309],[100.3148,17.9076],[100.3278,17.89],[100.3376,17.889],[100.3612,17.9246],[100.3518,17.9816],[100.3939,18.0198],[100.4092,18.0228],[100.4245,18.0115],[100.4456,18.0238],[100.5276,18.0215],[100.5438,18.0148],[100.5505,18.0316],[100.6114,18.0482],[100.6566,18.0372],[100.67,18.0406],[100.6942,18.023],[100.727,18.0306],[100.7789,18.024],[100.7779,18.0103],[100.7233,17.9353],[100.7074,17.8738],[100.6815,17.8417],[100.6749,17.8177],[100.6492,17.8243],[100.5726,17.722],[100.5691,17.7369],[100.5613,17.7315],[100.5558,17.7374],[100.5498,17.7251],[100.563,17.6843],[100.5585,17.6753],[100.5395,17.6655],[100.525,17.6696],[100.4905,17.6513],[100.4574,17.6239],[100.4533,17.608],[100.4281,17.6037],[100.4212,17.621],[100.3796,17.6356],[100.3967,17.6733],[100.3645,17.6832],[100.3363,17.7173],[100.3121,17.7046]]]]}},{"type":"Feature","properties":{"province":"Uttaradit","district":"ThongSaenKhan","hasc":"TH.UD.TS"},"geometry":{"type":"MultiPolygon","coordinates":[[[[100.6459,17.4715],[100.6155,17.4637],[100.6048,17.4448],[100.6051,17.4261],[100.5919,17.418],[100.5321,17.4154],[100.5158,17.4023],[100.5026,17.4268],[100.4856,17.4164],[100.4285,17.4198],[100.423,17.4108],[100.369,17.387],[100.3309,17.385],[100.326,17.3673],[100.3055,17.3777],[100.2868,17.3717],[100.2773,17.3927],[100.2561,17.4021],[100.2433,17.4191],[100.2497,17.4727],[100.187,17.4811],[100.1712,17.5478],[100.2094,17.5461],[100.2456,17.5921],[100.2676,17.5928],[100.2896,17.6049],[100.2946,17.6182],[100.3241,17.6298],[100.3465,17.6311],[100.3536,17.6202],[100.3653,17.6211],[100.3791,17.6392],[100.4212,17.621],[100.4263,17.6041],[100.4421,17.6085],[100.4378,17.5835],[100.4461,17.5681],[100.4926,17.538],[100.5021,17.5089],[100.5251,17.509],[100.5388,17.4791],[100.5564,17.498],[100.6196,17.5296],[100.6436,17.5197],[100.6459,17.4715]]]]}},{"type":"Feature","properties":{"province":"Uttaradit","district":"Tron","hasc":"TH.UD.TR"},"geometry":{"type":"MultiPolygon","coordinates":[[[[100.2549,17.4008],[100.2407,17.3872],[100.1842,17.4308],[100.1582,17.4186],[100.146,17.4024],[100.1259,17.4031],[100.1002,17.428],[100.065,17.4426],[100.0649,17.4187],[100.0501,17.4302],[100.0461,17.4229],[100.0052,17.4173],[99.9979,17.4403],[100.0041,17.4575],[99.9896,17.4671],[99.9829,17.4854],[99.9278,17.5194],[99.9418,17.5357],[100.0159,17.4781],[100.074,17.5069],[100.0995,17.5095],[100.1101,17.5209],[100.1279,17.5195],[100.1712,17.5478],[100.187,17.4811],[100.2497,17.4727],[100.243,17.4204],[100.2549,17.4008]]]]}},{"type":"Feature","properties":{"province":"Yala","district":"BannangStar","hasc":"TH.YL.BS"},"geometry":{"type":"MultiPolygon","coordinates":[[[[101.2612,6.1835],[101.2638,6.2172],[101.2468,6.2146],[101.2452,6.2055],[101.197,6.2054],[101.1241,6.1816],[101.1188,6.1855],[101.1266,6.1953],[101.1152,6.2043],[101.1188,6.2122],[101.1053,6.2379],[101.1118,6.2489],[101.1016,6.256],[101.1138,6.2719],[101.1314,6.266],[101.1332,6.2761],[101.1565,6.2914],[101.1824,6.2842],[101.2267,6.3406],[101.2466,6.322],[101.2612,6.3237],[101.2673,6.308],[101.2988,6.2962],[101.2819,6.3193],[101.2918,6.3354],[101.2918,6.3468],[101.2852,6.345],[101.2924,6.3555],[101.267,6.3635],[101.2764,6.3765],[101.3255,6.3914],[101.3562,6.3754],[101.3565,6.3576],[101.373,6.351],[101.4,6.3177],[101.3938,6.3003],[101.4029,6.2704],[101.3957,6.2449],[101.4035,6.2385],[101.3962,6.2238],[101.3715,6.2083],[101.3939,6.1605],[101.373,6.1494],[101.341,6.1616],[101.324,6.1565],[101.3189,6.1447],[101.2957,6.1297],[101.2631,6.1299],[101.2728,6.1577],[101.2612,6.1835]]]]}},{"type":"Feature","properties":{"province":"Yala","district":"Batong","hasc":"TH.YL.BE"},"geometry":{"type":"MultiPolygon","coordinates":[[[[101.0958,5.6992],[101.0574,5.7473],[101.0301,5.7477],[101.016,5.7731],[100.9899,5.7913],[100.9861,5.8065],[101.0155,5.8354],[101.0061,5.8505],[101.0095,5.8736],[101.0291,5.9014],[101.0256,5.9128],[101.0362,5.9179],[101.052,5.9103],[101.0639,5.9192],[101.0865,5.9116],[101.0957,5.951],[101.1271,5.9783],[101.1103,5.9971],[101.1607,6.0149],[101.1851,5.997],[101.2102,5.9943],[101.2342,6.0073],[101.239,5.9974],[101.251,5.9988],[101.2657,5.9174],[101.2853,5.8946],[101.3047,5.9052],[101.3259,5.9366],[101.3312,5.9539],[101.3265,6.0102],[101.3492,6.0223],[101.37,6.0513],[101.3874,6.0468],[101.4049,6.0581],[101.478,6.0451],[101.4827,6.0125],[101.4732,5.9885],[101.4845,5.9777],[101.4865,5.9562],[101.4974,5.9484],[101.4905,5.9375],[101.4902,5.9016],[101.5007,5.8927],[101.485,5.878],[101.3915,5.8757],[101.3721,5.8382],[101.3466,5.8204],[101.3158,5.808],[101.2884,5.8218],[101.2751,5.8134],[101.25,5.762],[101.2598,5.7324],[101.2571,5.715],[101.2182,5.6878],[101.2058,5.6622],[101.1742,5.6504],[101.1391,5.6174],[101.1234,5.661],[101.0958,5.6992]]]]}},{"type":"Feature","properties":{"province":"Yala","district":"K.KrongPiNung","hasc":"TH.YL.KP"},"geometry":{"type":"MultiPolygon","coordinates":[[[[101.2855,6.3016],[101.2673,6.308],[101.2602,6.3244],[101.2461,6.3224],[101.2203,6.3531],[101.2114,6.353],[101.1977,6.4334],[101.2299,6.4881],[101.2554,6.4539],[101.2833,6.4786],[101.3034,6.4478],[101.3079,6.4194],[101.3242,6.3997],[101.3255,6.3914],[101.2764,6.3765],[101.2673,6.3645],[101.2928,6.3546],[101.282,6.3183],[101.3001,6.2979],[101.2855,6.3016]]]]}},{"type":"Feature","properties":{"province":"Yala","district":"KaBang","hasc":"TH.YL.KA"},"geometry":{"type":"MultiPolygon","coordinates":[[[[100.8519,6.2491],[100.8352,6.2889],[100.843,6.3068],[100.849,6.2887],[100.9096,6.3038],[100.9182,6.3186],[100.9292,6.3214],[100.9197,6.3541],[100.9269,6.3693],[100.917,6.3975],[100.9323,6.4437],[100.9486,6.4424],[100.9608,6.4513],[100.9772,6.4862],[101.0012,6.4824],[101.028,6.5026],[101.0443,6.4595],[101.0594,6.4594],[101.0731,6.4274],[101.0787,6.3488],[100.9789,6.3036],[100.9663,6.2733],[100.9402,6.2499],[100.9051,6.2453],[100.8793,6.262],[100.8644,6.2417],[100.8519,6.2491]]]]}},{"type":"Feature","properties":{"province":"Yala","district":"MuangYala","hasc":"TH.YL.YL"},"geometry":{"type":"MultiPolygon","coordinates":[[[[101.2806,6.4746],[101.2628,6.4553],[101.2508,6.4548],[101.2321,6.4887],[101.2223,6.4828],[101.1892,6.5093],[101.174,6.5082],[101.169,6.5399],[101.1488,6.5566],[101.1273,6.5551],[101.1098,6.5947],[101.0887,6.6138],[101.1102,6.6285],[101.1334,6.6092],[101.215,6.5957],[101.2401,6.6346],[101.276,6.6576],[101.2915,6.6822],[101.2975,6.6756],[101.2884,6.6749],[101.2896,6.6646],[101.3034,6.6214],[101.2926,6.615],[101.2975,6.5787],[101.3056,6.5679],[101.3187,6.5687],[101.3412,6.5544],[101.3164,6.4917],[101.3322,6.467],[101.3258,6.4507],[101.3037,6.4469],[101.2806,6.4746]]]]}},{"type":"Feature","properties":{"province":"Yala","district":"Raman","hasc":"TH.YL.RA"},"geometry":{"type":"MultiPolygon","coordinates":[[[[101.388,6.3366],[101.3565,6.3576],[101.3562,6.3754],[101.3296,6.3859],[101.3026,6.4329],[101.3037,6.4469],[101.325,6.4501],[101.3324,6.4609],[101.3164,6.4917],[101.3443,6.5619],[101.3903,6.5681],[101.4265,6.5951],[101.4526,6.5765],[101.4584,6.5975],[101.4765,6.5942],[101.5043,6.6047],[101.5199,6.5917],[101.5179,6.5767],[101.5357,6.556],[101.5655,6.5496],[101.5931,6.5654],[101.6089,6.5424],[101.5756,6.4994],[101.5332,6.4677],[101.5503,6.4552],[101.5499,6.4452],[101.5299,6.4442],[101.4639,6.4655],[101.4695,6.4253],[101.457,6.4316],[101.4243,6.4216],[101.4121,6.3965],[101.4197,6.3903],[101.4174,6.372],[101.3979,6.3585],[101.388,6.3366]]]]}},{"type":"Feature","properties":{"province":"Yala","district":"ThanTo","hasc":"TH.YL.TT"},"geometry":{"type":"MultiPolygon","coordinates":[[[[101.1092,5.9975],[101.1132,6.0351],[101.103,6.0564],[101.1321,6.1021],[101.1187,6.1137],[101.1063,6.1131],[101.1048,6.1239],[101.0897,6.1341],[101.0606,6.1404],[101.0609,6.1508],[101.0858,6.1786],[101.1266,6.1814],[101.197,6.2054],[101.2452,6.2055],[101.2468,6.2146],[101.2632,6.2171],[101.2579,6.1916],[101.2728,6.1555],[101.2623,6.1304],[101.2957,6.1297],[101.3189,6.1447],[101.324,6.1565],[101.341,6.1616],[101.373,6.1494],[101.3939,6.1605],[101.4113,6.1573],[101.4157,6.1429],[101.4267,6.142],[101.4353,6.1289],[101.4399,6.092],[101.4534,6.0782],[101.4686,6.0791],[101.4784,6.0531],[101.477,6.0444],[101.4049,6.0581],[101.3874,6.0468],[101.37,6.0513],[101.3492,6.0223],[101.3265,6.0102],[101.3312,5.9539],[101.3259,5.9366],[101.3047,5.9052],[101.2862,5.8948],[101.2657,5.9174],[101.251,5.9988],[101.239,5.9974],[101.2342,6.0073],[101.2102,5.9943],[101.1851,5.997],[101.1607,6.0149],[101.1092,5.9975]]]]}},{"type":"Feature","properties":{"province":"Yala","district":"Yaha","hasc":"TH.YL.YH"},"geometry":{"type":"MultiPolygon","coordinates":[[[[101.0998,6.2575],[101.0194,6.2537],[100.984,6.2873],[100.9695,6.2851],[100.9735,6.2986],[101.0052,6.3193],[101.0787,6.3488],[101.0731,6.4274],[101.0594,6.4594],[101.0443,6.4595],[101.028,6.5026],[101.0416,6.5412],[101.0698,6.5451],[101.0845,6.5699],[101.1123,6.5874],[101.1273,6.5551],[101.1488,6.5566],[101.169,6.5399],[101.1731,6.509],[101.1892,6.5093],[101.2218,6.4843],[101.2146,6.4546],[101.1977,6.4323],[101.2114,6.353],[101.2203,6.3531],[101.2267,6.3406],[101.1824,6.2842],[101.1565,6.2914],[101.1332,6.2761],[101.1314,6.266],[101.1146,6.2721],[101.0998,6.2575]]]]}},{"type":"Feature","properties":{"province":"Yasothon","district":"AmphoeMuangYasothon","hasc":"TH.YS.YA"},"geometry":{"type":"MultiPolygon","coordinates":[[[[104.1698,15.6742],[104.1447,15.7037],[104.1493,15.712],[104.1298,15.6949],[104.1199,15.7019],[104.1323,15.704],[104.1302,15.7225],[104.1436,15.7272],[104.1343,15.7405],[104.143,15.7517],[104.1344,15.7529],[104.1288,15.7676],[104.14,15.783],[104.1346,15.7989],[104.1137,15.805],[104.0766,15.8378],[104.0723,15.8257],[104.0818,15.8215],[104.0709,15.8128],[104.0369,15.7951],[104.0019,15.7956],[103.9994,15.8126],[104.0153,15.8154],[104.0094,15.8294],[104.0196,15.8293],[104.0144,15.8426],[104.0228,15.8376],[104.021,15.8464],[104.0295,15.8499],[104.0309,15.8581],[104.0217,15.8648],[104.0388,15.8662],[104.0263,15.8682],[104.0343,15.8731],[104.0173,15.8847],[104.0231,15.8896],[104.0171,15.8912],[104.0165,15.9091],[104.0257,15.9102],[104.0384,15.9377],[104.0291,15.9589],[104.0228,15.9494],[104.0143,15.9521],[104.0307,15.9819],[104.0638,15.9862],[104.0955,15.9754],[104.1192,15.9501],[104.1902,15.9432],[104.2088,15.9297],[104.214,15.9104],[104.2519,15.9316],[104.2699,15.9187],[104.2719,15.9053],[104.2911,15.9026],[104.3046,15.8863],[104.3397,15.9016],[104.3497,15.9177],[104.3716,15.9048],[104.3567,15.8793],[104.3642,15.8706],[104.3475,15.8462],[104.309,15.838],[104.2867,15.8184],[104.2849,15.7872],[104.2712,15.7614],[104.2471,15.7416],[104.243,15.7188],[104.1698,15.6742]]]]}},{"type":"Feature","properties":{"province":"Yasothon","district":"AmphoeSaiMun","hasc":"TH.YS.SM"},"geometry":{"type":"MultiPolygon","coordinates":[[[[104.3139,15.8868],[104.3046,15.8863],[104.2911,15.9026],[104.2719,15.9053],[104.2699,15.9187],[104.2519,15.9316],[104.214,15.9104],[104.2088,15.9297],[104.191,15.9429],[104.128,15.9481],[104.1069,15.9569],[104.0955,15.9754],[104.1091,15.9889],[104.1031,16.0028],[104.1158,16.0382],[104.1041,16.0482],[104.0978,16.0707],[104.1033,16.0929],[104.1735,16.0824],[104.157,16.0585],[104.1283,16.0464],[104.1368,16.0104],[104.1814,16.0135],[104.201,16.0485],[104.2192,16.0505],[104.2221,16.0279],[104.2396,16.0179],[104.2253,16.0035],[104.2732,15.9793],[104.3095,15.9363],[104.3241,15.9351],[104.3405,15.9214],[104.3352,15.9017],[104.3184,15.8964],[104.3139,15.8868]]]]}},{"type":"Feature","properties":{"province":"Yasothon","district":"KhamKhuanKaeo","hasc":"TH.YS.KK"},"geometry":{"type":"MultiPolygon","coordinates":[[[[104.5105,15.5739],[104.5124,15.5614],[104.4816,15.5353],[104.4162,15.5343],[104.4027,15.5438],[104.3862,15.5338],[104.2904,15.5936],[104.2239,15.5869],[104.2152,15.5911],[104.2174,15.5981],[104.206,15.5949],[104.2141,15.6154],[104.1877,15.608],[104.1841,15.6202],[104.1929,15.6301],[104.1713,15.6331],[104.1802,15.6384],[104.1739,15.6587],[104.1868,15.6559],[104.1891,15.6643],[104.1776,15.663],[104.1701,15.6725],[104.2408,15.7167],[104.2471,15.7416],[104.2712,15.7614],[104.2806,15.7595],[104.294,15.7712],[104.3054,15.7461],[104.3148,15.7419],[104.3363,15.7603],[104.3637,15.7379],[104.4021,15.7378],[104.404,15.7099],[104.414,15.6996],[104.4246,15.7],[104.4253,15.6938],[104.4432,15.6991],[104.439,15.6852],[104.4481,15.6697],[104.4388,15.6655],[104.4486,15.654],[104.4405,15.6472],[104.4499,15.6342],[104.4418,15.6167],[104.4665,15.6263],[104.4655,15.5863],[104.485,15.5834],[104.4914,15.5927],[104.494,15.5848],[104.5081,15.584],[104.5105,15.5739]]]]}},{"type":"Feature","properties":{"province":"Yasothon","district":"KhoWang","hasc":"TH.YS.KW"},"geometry":{"type":"MultiPolygon","coordinates":[[[[104.4063,15.2884],[104.3851,15.2927],[104.3769,15.3186],[104.3571,15.3426],[104.2986,15.3438],[104.2773,15.3638],[104.2484,15.3724],[104.2352,15.4014],[104.2815,15.4324],[104.2999,15.429],[104.3089,15.4386],[104.3364,15.4256],[104.3556,15.4314],[104.364,15.4581],[104.3751,15.4559],[104.3873,15.4432],[104.394,15.4058],[104.384,15.3998],[104.3849,15.3916],[104.4106,15.385],[104.4212,15.3614],[104.4183,15.3207],[104.4063,15.2884]]]]}},{"type":"Feature","properties":{"province":"Yasothon","district":"KutChum","hasc":"TH.YS.KC"},"geometry":{"type":"MultiPolygon","coordinates":[[[[104.3671,15.9075],[104.3497,15.9177],[104.3352,15.9017],[104.341,15.9206],[104.3361,15.9257],[104.3095,15.9363],[104.2732,15.9793],[104.2253,16.0035],[104.2396,16.0179],[104.2221,16.0279],[104.2175,16.0517],[104.201,16.0485],[104.1814,16.0135],[104.1378,16.0101],[104.1328,16.0164],[104.1283,16.0464],[104.157,16.0585],[104.1735,16.0824],[104.1095,16.0959],[104.1113,16.1049],[104.1207,16.1129],[104.1413,16.1085],[104.1763,16.1459],[104.1912,16.1451],[104.2085,16.1617],[104.2227,16.1585],[104.2617,16.2231],[104.2774,16.223],[104.295,16.1964],[104.2923,16.1515],[104.3172,16.1401],[104.3212,16.1479],[104.3332,16.1266],[104.3537,16.123],[104.3596,16.0903],[104.354,16.0859],[104.3727,16.075],[104.3781,16.0467],[104.3879,16.0465],[104.4097,16.0261],[104.4251,16.028],[104.4526,16.0128],[104.4549,15.9928],[104.4358,15.9854],[104.4156,15.9607],[104.4125,15.9273],[104.3813,15.9014],[104.3671,15.9075]]]]}},{"type":"Feature","properties":{"province":"Yasothon","district":"LoengNokTha","hasc":"TH.YS.LN"},"geometry":{"type":"MultiPolygon","coordinates":[[[[104.6029,16.1051],[104.5637,16.0965],[104.5377,16.0542],[104.5332,16.0813],[104.5082,16.0748],[104.4642,16.0937],[104.4731,16.1266],[104.4518,16.1319],[104.4478,16.1726],[104.42,16.2071],[104.4004,16.2147],[104.3792,16.2037],[104.3907,16.1355],[104.3735,16.1327],[104.3452,16.1474],[104.3192,16.148],[104.3172,16.1401],[104.2923,16.1515],[104.295,16.1964],[104.2774,16.223],[104.3007,16.2383],[104.3,16.2515],[104.3346,16.2715],[104.3533,16.3232],[104.3721,16.3407],[104.4001,16.3477],[104.5027,16.3405],[104.5131,16.315],[104.5534,16.3097],[104.5796,16.2449],[104.5878,16.2365],[104.6019,16.2381],[104.6158,16.2146],[104.6304,16.2089],[104.6458,16.2133],[104.6607,16.2235],[104.6688,16.2418],[104.674,16.2291],[104.6932,16.224],[104.7058,16.2057],[104.7646,16.198],[104.7817,16.1817],[104.7933,16.1547],[104.8079,16.16],[104.8266,16.1537],[104.8139,16.0931],[104.7871,16.1084],[104.7652,16.0966],[104.7434,16.0972],[104.6654,16.1207],[104.6265,16.1215],[104.6029,16.1051]]]]}},{"type":"Feature","properties":{"province":"Yasothon","district":"MahaChanaChai","hasc":"TH.YS.MC"},"geometry":{"type":"MultiPolygon","coordinates":[[[[104.3089,15.4386],[104.2999,15.429],[104.2809,15.4321],[104.2352,15.4014],[104.2334,15.414],[104.1838,15.477],[104.138,15.5067],[104.1399,15.5345],[104.1239,15.5754],[104.1641,15.6017],[104.2115,15.6075],[104.206,15.5949],[104.2174,15.5981],[104.2214,15.5877],[104.2904,15.5936],[104.3862,15.5338],[104.3989,15.5405],[104.386,15.5015],[104.391,15.4886],[104.3751,15.4559],[104.364,15.4581],[104.3572,15.4323],[104.3364,15.4256],[104.3089,15.4386]]]]}},{"type":"Feature","properties":{"province":"Yasothon","district":"PaTiu","hasc":"TH.YS.PT"},"geometry":{"type":"MultiPolygon","coordinates":[[[[104.3941,15.7392],[104.3637,15.7379],[104.3363,15.7603],[104.32,15.7424],[104.3097,15.7423],[104.2934,15.7714],[104.2806,15.7595],[104.2712,15.7619],[104.2864,15.7911],[104.2901,15.823],[104.309,15.838],[104.3475,15.8462],[104.3642,15.8706],[104.3567,15.8793],[104.3701,15.9067],[104.3803,15.9011],[104.3988,15.9133],[104.4136,15.9291],[104.4187,15.9662],[104.4425,15.9905],[104.4549,15.9928],[104.459,15.9823],[104.4731,15.9828],[104.4858,15.9711],[104.5025,15.976],[104.5062,15.9499],[104.471,15.9164],[104.4695,15.9011],[104.4563,15.8995],[104.4591,15.8736],[104.4502,15.866],[104.4627,15.842],[104.4374,15.8118],[104.4423,15.8046],[104.4278,15.7704],[104.4362,15.7522],[104.4211,15.7443],[104.4333,15.7365],[104.4265,15.7072],[104.4146,15.6994],[104.408,15.7033],[104.4049,15.7337],[104.3941,15.7392]]]]}},{"type":"Feature","properties":{"province":"Yasothon","district":"ThaiCharoen","hasc":"TH.YS.TC"},"geometry":{"type":"MultiPolygon","coordinates":[[[[104.5327,16.0028],[104.5217,15.9831],[104.4858,15.9711],[104.4731,15.9828],[104.4587,15.9826],[104.4484,16.0171],[104.424,16.0282],[104.4097,16.0261],[104.3879,16.0465],[104.3781,16.0467],[104.3727,16.075],[104.354,16.0859],[104.3596,16.0903],[104.3541,16.1222],[104.3332,16.1266],[104.3235,16.1375],[104.3247,16.144],[104.3431,16.1476],[104.3692,16.1336],[104.3902,16.1348],[104.3889,16.1677],[104.378,16.1904],[104.3851,16.2109],[104.4073,16.2125],[104.4411,16.1873],[104.4492,16.1364],[104.4731,16.1266],[104.4642,16.0937],[104.5082,16.0748],[104.5339,16.0805],[104.538,16.0478],[104.5182,16.024],[104.5327,16.0028]]]]}}]}